leg,site,hole,core,section,top interval depth(cm),bottom interval depth (cm),coredepth(m),sample depth(m),total number of observed fossils,investigators name,publication date (month/year),dsdp initial report volume number,fossil group,group abundance,chemical overgrowth,chemical dissolution,mechanical preservations,age,page number reference,fossil code,fossil,fossil abundance,fossil preservation,record join code,eodp_id,sample
57,438,,1,2,115.0,116.0,0.00,2.66, 6,"SHAFFER,B.L.",11/1980,57,NANNOFOSSILS,RARE,,,MODERATE,NO AGE GIVEN,880,NCOCO0300,Coccolithus pelagicus,RARE,  ,1,c21caf012b5a60c793eecf03d9fe7f4c,57-438-1-2
57,438,,1,2,115.0,116.0,0.00,2.66, 6,"SHAFFER,B.L.",11/1980,57,NANNOFOSSILS,RARE,,,MODERATE,NO AGE GIVEN,880,NCREN0020,Crenalithus productellus,RARE,  ,1,ca145686eab10d0e0ce3c7692e04b396,57-438-1-2
57,438,,1,2,115.0,116.0,0.00,2.66, 6,"SHAFFER,B.L.",11/1980,57,NANNOFOSSILS,RARE,,,MODERATE,NO AGE GIVEN,880,NCYCO0080,Cyclococcolithina leptopora,RARE,  ,1,227d0b4871d38e8119a556122425519a,57-438-1-2
57,438,,1,2,115.0,116.0,0.00,2.66, 6,"SHAFFER,B.L.",11/1980,57,NANNOFOSSILS,RARE,,,MODERATE,NO AGE GIVEN,880,NEMIL0020,Emiliania huxleyi,RARE,  ,1,7d49aaf649779d934f5fb604f2b43487,57-438-1-2
57,438,,1,2,115.0,116.0,0.00,2.66, 6,"SHAFFER,B.L.",11/1980,57,NANNOFOSSILS,RARE,,,MODERATE,NO AGE GIVEN,880,NGEPH0020,Gephyrocapsa caribbeanica,RARE,  ,1,d83f391e5de17afc9512628b78aaae86,57-438-1-2
57,438,,1,2,115.0,116.0,0.00,2.66, 6,"SHAFFER,B.L.",11/1980,57,NANNOFOSSILS,RARE,,,MODERATE,NO AGE GIVEN,880,NGEPH0060,Gephyrocapsa oceanica,RARE,  ,1,a0edc32bad0d5075efef386989e73736,57-438-1-2
57,438,,1,4,13.0,14.0,0.00,4.63, 7,"SCHAFFER,B.L.",11/1980,57,NANNOFOSSILS,RARE,,,MODERATE,NO AGE GIVEN,880,NCOCO0300,Coccolithus pelagicus,RARE,  ,1,a196dac3f7aba8f3879368be4fd39469,57-438-1-4
57,438,,1,4,13.0,14.0,0.00,4.63, 7,"SCHAFFER,B.L.",11/1980,57,NANNOFOSSILS,RARE,,,MODERATE,NO AGE GIVEN,880,NCREN0020,Crenalithus productellus,RARE,  ,1,3b7144f6bb1b9bb409ad09d5355e4cf2,57-438-1-4
57,438,,1,4,13.0,14.0,0.00,4.63, 7,"SCHAFFER,B.L.",11/1980,57,NANNOFOSSILS,RARE,,,MODERATE,NO AGE GIVEN,880,NCYCO0080,Cyclococcolithina leptopora,RARE,  ,1,635a720cb88a6b393594d986ee26f76a,57-438-1-4
57,438,,1,4,13.0,14.0,0.00,4.63, 7,"SCHAFFER,B.L.",11/1980,57,NANNOFOSSILS,RARE,,,MODERATE,NO AGE GIVEN,880,NEMIL0020,Emiliania huxleyi,RARE,  ,1,ed644c840d3cac0ed6bd23ff6770b3bc,57-438-1-4
57,438,,1,4,13.0,14.0,0.00,4.63, 7,"SCHAFFER,B.L.",11/1980,57,NANNOFOSSILS,RARE,,,MODERATE,NO AGE GIVEN,880,NGEPH0020,Gephyrocapsa caribbeanica,RARE,  ,1,9e0c49f0152bf040cd24beb44d178305,57-438-1-4
57,438,,1,4,13.0,14.0,0.00,4.63, 7,"SCHAFFER,B.L.",11/1980,57,NANNOFOSSILS,RARE,,,MODERATE,NO AGE GIVEN,880,NGEPH0060,Gephyrocapsa oceanica,RARE,  ,1,a639587682b79820e90d98472b19615f,57-438-1-4
57,438,,1,4,13.0,14.0,0.00,4.63, 7,"SCHAFFER,B.L.",11/1980,57,NANNOFOSSILS,RARE,,,MODERATE,NO AGE GIVEN,880,NHELI0100,Helicopontosphaera kamptneri,RARE,  ,1,9aa9885c81ee0594666f9128086b4aa0,57-438-1-4
57,438,,2,2,79.0,80.0,5.00,7.30, 6,"SCHAFFER,B.L.",11/1980,57,NANNOFOSSILS,FEW,,,POOL,NO AGE GIVEN,880,NCOCO0300,Coccolithus pelagicus,FEW,  ,1,19f6253adaeaee0faf6364a5df812fab,57-438-2-2
57,438,,2,2,79.0,80.0,5.00,7.30, 6,"SCHAFFER,B.L.",11/1980,57,NANNOFOSSILS,FEW,,,POOL,NO AGE GIVEN,880,NCREN0010,Crenalithus doronicoides,RARE,  ,1,310dc14a00d8e4ee824d4881bc104eaf,57-438-2-2
57,438,,2,2,79.0,80.0,5.00,7.30, 6,"SCHAFFER,B.L.",11/1980,57,NANNOFOSSILS,FEW,,,POOL,NO AGE GIVEN,880,NCREN0020,Crenalithus productellus,RARE,  ,1,e436bdea9a45e485604f712d8a4e71c3,57-438-2-2
57,438,,2,2,79.0,80.0,5.00,7.30, 6,"SCHAFFER,B.L.",11/1980,57,NANNOFOSSILS,FEW,,,POOL,NO AGE GIVEN,880,NCYCO0080,Cyclococcolithina leptopora,RARE,  ,1,64e4e0dbbbce65f52ac7b068307f54a4,57-438-2-2
57,438,,2,2,79.0,80.0,5.00,7.30, 6,"SCHAFFER,B.L.",11/1980,57,NANNOFOSSILS,FEW,,,POOL,NO AGE GIVEN,880,NGEPH0020,Gephyrocapsa caribbeanica,RARE,  ,1,6ff2b4bb0b43c9993ae99cd07829250d,57-438-2-2
57,438,,2,2,79.0,80.0,5.00,7.30, 6,"SCHAFFER,B.L.",11/1980,57,NANNOFOSSILS,FEW,,,POOL,NO AGE GIVEN,880,NGEPH0060,Gephyrocapsa oceanica,RARE,  ,1,439b71549447544d544b19501e10e08f,57-438-2-2
57,438,,2,4,83.0,84.0,5.00,10.34, 4,"SCHAFFER,B.L.",11/1980,57,NANNOFOSSILS,RARE,,,POOL,NO AGE GIVEN,880,NCERO0050,Ceratolithus cristatus,RARE,  ,1,b348d9af0833a6a49c4381c1429e90c9,57-438-2-4
57,438,,2,4,83.0,84.0,5.00,10.34, 4,"SCHAFFER,B.L.",11/1980,57,NANNOFOSSILS,RARE,,,POOL,NO AGE GIVEN,880,NCOCO0300,Coccolithus pelagicus,RARE,  ,1,f8f45705356172ea61c4e61a7f575467,57-438-2-4
57,438,,2,4,83.0,84.0,5.00,10.34, 4,"SCHAFFER,B.L.",11/1980,57,NANNOFOSSILS,RARE,,,POOL,NO AGE GIVEN,880,NGEPH0020,Gephyrocapsa caribbeanica,RARE,  ,1,f6d7c94245e07342113eba9b0dd83207,57-438-2-4
57,438,,2,4,83.0,84.0,5.00,10.34, 4,"SCHAFFER,B.L.",11/1980,57,NANNOFOSSILS,RARE,,,POOL,NO AGE GIVEN,880,NGEPH0060,Gephyrocapsa oceanica,RARE,  ,1,6e74a49c4b68984a4396207f13c3ff44,57-438-2-4
57,438,,2,CC,0.0,0.0,5.00,14.32, 9,"SCHAFFER,B.L.",11/1980,57,NANNOFOSSILS,COMMON,,,MODERATE,NO AGE GIVEN,880,NCOCO0300,Coccolithus pelagicus,COMMON,  ,1,e1aef2629b6b3470321d8a746172bb1f,57-438-2-CC
57,438,,2,CC,0.0,0.0,5.00,14.32, 9,"SCHAFFER,B.L.",11/1980,57,NANNOFOSSILS,COMMON,,,MODERATE,NO AGE GIVEN,880,NCREN0020,Crenalithus productellus,FEW,  ,1,4e981472576c3777eef05c35c8afd106,57-438-2-CC
57,438,,2,CC,0.0,0.0,5.00,14.32, 9,"SCHAFFER,B.L.",11/1980,57,NANNOFOSSILS,COMMON,,,MODERATE,NO AGE GIVEN,880,NCYCO0080,Cyclococcolithina leptopora,RARE,  ,1,93a64c3431aafdb8b72f718415fcfbc3,57-438-2-CC
57,438,,2,CC,0.0,0.0,5.00,14.32, 9,"SCHAFFER,B.L.",11/1980,57,NANNOFOSSILS,COMMON,,,MODERATE,NO AGE GIVEN,880,NDISL0070,Discolithina japonica,RARE,  ,1,ead78008c4fe8abe45f77d6c84aa6ac4,57-438-2-CC
57,438,,2,CC,0.0,0.0,5.00,14.32, 9,"SCHAFFER,B.L.",11/1980,57,NANNOFOSSILS,COMMON,,,MODERATE,NO AGE GIVEN,880,NGEPH0020,Gephyrocapsa caribbeanica,COMMON,  ,1,d31aaccbae69ee483de754b79b5f27b5,57-438-2-CC
57,438,,2,CC,0.0,0.0,5.00,14.32, 9,"SCHAFFER,B.L.",11/1980,57,NANNOFOSSILS,COMMON,,,MODERATE,NO AGE GIVEN,880,NGEPH0060,Gephyrocapsa oceanica,COMMON,  ,1,590d3518ee01974421be2a1abad5c004,57-438-2-CC
57,438,,2,CC,0.0,0.0,5.00,14.32, 9,"SCHAFFER,B.L.",11/1980,57,NANNOFOSSILS,COMMON,,,MODERATE,NO AGE GIVEN,880,NHELI0100,Helicopontosphaera kamptneri,RARE,  ,1,ebea7ff11a0a99ac695d48121b7a1d68,57-438-2-CC
57,438,,2,CC,0.0,0.0,5.00,14.32, 9,"SCHAFFER,B.L.",11/1980,57,NANNOFOSSILS,COMMON,,,MODERATE,NO AGE GIVEN,880,NPSEU0010,Pseudoemiliania lacunosa,RARE,  ,1,551f430984c75e8d9941d8c6a196f454,57-438-2-CC
57,438,,2,CC,0.0,0.0,5.00,14.32, 9,"SCHAFFER,B.L.",11/1980,57,NANNOFOSSILS,COMMON,,,MODERATE,NO AGE GIVEN,880,NRHAO0010,Rhabdosphaera clavigera,RARE,  ,1,5f2eae5797d8cd18c66ae3a8b6545605,57-438-2-CC
57,438,,3,2,34.0,35.0,14.50,16.35,10,"SCHAFFER,B.L.",11/1980,57,NANNOFOSSILS,COMMON,,,GOOD,NO AGE GIVEN,880,NCERO0050,Ceratolithus cristatus,RARE,  ,1,9ab875265f4aeb675914e16665e612e9,57-438-3-2
57,438,,3,2,34.0,35.0,14.50,16.35,10,"SCHAFFER,B.L.",11/1980,57,NANNOFOSSILS,COMMON,,,GOOD,NO AGE GIVEN,880,NCOCO0300,Coccolithus pelagicus,COMMON,  ,1,a919a798e52dacaa79acaa3a79f970d4,57-438-3-2
57,438,,3,2,34.0,35.0,14.50,16.35,10,"SCHAFFER,B.L.",11/1980,57,NANNOFOSSILS,COMMON,,,GOOD,NO AGE GIVEN,880,NCREN0020,Crenalithus productellus,FEW,  ,1,968787f9e037d9db8cb2d7e8676aa709,57-438-3-2
57,438,,3,2,34.0,35.0,14.50,16.35,10,"SCHAFFER,B.L.",11/1980,57,NANNOFOSSILS,COMMON,,,GOOD,NO AGE GIVEN,880,NCYCO0080,Cyclococcolithina leptopora,RARE,  ,1,8a9c5d24904d3b992b9b7d64032909bf,57-438-3-2
57,438,,3,2,34.0,35.0,14.50,16.35,10,"SCHAFFER,B.L.",11/1980,57,NANNOFOSSILS,COMMON,,,GOOD,NO AGE GIVEN,880,NGEPH0020,Gephyrocapsa caribbeanica,COMMON,  ,1,df08945249636fe9c9c23ec98a572c33,57-438-3-2
57,438,,3,2,34.0,35.0,14.50,16.35,10,"SCHAFFER,B.L.",11/1980,57,NANNOFOSSILS,COMMON,,,GOOD,NO AGE GIVEN,880,NGEPH0060,Gephyrocapsa oceanica,COMMON,  ,1,d016ea86b83c55980470e79778ae5fe0,57-438-3-2
57,438,,3,2,34.0,35.0,14.50,16.35,10,"SCHAFFER,B.L.",11/1980,57,NANNOFOSSILS,COMMON,,,GOOD,NO AGE GIVEN,880,NGEPH0100,Gephyrocapsa sp.,RARE,  ,1,9c0aa9809274c2aed3b1c1849b58582f,57-438-3-2
57,438,,3,2,34.0,35.0,14.50,16.35,10,"SCHAFFER,B.L.",11/1980,57,NANNOFOSSILS,COMMON,,,GOOD,NO AGE GIVEN,880,NHELI0100,Helicopontosphaera kamptneri,RARE,  ,1,70f882c144f0d3ffcda98c17e6f4abbb,57-438-3-2
57,438,,3,2,34.0,35.0,14.50,16.35,10,"SCHAFFER,B.L.",11/1980,57,NANNOFOSSILS,COMMON,,,GOOD,NO AGE GIVEN,880,NPSEU0010,Pseudoemiliania lacunosa,FEW,  ,1,fbc29004e866489c7cd512f4ab1312b1,57-438-3-2
57,438,,3,2,34.0,35.0,14.50,16.35,10,"SCHAFFER,B.L.",11/1980,57,NANNOFOSSILS,COMMON,,,GOOD,NO AGE GIVEN,880,NRHAO0010,Rhabdosphaera clavigera,RARE,  ,1,8dc25dd8eadbcc101bfba399c8934aac,57-438-3-2
57,438,,3,3,70.0,71.0,14.50,18.20, 8,"SCHAFFER,B.L.",11/1980,57,NANNOFOSSILS,COMMON,,,GOOD,NO AGE GIVEN,880,NCOCO0300,Coccolithus pelagicus,COMMON,  ,1,ea5d0f41e89a659cfd90eba5233faf43,57-438-3-3
57,438,,3,3,70.0,71.0,14.50,18.20, 8,"SCHAFFER,B.L.",11/1980,57,NANNOFOSSILS,COMMON,,,GOOD,NO AGE GIVEN,880,NCREN0010,Crenalithus doronicoides,RARE,  ,1,fbe0d741ea85b4143c4b479891829009,57-438-3-3
57,438,,3,3,70.0,71.0,14.50,18.20, 8,"SCHAFFER,B.L.",11/1980,57,NANNOFOSSILS,COMMON,,,GOOD,NO AGE GIVEN,880,NCYCO0080,Cyclococcolithina leptopora,RARE,  ,1,feb0318f56847d0351fea76cc92e893c,57-438-3-3
57,438,,3,3,70.0,71.0,14.50,18.20, 8,"SCHAFFER,B.L.",11/1980,57,NANNOFOSSILS,COMMON,,,GOOD,NO AGE GIVEN,880,NGEPH0020,Gephyrocapsa caribbeanica,COMMON,  ,1,86174b7870b738237a39a770168bd032,57-438-3-3
57,438,,3,3,70.0,71.0,14.50,18.20, 8,"SCHAFFER,B.L.",11/1980,57,NANNOFOSSILS,COMMON,,,GOOD,NO AGE GIVEN,880,NGEPH0060,Gephyrocapsa oceanica,RARE,  ,1,824b68069149416c803e7b6879c23bbf,57-438-3-3
57,438,,3,3,70.0,71.0,14.50,18.20, 8,"SCHAFFER,B.L.",11/1980,57,NANNOFOSSILS,COMMON,,,GOOD,NO AGE GIVEN,880,NHELC0130,Helicosphaera sellii,RARE,  ,1,13fd29078d9d1f2db5b9d1df0d08f083,57-438-3-3
57,438,,3,3,70.0,71.0,14.50,18.20, 8,"SCHAFFER,B.L.",11/1980,57,NANNOFOSSILS,COMMON,,,GOOD,NO AGE GIVEN,880,NHELI0100,Helicopontosphaera kamptneri,RARE,  ,1,fadedf051b67e4f231d018ac10c5f10c,57-438-3-3
57,438,,3,3,70.0,71.0,14.50,18.20, 8,"SCHAFFER,B.L.",11/1980,57,NANNOFOSSILS,COMMON,,,GOOD,NO AGE GIVEN,880,NPSEU0010,Pseudoemiliania lacunosa,FEW,  ,1,c5f6df9f1c4c3509304fdb1fe635c496,57-438-3-3
57,438,,3,4,140.0,141.0,14.50,20.41,11,"SCHAFFER,B.L.",11/1980,57,NANNOFOSSILS,COMMON,,,GOOD,NO AGE GIVEN,880,NBRAA0020,Braarudosphaera bigelowii,RARE,  ,1,630b5067e562211a2e1ec407965a726b,57-438-3-4
57,438,,3,4,140.0,141.0,14.50,20.41,11,"SCHAFFER,B.L.",11/1980,57,NANNOFOSSILS,COMMON,,,GOOD,NO AGE GIVEN,880,NCERO0050,Ceratolithus cristatus,RARE,  ,1,ba449805854bc237c441068e81ca7cf2,57-438-3-4
57,438,,3,4,140.0,141.0,14.50,20.41,11,"SCHAFFER,B.L.",11/1980,57,NANNOFOSSILS,COMMON,,,GOOD,NO AGE GIVEN,880,NCOCO0300,Coccolithus pelagicus,COMMON,  ,1,d993953b85991ac50777658a9aba573b,57-438-3-4
57,438,,3,4,140.0,141.0,14.50,20.41,11,"SCHAFFER,B.L.",11/1980,57,NANNOFOSSILS,COMMON,,,GOOD,NO AGE GIVEN,880,NCREN0020,Crenalithus productellus,FEW,  ,1,897f012dd8cb1fd66927dc2c59c65bfa,57-438-3-4
57,438,,3,4,140.0,141.0,14.50,20.41,11,"SCHAFFER,B.L.",11/1980,57,NANNOFOSSILS,COMMON,,,GOOD,NO AGE GIVEN,880,NCYCO0080,Cyclococcolithina leptopora,RARE,  ,1,ea3c3caac226b0b6c24bfedd8daaba81,57-438-3-4
57,438,,3,4,140.0,141.0,14.50,20.41,11,"SCHAFFER,B.L.",11/1980,57,NANNOFOSSILS,COMMON,,,GOOD,NO AGE GIVEN,880,NGEPH0020,Gephyrocapsa caribbeanica,COMMON,  ,1,2de9fb8e53b9b0a90ee9afd44233c9ae,57-438-3-4
57,438,,3,4,140.0,141.0,14.50,20.41,11,"SCHAFFER,B.L.",11/1980,57,NANNOFOSSILS,COMMON,,,GOOD,NO AGE GIVEN,880,NGEPH0060,Gephyrocapsa oceanica,FEW,  ,1,82a5e3815a240aca285e502108447b72,57-438-3-4
57,438,,3,4,140.0,141.0,14.50,20.41,11,"SCHAFFER,B.L.",11/1980,57,NANNOFOSSILS,COMMON,,,GOOD,NO AGE GIVEN,880,NGEPH0070,Gephyrocapsa omega,RARE,  ,1,12279365de12773e7a191e0670bcf1ca,57-438-3-4
57,438,,3,4,140.0,141.0,14.50,20.41,11,"SCHAFFER,B.L.",11/1980,57,NANNOFOSSILS,COMMON,,,GOOD,NO AGE GIVEN,880,NGEPH0100,Gephyrocapsa sp.,RARE,  ,1,b0eaec64824edc186ab895a469466636,57-438-3-4
57,438,,3,4,140.0,141.0,14.50,20.41,11,"SCHAFFER,B.L.",11/1980,57,NANNOFOSSILS,COMMON,,,GOOD,NO AGE GIVEN,880,NHELI0100,Helicopontosphaera kamptneri,RARE,  ,1,e5e19c04f14b58d43d419da94baeb467,57-438-3-4
57,438,,3,4,140.0,141.0,14.50,20.41,11,"SCHAFFER,B.L.",11/1980,57,NANNOFOSSILS,COMMON,,,GOOD,NO AGE GIVEN,880,NPSEU0010,Pseudoemiliania lacunosa,FEW,  ,2,89ffa702bf6cfe7351f34b854d2b8973,57-438-3-4
57,438,,3,6,144.0,145.0,14.50,23.45, 7,"SHAFFER,B.L.",11/1980,57,NANNOFOSSILS,RARE,,,MODERATE,NO AGE GIVEN,880,NCOCO0300,Coccolithus pelagicus,RARE,  ,1,df65745944028615518b8c63dae6ef8c,57-438-3-6
57,438,,3,6,144.0,145.0,14.50,23.45, 7,"SHAFFER,B.L.",11/1980,57,NANNOFOSSILS,RARE,,,MODERATE,NO AGE GIVEN,880,NCREN0020,Crenalithus productellus,RARE,  ,1,b094042502872f8e380967ae1aaa2c4f,57-438-3-6
57,438,,3,6,144.0,145.0,14.50,23.45, 7,"SHAFFER,B.L.",11/1980,57,NANNOFOSSILS,RARE,,,MODERATE,NO AGE GIVEN,880,NCYCO0080,Cyclococcolithina leptopora,RARE,  ,1,f049b93fbfdf6e88488efe8fd15afa50,57-438-3-6
57,438,,3,6,144.0,145.0,14.50,23.45, 7,"SHAFFER,B.L.",11/1980,57,NANNOFOSSILS,RARE,,,MODERATE,NO AGE GIVEN,880,NCYCO0110,Cyclococcolithina macintyrei,RARE,  ,1,5923c925a22a7c879148c3297b6f8fac,57-438-3-6
57,438,,3,6,144.0,145.0,14.50,23.45, 7,"SHAFFER,B.L.",11/1980,57,NANNOFOSSILS,RARE,,,MODERATE,NO AGE GIVEN,880,NGEPH0020,Gephyrocapsa caribbeanica,RARE,  ,1,d48ebdd734cce0587b961112d704a1e8,57-438-3-6
57,438,,3,6,144.0,145.0,14.50,23.45, 7,"SHAFFER,B.L.",11/1980,57,NANNOFOSSILS,RARE,,,MODERATE,NO AGE GIVEN,880,NGEPH0060,Gephyrocapsa oceanica,RARE,  ,1,807dbe322ac651131df3bf20585981a7,57-438-3-6
57,438,,3,6,144.0,145.0,14.50,23.45, 7,"SHAFFER,B.L.",11/1980,57,NANNOFOSSILS,RARE,,,MODERATE,NO AGE GIVEN,880,NPSEU0010,Pseudoemiliania lacunosa,RARE,  ,1,dd0db8599a0df62f016d472970824579,57-438-3-6
57,438,,3,CC,0.0,0.0,14.50,24.00, 3,"SHAFFER,B.L.",11/1980,57,NANNOFOSSILS,RARE,,,POOL,NO AGE GIVEN,880,NCOCO0300,Coccolithus pelagicus,RARE,  ,1,5ccb7beb10c6ff116668b208cc36b88b,57-438-3-CC
57,438,,3,CC,0.0,0.0,14.50,24.00, 3,"SHAFFER,B.L.",11/1980,57,NANNOFOSSILS,RARE,,,POOL,NO AGE GIVEN,880,NGEPH0020,Gephyrocapsa caribbeanica,RARE,  ,1,d029cd6bd22c7f161c277d996e6ee4ba,57-438-3-CC
57,438,,3,CC,0.0,0.0,14.50,24.00, 3,"SHAFFER,B.L.",11/1980,57,NANNOFOSSILS,RARE,,,POOL,NO AGE GIVEN,880,NGEPH0060,Gephyrocapsa oceanica,RARE,  ,1,03dad30d61aa4b9f0e254dfbd96e050b,57-438-3-CC
57,438,,5,CC,0.0,0.0,33.50,42.43, 9,"SHAFFER,B.L.",11/1980,57,NANNOFOSSILS,RARE,,,MODERATE,NO AGE GIVEN,880,NCOCO0300,Coccolithus pelagicus,RARE,  ,1,ad08b321b338350a8f7370cde17c42b9,57-438-5-CC
57,438,,5,CC,0.0,0.0,33.50,42.43, 9,"SHAFFER,B.L.",11/1980,57,NANNOFOSSILS,RARE,,,MODERATE,NO AGE GIVEN,880,NCREN0010,Crenalithus doronicoides,RARE,  ,1,5d611aa6578784ab3863ee80a696cdb2,57-438-5-CC
57,438,,5,CC,0.0,0.0,33.50,42.43, 9,"SHAFFER,B.L.",11/1980,57,NANNOFOSSILS,RARE,,,MODERATE,NO AGE GIVEN,880,NCREN0020,Crenalithus productellus,RARE,  ,1,f83d6126dcd318ddb4c113d7bc1d3f99,57-438-5-CC
57,438,,5,CC,0.0,0.0,33.50,42.43, 9,"SHAFFER,B.L.",11/1980,57,NANNOFOSSILS,RARE,,,MODERATE,NO AGE GIVEN,880,NCYCO0080,Cyclococcolithina leptopora,RARE,  ,1,2ffefaf0e76ed3940273fdd71c7a30a2,57-438-5-CC
57,438,,5,CC,0.0,0.0,33.50,42.43, 9,"SHAFFER,B.L.",11/1980,57,NANNOFOSSILS,RARE,,,MODERATE,NO AGE GIVEN,880,NCYCO0110,Cyclococcolithina macintyrei,RARE,  ,1,f9fbedc7284672649ddac468669eba0f,57-438-5-CC
57,438,,5,CC,0.0,0.0,33.50,42.43, 9,"SHAFFER,B.L.",11/1980,57,NANNOFOSSILS,RARE,,,MODERATE,NO AGE GIVEN,880,NGEPH0020,Gephyrocapsa caribbeanica,RARE,  ,1,eaa49312f0bfc9c063f5e8d959e9985a,57-438-5-CC
57,438,,5,CC,0.0,0.0,33.50,42.43, 9,"SHAFFER,B.L.",11/1980,57,NANNOFOSSILS,RARE,,,MODERATE,NO AGE GIVEN,880,NGEPH0100,Gephyrocapsa sp.,RARE,  ,1,ad0a0c562d8601224ffdfb800f5e9130,57-438-5-CC
57,438,,5,CC,0.0,0.0,33.50,42.43, 9,"SHAFFER,B.L.",11/1980,57,NANNOFOSSILS,RARE,,,MODERATE,NO AGE GIVEN,880,NHELI0100,Helicopontosphaera kamptneri,RARE,  ,1,19a9915531ad4b40045516f33b496420,57-438-5-CC
57,438,,5,CC,0.0,0.0,33.50,42.43, 9,"SHAFFER,B.L.",11/1980,57,NANNOFOSSILS,RARE,,,MODERATE,NO AGE GIVEN,880,NPSEU0010,Pseudoemiliania lacunosa,RARE,  ,1,8b31645b28d8b4bbf4f7d9a9a818c399,57-438-5-CC
57,438,,7,1,125.0,126.0,52.50,53.76, 6,"SHAFFER,B.L.",11/1980,57,NANNOFOSSILS,FEW,,,MODERATE,NO AGE GIVEN,880,NCOCO0300,Coccolithus pelagicus,FEW,  ,1,ff1210bd19ec4cf78011e0d7700c91b6,57-438-7-1
57,438,,7,1,125.0,126.0,52.50,53.76, 6,"SHAFFER,B.L.",11/1980,57,NANNOFOSSILS,FEW,,,MODERATE,NO AGE GIVEN,880,NCREN0010,Crenalithus doronicoides,FEW,  ,1,e3be82380e1e1232b2f725d7e8bb32d8,57-438-7-1
57,438,,7,1,125.0,126.0,52.50,53.76, 6,"SHAFFER,B.L.",11/1980,57,NANNOFOSSILS,FEW,,,MODERATE,NO AGE GIVEN,880,NCREN0020,Crenalithus productellus,RARE,  ,1,aa86a3f32d6ddfefb1d1e4b9416b9d8f,57-438-7-1
57,438,,7,1,125.0,126.0,52.50,53.76, 6,"SHAFFER,B.L.",11/1980,57,NANNOFOSSILS,FEW,,,MODERATE,NO AGE GIVEN,880,NCYCO0110,Cyclococcolithina macintyrei,FEW,  ,1,8ebef60c4b7559562c3d141167ad06d6,57-438-7-1
57,438,,7,1,125.0,126.0,52.50,53.76, 6,"SHAFFER,B.L.",11/1980,57,NANNOFOSSILS,FEW,,,MODERATE,NO AGE GIVEN,880,NDISC0080,Discoaster brouweri,RARE,  ,1,2df2c82cfbb836c97bc79d72246c0cac,57-438-7-1
57,438,,7,1,125.0,126.0,52.50,53.76, 6,"SHAFFER,B.L.",11/1980,57,NANNOFOSSILS,FEW,,,MODERATE,NO AGE GIVEN,880,NHELI0100,Helicopontosphaera kamptneri,RARE,  ,1,27ca7edf3ccd57025767aa60ca9efdad,57-438-7-1
57,438,,7,2,110.0,111.0,52.50,55.11,11,"SHAFFER,B.L.",11/1980,57,NANNOFOSSILS,COMMON,,,MODERATE,NO AGE GIVEN,880,NBRAA0020,Braarudosphaera bigelowii,RARE,  ,1,af13e60ff74cf1763754e0220041a437,57-438-7-2
57,438,,7,2,110.0,111.0,52.50,55.11,11,"SHAFFER,B.L.",11/1980,57,NANNOFOSSILS,COMMON,,,MODERATE,NO AGE GIVEN,880,NCOCO0300,Coccolithus pelagicus,COMMON,  ,1,77df5ffcb985b12d9c60b82dc08a7977,57-438-7-2
57,438,,7,2,110.0,111.0,52.50,55.11,11,"SHAFFER,B.L.",11/1980,57,NANNOFOSSILS,COMMON,,,MODERATE,NO AGE GIVEN,880,NCREN0010,Crenalithus doronicoides,FEW,  ,1,57553af9e80e58990b9af3452ec93397,57-438-7-2
57,438,,7,2,110.0,111.0,52.50,55.11,11,"SHAFFER,B.L.",11/1980,57,NANNOFOSSILS,COMMON,,,MODERATE,NO AGE GIVEN,880,NCREN0020,Crenalithus productellus,RARE,  ,1,03d7e9c729ce76f5d8b2d8f5bf889920,57-438-7-2
57,438,,7,2,110.0,111.0,52.50,55.11,11,"SHAFFER,B.L.",11/1980,57,NANNOFOSSILS,COMMON,,,MODERATE,NO AGE GIVEN,880,NCYCO0080,Cyclococcolithina leptopora,RARE,  ,1,8cfc94e6be34b8f83d6d6abaffe1d8df,57-438-7-2
57,438,,7,2,110.0,111.0,52.50,55.11,11,"SHAFFER,B.L.",11/1980,57,NANNOFOSSILS,COMMON,,,MODERATE,NO AGE GIVEN,880,NCYCO0110,Cyclococcolithina macintyrei,RARE,  ,1,146f36c55bf6a12e94c1ee3462c045ae,57-438-7-2
57,438,,7,2,110.0,111.0,52.50,55.11,11,"SHAFFER,B.L.",11/1980,57,NANNOFOSSILS,COMMON,,,MODERATE,NO AGE GIVEN,880,NDISC0080,Discoaster brouweri,RARE,  ,1,40c363d2c63a00ba2d8a217022a7477b,57-438-7-2
57,438,,7,2,110.0,111.0,52.50,55.11,11,"SHAFFER,B.L.",11/1980,57,NANNOFOSSILS,COMMON,,,MODERATE,NO AGE GIVEN,880,NDISC0350,Discoaster pentaradiatus,RARE,  ,1,5f7a2ecfcd0811d6297b5dc68418887c,57-438-7-2
57,438,,7,2,110.0,111.0,52.50,55.11,11,"SHAFFER,B.L.",11/1980,57,NANNOFOSSILS,COMMON,,,MODERATE,NO AGE GIVEN,880,NDISC0465,Discoaster surculus,RARE,  ,1,77fe6ef9eac42137f2c11b2ebe758654,57-438-7-2
57,438,,7,2,110.0,111.0,52.50,55.11,11,"SHAFFER,B.L.",11/1980,57,NANNOFOSSILS,COMMON,,,MODERATE,NO AGE GIVEN,880,NHELI0100,Helicopontosphaera kamptneri,RARE,  ,1,d4001276083e7af6c5bee17835c36f42,57-438-7-2
57,438,,7,2,110.0,111.0,52.50,55.11,11,"SHAFFER,B.L.",11/1980,57,NANNOFOSSILS,COMMON,,,MODERATE,NO AGE GIVEN,880,NPSEU0010,Pseudoemiliania lacunosa,RARE,  ,2,378a99085ec6b9a8bac24e4052a9de35,57-438-7-2
57,438,,8,1,130.0,131.0,62.00,63.31, 9,"SHAFFER,B.L.",11/1980,57,NANNOFOSSILS,FEW,,,POOL,NO AGE GIVEN,880,NCOCO0300,Coccolithus pelagicus,FEW,  ,1,ac4ca3a4ed08142255b9a45f2ea605fc,57-438-8-1
57,438,,8,1,130.0,131.0,62.00,63.31, 9,"SHAFFER,B.L.",11/1980,57,NANNOFOSSILS,FEW,,,POOL,NO AGE GIVEN,880,NCREN0010,Crenalithus doronicoides,RARE,  ,1,2070f78c198ad8717e02a2ea9db62ba0,57-438-8-1
57,438,,8,1,130.0,131.0,62.00,63.31, 9,"SHAFFER,B.L.",11/1980,57,NANNOFOSSILS,FEW,,,POOL,NO AGE GIVEN,880,NCREN0020,Crenalithus productellus,RARE,  ,1,882cfac99b05007fe2c01a9696d5ee06,57-438-8-1
57,438,,8,1,130.0,131.0,62.00,63.31, 9,"SHAFFER,B.L.",11/1980,57,NANNOFOSSILS,FEW,,,POOL,NO AGE GIVEN,880,NCYCO0080,Cyclococcolithina leptopora,RARE,  ,1,0627573ddb13e4e2bbaf035ea0a3d633,57-438-8-1
57,438,,8,1,130.0,131.0,62.00,63.31, 9,"SHAFFER,B.L.",11/1980,57,NANNOFOSSILS,FEW,,,POOL,NO AGE GIVEN,880,NCYCO0110,Cyclococcolithina macintyrei,RARE,  ,1,77389a8406e25ae4b2b47454fc10a201,57-438-8-1
57,438,,8,1,130.0,131.0,62.00,63.31, 9,"SHAFFER,B.L.",11/1980,57,NANNOFOSSILS,FEW,,,POOL,NO AGE GIVEN,880,NDISC0465,Discoaster surculus,RARE,  ,1,3d72d69e6c929591412ac096da5efd27,57-438-8-1
57,438,,8,1,130.0,131.0,62.00,63.31, 9,"SHAFFER,B.L.",11/1980,57,NANNOFOSSILS,FEW,,,POOL,NO AGE GIVEN,880,NDISC0525,Discoaster variabilis,RARE,  ,1,2e432d14a5af6e6e37c4166488b947ad,57-438-8-1
57,438,,8,1,130.0,131.0,62.00,63.31, 9,"SHAFFER,B.L.",11/1980,57,NANNOFOSSILS,FEW,,,POOL,NO AGE GIVEN,880,NHELI0100,Helicopontosphaera kamptneri,RARE,  ,1,f3211a924076a90bf167959f5b87b1a9,57-438-8-1
57,438,,8,1,130.0,131.0,62.00,63.31, 9,"SHAFFER,B.L.",11/1980,57,NANNOFOSSILS,FEW,,,POOL,NO AGE GIVEN,880,NPSEU0010,Pseudoemiliania lacunosa,RARE,  ,1,0d6d9f9c7a2774027ffb4eca7c72ab1d,57-438-8-1
57,438,,9,4,26.0,27.0,71.50,76.26, 8,"SHAFFER,B.L.",11/1980,57,NANNOFOSSILS,RARE,,,MODERATE,NO AGE GIVEN,880,NCOCO0300,Coccolithus pelagicus,RARE,  ,1,85b0e266fa706632a83dbe29d04c747e,57-438-9-4
57,438,,9,4,26.0,27.0,71.50,76.26, 8,"SHAFFER,B.L.",11/1980,57,NANNOFOSSILS,RARE,,,MODERATE,NO AGE GIVEN,880,NCREN0010,Crenalithus doronicoides,RARE,  ,1,db983cd9563c76ff249d3e28d79c1a5c,57-438-9-4
57,438,,9,4,26.0,27.0,71.50,76.26, 8,"SHAFFER,B.L.",11/1980,57,NANNOFOSSILS,RARE,,,MODERATE,NO AGE GIVEN,880,NCREN0020,Crenalithus productellus,RARE,  ,1,8de36128deb4bdd71e03dfe87ce2e053,57-438-9-4
57,438,,9,4,26.0,27.0,71.50,76.26, 8,"SHAFFER,B.L.",11/1980,57,NANNOFOSSILS,RARE,,,MODERATE,NO AGE GIVEN,880,NCYCO0080,Cyclococcolithina leptopora,RARE,  ,1,2cbd2e6a4240ce85c1bfcfe875337bba,57-438-9-4
57,438,,9,4,26.0,27.0,71.50,76.26, 8,"SHAFFER,B.L.",11/1980,57,NANNOFOSSILS,RARE,,,MODERATE,NO AGE GIVEN,880,NCYCO0110,Cyclococcolithina macintyrei,RARE,  ,1,60a999106d0145f8f374d478acecdabb,57-438-9-4
57,438,,9,4,26.0,27.0,71.50,76.26, 8,"SHAFFER,B.L.",11/1980,57,NANNOFOSSILS,RARE,,,MODERATE,NO AGE GIVEN,880,NDISC0080,Discoaster brouweri,RARE,  ,1,882d63bde47797a3894291bf84827d6d,57-438-9-4
57,438,,9,4,26.0,27.0,71.50,76.26, 8,"SHAFFER,B.L.",11/1980,57,NANNOFOSSILS,RARE,,,MODERATE,NO AGE GIVEN,880,NDISC0350,Discoaster pentaradiatus,RARE,  ,1,84bdc9468b046760bdb5c64083047931,57-438-9-4
57,438,,9,4,26.0,27.0,71.50,76.26, 8,"SHAFFER,B.L.",11/1980,57,NANNOFOSSILS,RARE,,,MODERATE,NO AGE GIVEN,880,NPSEU0010,Pseudoemiliania lacunosa,RARE,  ,1,0c25c7fdf632a676b58300e9be05a753,57-438-9-4
57,438,,10,1,63.0,64.0,81.00,81.64,11,"SHAFFER,B.L.",11/1980,57,NANNOFOSSILS,FEW,,,MODERATE,NO AGE GIVEN,880,NCERO0080,Ceratolithus rugosus,RARE,  ,1,fd6c48496c93f1b6750721218e8535e1,57-438-10-1
57,438,,10,1,63.0,64.0,81.00,81.64,11,"SHAFFER,B.L.",11/1980,57,NANNOFOSSILS,FEW,,,MODERATE,NO AGE GIVEN,880,NCOCO0300,Coccolithus pelagicus,RARE,  ,1,da866c85abb2700d71fd36ece1839d09,57-438-10-1
57,438,,10,1,63.0,64.0,81.00,81.64,11,"SHAFFER,B.L.",11/1980,57,NANNOFOSSILS,FEW,,,MODERATE,NO AGE GIVEN,880,NCREN0010,Crenalithus doronicoides,RARE,  ,1,140e5399979d694a2c351f006519c7b2,57-438-10-1
57,438,,10,1,63.0,64.0,81.00,81.64,11,"SHAFFER,B.L.",11/1980,57,NANNOFOSSILS,FEW,,,MODERATE,NO AGE GIVEN,880,NCREN0020,Crenalithus productellus,RARE,  ,1,f6a0e940049194b807231a501839da47,57-438-10-1
57,438,,10,1,63.0,64.0,81.00,81.64,11,"SHAFFER,B.L.",11/1980,57,NANNOFOSSILS,FEW,,,MODERATE,NO AGE GIVEN,880,NCYCO0080,Cyclococcolithina leptopora,RARE,  ,1,a569fcb2abc67ade0eff41b9f101b39c,57-438-10-1
57,438,,10,1,63.0,64.0,81.00,81.64,11,"SHAFFER,B.L.",11/1980,57,NANNOFOSSILS,FEW,,,MODERATE,NO AGE GIVEN,880,NCYCO0110,Cyclococcolithina macintyrei,FEW,  ,1,955afe189965be748af7707b8d987f86,57-438-10-1
57,438,,10,1,63.0,64.0,81.00,81.64,11,"SHAFFER,B.L.",11/1980,57,NANNOFOSSILS,FEW,,,MODERATE,NO AGE GIVEN,880,NDISC0465,Discoaster surculus,RARE,  ,1,044ae8187df01eeef02a3bf07d7ae0c4,57-438-10-1
57,438,,10,1,63.0,64.0,81.00,81.64,11,"SHAFFER,B.L.",11/1980,57,NANNOFOSSILS,FEW,,,MODERATE,NO AGE GIVEN,880,NDISC0525,Discoaster variabilis,RARE,  ,1,4327ef89ffcc4b91693eca0646d1e8bd,57-438-10-1
57,438,,10,1,63.0,64.0,81.00,81.64,11,"SHAFFER,B.L.",11/1980,57,NANNOFOSSILS,FEW,,,MODERATE,NO AGE GIVEN,880,NGEPH0100,Gephyrocapsa sp.,RARE,  ,1,eaf9719fb89d038d1fa33debbd2ca934,57-438-10-1
57,438,,10,1,63.0,64.0,81.00,81.64,11,"SHAFFER,B.L.",11/1980,57,NANNOFOSSILS,FEW,,,MODERATE,NO AGE GIVEN,880,NHELI0100,Helicopontosphaera kamptneri,RARE,  ,1,d965300103375e73e5f589d714341c18,57-438-10-1
57,438,,10,1,63.0,64.0,81.00,81.64,11,"SHAFFER,B.L.",11/1980,57,NANNOFOSSILS,FEW,,,MODERATE,NO AGE GIVEN,880,NPSEU0010,Pseudoemiliania lacunosa,RARE,  ,2,f2aa5466ee2c633a2911b92c50f37972,57-438-10-1
57,438,,11,3,7.0,8.0,90.50,93.58, 7,"SHAFFER,B.L.",11/1980,57,NANNOFOSSILS,RARE,,,MODERATE,NO AGE GIVEN,880,NCOCO0300,Coccolithus pelagicus,RARE,  ,1,a9790cbb88097aad2d48ca4c65c74a4f,57-438-11-3
57,438,,11,3,7.0,8.0,90.50,93.58, 7,"SHAFFER,B.L.",11/1980,57,NANNOFOSSILS,RARE,,,MODERATE,NO AGE GIVEN,880,NCREN0010,Crenalithus doronicoides,RARE,  ,1,536f6e4e659acd353bc780c13bb5b8af,57-438-11-3
57,438,,11,3,7.0,8.0,90.50,93.58, 7,"SHAFFER,B.L.",11/1980,57,NANNOFOSSILS,RARE,,,MODERATE,NO AGE GIVEN,880,NCREN0020,Crenalithus productellus,RARE,  ,1,6623253b6b6bc4d4847f8f18646e94bf,57-438-11-3
57,438,,11,3,7.0,8.0,90.50,93.58, 7,"SHAFFER,B.L.",11/1980,57,NANNOFOSSILS,RARE,,,MODERATE,NO AGE GIVEN,880,NCYCO0080,Cyclococcolithina leptopora,RARE,  ,1,378fea70f34537e6157c6ce49283d030,57-438-11-3
57,438,,11,3,7.0,8.0,90.50,93.58, 7,"SHAFFER,B.L.",11/1980,57,NANNOFOSSILS,RARE,,,MODERATE,NO AGE GIVEN,880,NCYCO0110,Cyclococcolithina macintyrei,RARE,  ,1,3be0cbbb9c3d87ee9d5ad6d46b5c025b,57-438-11-3
57,438,,11,3,7.0,8.0,90.50,93.58, 7,"SHAFFER,B.L.",11/1980,57,NANNOFOSSILS,RARE,,,MODERATE,NO AGE GIVEN,880,NDISC0465,Discoaster surculus,RARE,  ,1,991d8fa67fb7e8694ff6fe0761ad11b2,57-438-11-3
57,438,,11,3,7.0,8.0,90.50,93.58, 7,"SHAFFER,B.L.",11/1980,57,NANNOFOSSILS,RARE,,,MODERATE,NO AGE GIVEN,880,NDISC0525,Discoaster variabilis,RARE,  ,1,76247ebdd915f0091e2808b2ad3b5964,57-438-11-3
57,438,,11,4,44.0,45.0,90.50,95.45, 7,"SHAFFER,B.L.",11/1980,57,NANNOFOSSILS,RARE,,,POOL,NO AGE GIVEN,880,NCOCO0300,Coccolithus pelagicus,RARE,  ,1,6e146c00f3faff97c92aefe757eb66e7,57-438-11-4
57,438,,11,4,44.0,45.0,90.50,95.45, 7,"SHAFFER,B.L.",11/1980,57,NANNOFOSSILS,RARE,,,POOL,NO AGE GIVEN,880,NCREN0010,Crenalithus doronicoides,RARE,  ,1,f5ebd7f0477bf5195e77c66b10839fbd,57-438-11-4
57,438,,11,4,44.0,45.0,90.50,95.45, 7,"SHAFFER,B.L.",11/1980,57,NANNOFOSSILS,RARE,,,POOL,NO AGE GIVEN,880,NCYCO0080,Cyclococcolithina leptopora,RARE,  ,1,a0149f8698cd35ac5d7c4030fae927c2,57-438-11-4
57,438,,11,4,44.0,45.0,90.50,95.45, 7,"SHAFFER,B.L.",11/1980,57,NANNOFOSSILS,RARE,,,POOL,NO AGE GIVEN,880,NCYCO0110,Cyclococcolithina macintyrei,RARE,  ,1,e590e52c2a8924c7f509011d09ad41e9,57-438-11-4
57,438,,11,4,44.0,45.0,90.50,95.45, 7,"SHAFFER,B.L.",11/1980,57,NANNOFOSSILS,RARE,,,POOL,NO AGE GIVEN,880,NDISC0080,Discoaster brouweri,RARE,  ,1,4860682dee85ad0e00da3c153f9300cf,57-438-11-4
57,438,,11,4,44.0,45.0,90.50,95.45, 7,"SHAFFER,B.L.",11/1980,57,NANNOFOSSILS,RARE,,,POOL,NO AGE GIVEN,880,NDISC0465,Discoaster surculus,RARE,  ,1,29570a21f75fcb7bc444f23aac9ae33e,57-438-11-4
57,438,,11,4,44.0,45.0,90.50,95.45, 7,"SHAFFER,B.L.",11/1980,57,NANNOFOSSILS,RARE,,,POOL,NO AGE GIVEN,880,NDISC0525,Discoaster variabilis,RARE,  ,1,3801648855251bffc4f4ff39d1422238,57-438-11-4
57,438,,11,5,15.0,16.0,90.50,96.66, 4,"SHAFFER,B.L.",11/1980,57,NANNOFOSSILS,RARE,,,POOL,NO AGE GIVEN,880,NCOCO0300,Coccolithus pelagicus,RARE,  ,1,e5c3469b9bccb48d55a9d36c889ca2f3,57-438-11-5
57,438,,11,5,15.0,16.0,90.50,96.66, 4,"SHAFFER,B.L.",11/1980,57,NANNOFOSSILS,RARE,,,POOL,NO AGE GIVEN,880,NCYCO0110,Cyclococcolithina macintyrei,RARE,  ,1,5bb0c2bdca102dfc7c51d7f9e202726c,57-438-11-5
57,438,,11,5,15.0,16.0,90.50,96.66, 4,"SHAFFER,B.L.",11/1980,57,NANNOFOSSILS,RARE,,,POOL,NO AGE GIVEN,880,NDISC0465,Discoaster surculus,RARE,  ,1,e5afdbf6d2f71c5ea5fcad6328235fe7,57-438-11-5
57,438,,11,5,15.0,16.0,90.50,96.66, 4,"SHAFFER,B.L.",11/1980,57,NANNOFOSSILS,RARE,,,POOL,NO AGE GIVEN,880,NDISC0525,Discoaster variabilis,RARE,  ,1,4a4cbd1be5d065898af8da45110eec82,57-438-11-5
57,438,,11,6,40.0,41.0,90.50,98.41,12,"SHAFFER,B.L.",11/1980,57,NANNOFOSSILS,COMMON,,,MODERATE,NO AGE GIVEN,880,NCERO0080,Ceratolithus rugosus,RARE,  ,1,6489655fb04805825c4e718d16393350,57-438-11-6
57,438,,11,6,40.0,41.0,90.50,98.41,12,"SHAFFER,B.L.",11/1980,57,NANNOFOSSILS,COMMON,,,MODERATE,NO AGE GIVEN,880,NCOCO0300,Coccolithus pelagicus,COMMON,  ,1,1723cddd75aa5ae1482eebf24744bbe3,57-438-11-6
57,438,,11,6,40.0,41.0,90.50,98.41,12,"SHAFFER,B.L.",11/1980,57,NANNOFOSSILS,COMMON,,,MODERATE,NO AGE GIVEN,880,NCYCO0080,Cyclococcolithina leptopora,RARE,  ,1,a2dabfb8b1fbad6f7d4e4fdb10b81e1c,57-438-11-6
57,438,,11,6,40.0,41.0,90.50,98.41,12,"SHAFFER,B.L.",11/1980,57,NANNOFOSSILS,COMMON,,,MODERATE,NO AGE GIVEN,880,NCYCO0110,Cyclococcolithina macintyrei,FEW,  ,1,5dab50364ce9bae18be8570f661e0991,57-438-11-6
57,438,,11,6,40.0,41.0,90.50,98.41,12,"SHAFFER,B.L.",11/1980,57,NANNOFOSSILS,COMMON,,,MODERATE,NO AGE GIVEN,880,NDISC0080,Discoaster brouweri,RARE,  ,1,e48ac901728ac651c5ed8735c4e1bda0,57-438-11-6
57,438,,11,6,40.0,41.0,90.50,98.41,12,"SHAFFER,B.L.",11/1980,57,NANNOFOSSILS,COMMON,,,MODERATE,NO AGE GIVEN,880,NDISC0350,Discoaster pentaradiatus,RARE,  ,1,f044f5e1f2b919fa98a270953fb9e13d,57-438-11-6
57,438,,11,6,40.0,41.0,90.50,98.41,12,"SHAFFER,B.L.",11/1980,57,NANNOFOSSILS,COMMON,,,MODERATE,NO AGE GIVEN,880,NDISC0465,Discoaster surculus,RARE,  ,1,2d14da8d4d456cddb6d08bd6c815c4c2,57-438-11-6
57,438,,11,6,40.0,41.0,90.50,98.41,12,"SHAFFER,B.L.",11/1980,57,NANNOFOSSILS,COMMON,,,MODERATE,NO AGE GIVEN,880,NDISC0525,Discoaster variabilis,RARE,  ,1,42c620bc35807e1f3f676f616e427386,57-438-11-6
57,438,,11,6,40.0,41.0,90.50,98.41,12,"SHAFFER,B.L.",11/1980,57,NANNOFOSSILS,COMMON,,,MODERATE,NO AGE GIVEN,880,NDISL0070,Discolithina japonica,RARE,  ,1,643040d6e448dd31b648234020e45b5c,57-438-11-6
57,438,,11,6,40.0,41.0,90.50,98.41,12,"SHAFFER,B.L.",11/1980,57,NANNOFOSSILS,COMMON,,,MODERATE,NO AGE GIVEN,880,NHELC0130,Helicosphaera sellii,RARE,  ,1,041277df4f566ae5607ee4d0d315a117,57-438-11-6
57,438,,11,6,40.0,41.0,90.50,98.41,12,"SHAFFER,B.L.",11/1980,57,NANNOFOSSILS,COMMON,,,MODERATE,NO AGE GIVEN,880,NHELI0100,Helicopontosphaera kamptneri,RARE,  ,2,03a833a8e741effbaae602f47dd9b30d,57-438-11-6
57,438,,11,6,40.0,41.0,90.50,98.41,12,"SHAFFER,B.L.",11/1980,57,NANNOFOSSILS,COMMON,,,MODERATE,NO AGE GIVEN,880,NPSEU0010,Pseudoemiliania lacunosa,RARE,  ,2,5c735d05bee0866ebdde6d31b6b0fd5a,57-438-11-6
