leg,site,hole,core,section,top interval depth (cm),bottom interval depth (cm),top of core depth(m),top of layer depth (m),bottom of layer depth (m), describer,lithology,color,structures,deformations due to drilling,unusual occurrences,minerals,paleontology,other observations,hardness or induration,z-coding,eodp_id
64,480,,1,1,0.0,150.0,0.00,0.00,1.50,JWN," DIATOM MUD,DIATOM OOZE", OLIVE BROWN TO OLIVE," VARVES,BEDDING",,,,,," SOFT,GELATINOUS CONSISTENCY AT TOP WHICH FIRMS TOWARD THE BOTTOM", 22212220,e3f56cbc33ced051dfb27cbf91906c8d
64,480,,1,2,0.0,150.0,0.00,1.50,3.00,JWN," DIATOM MUD,DIATOM OOZE", OLIVE BROWN TO OLIVE, VARVES,,  *,,,, SOFT, 22212220,4ee8de266c1c961429d9afb312631a00
64,480,,1,3,0.0,80.0,0.00,3.00,3.80,JWN," DIATOM MUD,DIATOM OOZE", OLIVE BROWN TO OLIVE,,,  *,,,, SOFT, 22212220,4c1504460e96bd3a1f80c19190bfe9c8
64,480,,2,1,0.0,150.0,4.75,4.75,6.25,JWN," DIATOM MUD,DIATOM OOZE", OLIVE BROWN TO OLIVE," VARVES,LAMINAE,BEDDING",,  *,,,, SOFT (GELATINOUS AT TOP), 22212220,98f0254931cd78aa539c5459cabdfe85
64,480,,2,2,0.0,150.0,4.75,6.25,7.75,JWN," DIATOM MUD,DIATOM OOZE", OLIVE BROWN TO OLIVE," VARVES,BEDDING",,  *,,,, SOFT, 22212220,4e4a93f020a56fdef7383b98f4924186
64,480,,2,3,0.0,97.0,4.75,7.75,8.72,JWN," DIATOM MUD,DIATOM OOZE", OLIVE BROWN TO OLIVE," BEDDING,VARVES",,  *,, PLANT DEBRIS,, SOFT, 22212220,ca9d2a7da0d98baf3c595306a799d9b7
64,480,,2,CC,0.0,20.0,4.75,8.82,8.92,JWN," DIATOM MUD,DIATOM OOZE", OLIVE BROWN TO OLIVE,,,  *,,,, SOFT, 22212220,57aeb81ec83a6315eecebb4f260b97d2
64,480,,3,1,0.0,150.0,9.50,9.50,11.00,JWN," DIATOM MUD,DIATOM OOZE", OLIVE BROWN TO OLIVE," VARVES,BURROWS",,  *,,,, SOFT,,69dd8af3ed80cb0aa1ad965e2b9e2c8b
64,480,,3,2,0.0,150.0,9.50,11.00,12.50,JWN," DIATOM MUD,DIATOM OOZE", OLIVE BROWN TO OLIVE, VARVES,,  *,, SHELL DEBRIS,, SOFT,,b8a950dd00a90c609b00c9d1a1fa959c
64,480,,3,3,0.0,79.0,9.50,12.50,13.29,JWN," DIATOM MUD,DIATOM OOZE", OLIVE BROWN TO OLIVE," VARVES,BEDDING,BURROWS",,  *,, PLANT DEBRIS,, SOFT,,7ba2d3a78f4b2e5f66fd503f70fe564c
64,480,,3,3,91.0,129.0,9.50,13.41,13.79,JWN," DIATOM MUD,DIATOM OOZE", OLIVE BROWN," TURBIDITE,BURROWS",, GAS FEATURES*,, PLANT DEBRIS,, SOFT,,0604f104ad1e4045c063f28c80e4f3ab
64,480,,4,1,0.0,150.0,14.25,14.25,15.75,JWN," DIATOM MUD,DIATOM CLAY", OLIVE BROWN TO OLIVE,,, GAS FEATURES*,, PLANT DEBRIS,, SOFT,,79470034f568e2a3f34576346b7ff996
64,480,,4,2,0.0,150.0,14.25,15.75,17.25,JWN, DIATOM MUD, OLIVE BROWN TO OLIVE,,, GAS FEATURES*,, SHELL DEBRIS,, SOFT,,3117e3116ff5597ed15d7021e567cd55
64,480,,4,3,0.0,125.0,14.25,17.25,18.50,JWN, DIATOM MUD, OLIVE BROWN TO OLIVE,,, GAS FEATURES*,, SHELL DEBRIS,, SOFT,,f1a5e6eec86a92bba21554dfcac98e13
64,480,,4,CC,0.0,15.0,14.25,18.72,18.77,JWN, DIATOM MUD, OLIVE BROWN TO OLIVE," BURROWS,LAMINAE,VARVES",,  *,,,, SOFT, 22212220,b305c19881c524d9e134b49a352c2622
64,480,,5,1,0.0,150.0,19.00,19.00,20.50,JWN, DIATOM MUD, OLIVE BROWN TO OLIVE,,,  *,,,, SOFT, 22212220,250394cade7cac164104321b143f0bdb
64,480,,5,2,0.0,150.0,19.00,20.50,22.00,JWN, DIATOM MUD, OLIVE BROWN TO OLIVE, VARVES,,  *,,,, SOFT, 22212220,38ca185d5a4e887bee4ed0db4b6ee767
64,480,,5,3,0.0,140.0,19.00,22.00,23.40,JWN, DIATOM MUD, OLIVE BROWN, LAMINAE,,  *,,,, SOFT, 22212220,4854de6f6ac36b6510065008bb645640
64,480,,5,CC,0.0,10.0,19.00,23.50,23.50,JWN, DIATOM MUD, OLIVE BROWN,,,  *,,,, SOFT, 22212220,4c7decf7c2ba37e50b25552752583361
64,480,,6,1,0.0,150.0,23.75,23.75,25.25,JWN," DIATOM MUD,DIATOM OOZE", OLIVE BROWN, VARVES,, GAS FEATURES*,,,, SOFT, 22212220,a33f75450eb61950ad241ddad9fed4df
64,480,,6,2,0.0,150.0,23.75,25.25,26.75,JWN," DIATOM MUD,DIATOM OOZE", OLIVE BROWN TO OLIVE," BURROWS,VARVES",,  *,, PLANT DEBRIS,, SOFT, 22212220,f8a5d1fa36b429e1d1868eb6d6580c22
64,480,,6,3,0.0,139.0,23.75,26.75,28.14,JWN," DIATOM MUD,DIATOM OOZE", OLIVE BROWN TO OLIVE," SLUMP STRUCTURE,VARVES,BURROWS",,  *,,,, SOFT, 22212220,dc4e14276473dfe6a44d80f7f34e2b01
64,480,,7,1,0.0,150.0,28.50,28.50,30.00,JWN," DIATOM MUD,DIATOM OOZE", OLIVE BROWN TO OLIVE, VARVES,,  *,,,, SOFT, 22212220,fe50aec5ce63fadc0ef6917151663390
64,480,,7,2,0.0,150.0,28.50,30.00,31.50,JWN," DIATOM MUD,DIATOM OOZE", OLIVE BROWN TO OLIVE, VARVES,,  *,,,, SOFT, 22212220,e5d0ce5f7cf653f67bb0632b84224de2
64,480,,7,3,0.0,137.0,28.50,31.50,32.87,JWN, DIATOM OOZE, OLIVE BROWN, VARVES,,  *,,,, SOFT,,0d159c5f701bc84de0c3dfe8047c784e
64,480,,7,CC,0.0,15.0,28.50,32.97,33.02,JWN, DIATOM OOZE, OB,,,  *,,,, SOFT,,a8a25a7e8baef923f1b1aa50620b87d1
64,480,,8,1,0.0,150.0,33.25,33.25,34.75,JWN, DIATOM MUD, OLIVE BROWN, BURROWS(?),, GAS FEATURES*,,,, SOFT,,fb12a65a82c2c851fb97f31f7f41f432
64,480,,8,2,0.0,150.0,33.25,34.75,36.25,JWN, DIATOM MUD, OLIVE BROWN," VARVES,BURROWS",,  *,,,, SOFT,,73921f31f80613b3f78c3c7e5e3df0fb
64,480,,8,3,0.0,135.0,33.25,36.25,37.60,JWN, DIATOM MUD, OLIVE BROWN TO OLIVE GRAY,,,  *,,,, SOFT,,b099691efa8de8f9bfca588744101a78
64,480,,9,1,0.0,150.0,38.00,38.00,39.50,JWN, DIATOM MUD, OLIVE GRAY,,, GAS FEATURES*,,,, SOFT,,d80988429779e561ac2d841d6b122cc8
64,480,,9,2,0.0,150.0,38.00,39.50,41.00,JWN, DIATOM MUD, OLIVE GRAY, VARVES,,  *,,,, SOFT, 22212220,6ada290f2fa6d274f87377acc7d02a63
64,480,,9,3,0.0,85.0,38.00,41.00,41.85,JWN, DIATOM MUD, OLIVE GRAY,,,  *,,,, SOFT, 22212220,e4ebedf0a2c3dc64cbb40c83de408da7
64,480,,9,CC,0.0,15.0,38.00,41.95,42.00,JWN, DIATOM MUD, OLIVE GRAY,,,  *,,,, SOFT, 22212220,eb257ed31ff3b239b9a81808d93fc011
64,480,,10,1,0.0,150.0,42.75,42.75,44.25,JWN, DIATOM MUD, OB/OLIVE GRAY, VARVES,,  *,,,, SOFT, 22212220,d02fefd764e33c7b1831d2532095fae4
64,480,,10,2,0.0,150.0,42.75,44.25,45.75,JWN," DIATOM MUD,DIATOM OOZE", OLIVE BROWN TO OLIVE, VARVES,,  *,,,, SOFT, 22212220,c35387de0e323bba349c88f2266eaa57
64,480,,10,3,0.0,136.0,42.75,45.75,47.11,JWN," DIATOM MUD,DIATOM OOZE", OLIVE BROWN TO OLIVE, VARVES,,  *,,,, SOFT, 22212220,8c2edc7f8ea2a64dbba00d8116065285
64,480,,10,CC,0.0,15.0,42.75,47.21,47.26,JWN," DIATOM MUD,DIATOM OOZE", OB/OLIVE GRAY, VARVES, GREATLY DISTURBED, GAS FEATURES*,,,, SOFT, 22212220,ae505dccd27760cd7a81648788dbaaac
64,480,,11,1,0.0,150.0,47.50,47.50,49.00,JWN," DIATOM MUD,DIATOM OOZE",,,,  *,,,, SOFT,,ee3f37679953f0f232a19e8b1321138d
64,480,,11,CC,0.0,10.0,47.50,49.10,49.10,JWN, DIATOM OOZE,,,,  *,,,, SOFT, 21112220,e937541ce11ea761eab2d9ae75cea448
64,480,,12,CC,0.0,15.0,52.25,52.35,52.40,, DIATOM MUD,,,,  *,,,, SOFT, 22212220,3ebfd1275f681a63e98c23cec7a5d511
64,480,,13,1,0.0,50.0,61.75,61.75,62.25,JWN, DIATOM MUD, OLIVE GRAY TO GRAY,,,  *,,,, SOFT, 22212220,69f4046a058859d0c182aa85b0999d1d
64,480,,13,1,65.0,150.0,61.75,62.40,63.25,JWN, DIATOM MUD," OG,O S",,,  *,,,, SOFT, 22212220,400dfb13eefd4a788de9df6e10d2452e
64,480,,13,2,0.0,150.0,61.75,63.25,64.75,JWN, DIATOM MUD, GRAYISH OLIVE TO OLIVE BROWN," BURROWS,BEDDING,TURBIDITES,VARVES",,  *,,,, SOFT,,6f39a5a51271ef5a108bcf82a6082eca
64,480,,13,3,0.0,135.0,61.75,64.75,66.10,JWN," DIATOM MUD,DIATOM OOZE", OLIVE BROWN TO OLIVE, VARVES,,  *,,,, SOFT, 22212220,585a8b1ffc0c3ba167a15ce608760d42
64,480,,13,CC,0.0,15.0,61.75,66.20,66.25,JWN, DIATOM MUD, OLIVE BROWN TO OLIVE,,,  *,,,, SOFT, 22212220,1accb807e78e8781bea9c708921956c6
64,480,,14,1,0.0,150.0,66.50,66.50,68.00,JWN," DIATOM MUD,DIATOM OOZE", OLIVE BROWN TO OLIVE, VARVES,,  *,, PLANT DEBRIS,, SOFT,,995c086544e2357c461af99f81edcdda
64,480,,14,2,45.0,144.0,66.50,68.45,69.44,JWN, DIATOM MUD, GRAYISH OLIVE,,,  *,,,, SOFT,,c685987ecc65fc2ad7d6d5a68d849034
64,480,,14,3,10.0,112.0,66.50,69.60,70.62,JWN, DIATOM MUD, OLIVE BROWN TO GRAYISH OLIVE," LAMINAE,BURROWS",,  *,, PLANT DEBRIS,, SOFT, 22212220,0449e0f8fbb0d57d300dfdf4d25dc7fa
64,480,,14,CC,0.0,15.0,66.50,70.95,71.00,JWN, DIATOM MUD, OLIVE BROWN TO GRAYISH OLIVE,,,  *,,,, SOFT, 22212220,a22ca14c76f6470ce6a87122db194152
64,480,,15,1,0.0,99.0,71.25,71.25,72.24,JWN, DIATOM MUD, GRAYISH OLIVE TO OLIVE BROWN, VARVES,,  *,,,, SOFT, 22212220,d76c20665caa66473487c9ec960e4e91
64,480,,15,1,105.0,150.0,71.25,72.30,72.75,JWN, DIATOM MUD, GRAYISH OLIVE,,,  *,,,, SOFT, 22212220,07b56968c317a2f8897b008ca0a18aee
64,480,,15,2,0.0,11.0,71.25,72.75,72.86,JWN, DIATOM SILTY CLAY, GRAYISH OLIVE,,,  *,,,, SOFT, 22212220,865b3d4c813cc91992324e36cccb5469
64,480,,15,2,16.0,30.0,71.25,72.91,73.05,JWN, DIATOM SILTY CLAY, GRAYISH OLIVE,,,  *,,,, SOFT, 22212220,ae5a3ddb5e2d707152c40cb2fcd290c4
64,480,,15,2,39.0,53.0,71.25,73.14,73.28,JWN, DIATOM SILTY CLAY, GRAYISH OLIVE,,,  *,,,, SOFT, 22212220,5ac075933b892e3a64a323e80f0b68f0
64,480,,15,2,57.0,70.0,71.25,73.32,73.45,JWN, DIATOM SILTY CLAY, GRAYISH OLIVE,,,  *,,,, SOFT,,80368eab3dfe5ef128b10e20f30f31ab
64,480,,15,2,110.0,116.0,71.25,73.85,73.91,JWN, DIATOM SILTY CLAY, GRAYISH OLIVE,,,  *,,,, SOFT,,253ac5b62a773299a848ead95f89b1c0
64,480,,15,2,127.0,135.0,71.25,74.02,74.10,JWN, DIATOM SILTY CLAY, GRAYISH OLIVE,,,  *,,,, SOFT,,56b486083846d6982ccc313c4e9785cb
64,480,,15,2,143.0,150.0,71.25,74.18,74.25,JWN, DIATOM SILTY CLAY, GRAYISH OLIVE,,,  *,,,, SOFT,,83b1da24453f53514b7f12c5bab31004
64,480,,15,3,30.0,46.0,71.25,74.55,74.71,JWN, DIATOM SILTY CLAY, GRAYISH OLIVE, BURROWS,,  *,,,, SOFT,,93ec922ffcfa4963db5c62e3798ce43f
64,480,,15,3,55.0,65.0,71.25,74.80,74.90,JWN, DIATOM SILTY CLAY, GRAYISH OLIVE,,,  *,,,, SOFT,,2a197df3d22edde1789208bd0584d7dd
64,480,,15,CC,0.0,17.0,71.25,75.00,75.07,JWN, DIATOM SILTY CLAY, GRAYISH OLIVE,,,  *,,,, SOFT,,1b5a0b672e0c16e9dd1b0c1ed0f9cfaf
64,480,,16,1,0.0,74.0,76.00,76.00,76.74,JWN, DIATOM MUD + OOZE, OLIVE BROWN TO OLIVE, VARVES,,  *,,,, SOFT,,56f279c88a70f0fce2810b73fcdcd973
64,480,,16,1,80.0,123.0,76.00,76.80,77.23,JWN, DIATOM MUD + OOZE, OLIVE BROWN TO OLIVE, VARVES,,  *,,,, SOFT,,d036c9f41e2f3a8d55de9ba26da5249c
64,480,,16,1,128.0,150.0,76.00,77.28,77.50,JWN, DIATOM MUD + OOZE, OLIVE BROWN TO OLIVE, VARVES,,  *,,,, SOFT,,604ed5cee5179880955b5e3c213042f9
64,480,,16,2,0.0,150.0,76.00,77.50,79.00,JWN," DIATOM MUD,DIATOM OOZE", OLIVE BROWN TO OLIVE, VARVES,,  *,,,, SOFT,,73f36f78edeae84241895ac5de74921d
64,480,,16,3,0.0,135.0,76.00,79.00,80.35,JWN," DIATOM MUD,DIATOM OOZE", OLIVE BROWN TO OLIVE, VARVES,,  *,,,, SOFT,,9020e668c7c82abb08db78cabade2a3e
64,480,,16,CC,0.0,12.0,76.00,80.45,80.47,JWN," DIATOM MUD,DIATOM OOZE", OLIVE BROWN TO OLIVE,,,  *,,,, SOFT,,253b182385c04c31ff159b0b63eafe6d
64,480,,17,1,0.0,150.0,80.75,80.75,82.25,JWN," DIATOM MUD,DIATOM OOZE", OLIVE BROWN TO GRAYISH OLIVE, VARVES, GREATLY DISTURBED,  *,,,, SOFT,,3725092993bbf783df6b26f4848c2373
64,480,,17,2,0.0,150.0,80.75,82.25,83.75,JWN," DIATOM MUD,DIATOM OOZE", OB/GRAYISH OLIVE, VARVES, GREATLY DISTURBED,  *,,,, SOFT,,146d2da2199ac676a0b345a7145aba36
64,480,,17,3,0.0,130.0,80.75,83.75,85.05,JWN," DIATOM MUD,DIATOM OOZE", OLIVE BROWN TO OLIVE, VARVES, GREATLY DISTURBED,  *,,,, SOFT,,33e5cbc58fd248d5e85e22f49a99649c
64,480,,17,CC,0.0,20.0,80.75,85.20,85.30,JWN," DIATOM MUD,DIATOM OOZE", OLIVE BROWN TO OLIVE,,,  *,,,, SOFT,,c338bc24053686e1d387660b3208286e
64,480,,18,1,0.0,150.0,85.50,85.50,87.00,JWN," DIATOM MUD,OOZE", OLIVE BROWN TO OLIVE," VARVES,LAMINAE",, GAS FEATURES*,,,, SOFT,,b85d63c6c82ba04e6443b6940f233440
64,480,,18,2,0.0,150.0,85.50,87.00,88.50,JWN," DIATOM MUD,DIATOM OOZE", OLIVE BROWN TO OLIVE," VARVES,BEDDING",,  *,,,, SOFT,,9dfd04821adad91260440b7ff70777cc
64,480,,18,3,4.0,8.0,85.50,88.54,88.58,JWN," DIATOM MUD,DIATOM OOZE", OLIVE BROWN TO OLIVE, VARVES,,  *,,,, SOFT,,9b31652573ded2e0901ae1fa4befdc83
64,480,,18,3,10.0,20.0,85.50,88.60,88.70,JWN," DIATOM MUD,DIATOM OOZE", OLIVE BROWN TO OLIVE, VARVES,,  *,,,, SOFT,,1c90a00c42c332ef35bd5a2dcfc9a22d
64,480,,18,3,25.0,35.0,85.50,88.75,88.85,JWN," DIATOM MUD,DIATOM OOZE", OLIVE BROWN TO OLIVE, VARVES,,  *,,,, SOFT,,27e8995bcb9f4f6402471a71160aec59
64,480,,18,CC,0.0,13.0,85.50,89.35,89.38,JWN," DIATOM MUD,DIATOM OOZE", OLIVE BROWN TO OLIVE,,,  *,,,, SOFT,,169b42cf1522e5108d8ba04b6a212931
64,480,,19,1,0.0,150.0,90.25,90.25,91.75,JWN," DIATOM MUD,DIATOM OOZE", OLIVE BROWN TO OLIVE," BEDDING,BURROWS,CONTACTS",,  *,,,, SOFT,,b3f1dbead457e59e1a93d27a11990f06
64,480,,19,2,0.0,70.0,90.25,91.75,92.45,JWN, DIATOM MUD," GRAYISH OLIVE,OLIVE BROWN",,, BURROWS*,,,, SOFT,,2190c74232c1943741d33f645aacd06c
64,480,,19,2,74.0,148.0,90.25,92.49,93.23,JWN, DIATOM MUD," GRAYISH OLIVE,OLIVE BROWN", VARVES*,,,,,, SOFT,,90f8c225ccf2ca8fe0514db602bef3ef
64,480,,19,3,0.0,70.0,90.25,93.25,93.95,JWN," DIATOM MUD,DIATOM OOZE", OB/GRAYISH OLIVE, VARVES,,  *,,,, SOFT,,f846ea3d411b44f47ae947f65a35531d
64,480,,19,3,80.0,111.0,90.25,94.05,94.36,JWN," DIATOM MUD,DIATOM OOZE", OB/GRAYISH OLIVE,,,  *,,,, SOFT,,c786aa16896638337e1761faad5482da
64,480,,19,CC,0.0,20.0,90.25,94.46,94.56,JWN," DIATOM MUD,DIATOM OOZE", OB/GRAYISH OLIVE,,,  *,,,, SOFT,,b48d5bdc5941e3dd548b76cb8a6b7cce
64,480,,20,1,0.0,150.0,95.00,95.00,96.50,JWN," DIATOM MUD,DIATOM OOZE", OLIVE BROWN TO OLIVE TO GRAY," CONTACTS,VARVES",,  *,,,, SOFT,,51270fd7645a34721278f29d1922641e
64,480,,20,2,0.0,150.0,95.00,96.50,98.00,JWN," DIATOM MUD,DIATOM OOZE", OLIVE BROWN TO OLIVE," VARVES,LAMINAE",,  *,,,, SOFT, 22212220,5fbc699dd68d101a4e0d4d2fb5935ed3
64,480,,20,3,0.0,64.0,95.00,98.00,98.64,JWN," DIATOM MUD,DIATOM OOZE", OLIVE BROWN TO OLIVE, VARVES,,  *,,,, SOFT, 22212220,d63a48d7fdd099c044adfe4c4864f3ef
64,480,,20,CC,0.0,18.0,95.00,98.74,98.82,JWN," DIATOM MUD,DIATOM OOZE", OLIVE BROWN,,,  *,,,, SOFT, 22212220,9633bf0c82d0038d82b7041463821fa0
64,480,,21,1,0.0,16.0,99.75,99.75,99.91,JWN," DIATOM MUD,SILTY CLAY", OLIVE BROWN TO OLIVE,,,  *,,,, SOFT, 22212220,fc06ec27708677abce76b3782af2275b
64,480,,21,1,40.0,104.0,99.75,100.15,100.79,JWN," DIATOM MUD,SILTY CLAY", OLIVE BROWN TO OLIVE TO GREENISH GRAY, VARVES,,  *,,,, SOFT, 22212220,83d2f9e7000fda9a811ce38645024ca4
64,480,,21,1,109.0,130.0,99.75,100.84,101.05,JWN," DIATOM MUD,SILTY CLAY", OLIVE BROWN TO OLIVE,,,  *,,,, SOFT, 22212220,d62d2e6877e496ded88b0c14e6ccbe56
64,480,,21,1,130.0,142.0,99.75,101.05,101.17,JWN, LIMESTONE," OLIVE BROWN,GRAYISH YELLOW",,,  *,,,, LITHIFIED,,eba34d45b6083d3494306555316753f7
64,480,,21,1,142.0,150.0,99.75,101.17,101.25,JWN, SILTY SAND, BLUISH GRAY,,,  *,,,, SOFT, 33212000,ef01955773d2c6a78a934838ed60b31e
64,480,,21,2,0.0,52.0,99.75,101.25,101.77,JWN, TURBIDITES," BLUISH GRAY,OLIVE,OLIVE BROWN"," TURBIDITES,BEDDING",,,,,, SOFT, 33239000,61fe6a4ce403d646282652fd7c9223b1
64,480,,21,2,60.0,99.0,99.75,101.85,102.24,JWN, DIATOM MUD," BLUISH GRAY,OLIVE,OLIVE BROWN", TURBIDITES,,  *,,,, SOFT, 22212220,e438e45a624b01dbb90ca7fc1b6509a4
64,480,,21,2,115.0,150.0,99.75,102.40,102.75,JWN, DIATOM MUD," BLUISH GRAY,OLIVE,OLIVE BROWN", TURBIDITES,,  *,,,, SOFT, 22212220,2ca17d2dc40dcd0b68333bde72299403
64,480,,21,3,0.0,129.0,99.75,102.75,104.04,JWN, DIATOM MUD, OLIVE BROWN, VARVES,,  *,,,, SOFT, 22212220,f4387149c03c00cbda3f78be42e188ba
64,480,,21,CC,0.0,20.0,99.75,104.21,104.31,JWN, DIATOM MUD, OLIVE BROWN, BARBES,,  *,,,, SOFT, 22212220,8fa176ea4929ba6f585a87086982d218
64,480,,22,1,0.0,60.0,104.50,104.50,105.10,JWN, DIATOM MUD, OLIVE BROWN, VARVES,,  *,,,, SOFT, 22212220,43aa663589b8aaa6dcde17b12dcf7dc8
64,480,,22,1,64.0,74.0,104.50,105.14,105.24,JWN, DIATOM MUD, OLIVE BROWN, VARVES,,  *,,,, SOFT, 22212220,f2aaf7dbeccb05d00a7a437c64466087
64,480,,22,1,76.0,150.0,104.50,105.26,106.00,JWN, DIATOM MUD, OLIVE BROWN, VARBES,,  *,,,, SOFT, 22212220,103aa10145d6248351c8e21df2359f09
64,480,,22,2,10.0,25.0,104.50,106.10,106.25,JWN, DIATOM MUD, OLIVE BROWN, VARVES,,  *,,,, SOFT, 22212220,8614a78d4b52b5f6c59e0c3ecd3b9b5c
64,480,,22,2,29.0,46.0,104.50,106.29,106.46,JWN, DIATOM MUD, OLIVE BROWN, VARVES,,  *,,,, SOFT, 21112220,7385cd5e2c82ff43679a423d13f888cb
64,480,,22,2,49.0,150.0,104.50,106.49,107.50,JWN, DIATOM MUD, OLIVE BROWN, VARVES,,  *,,,, SOFT, 21112220,ec7c7e8e1a932a39f798129cac96cbc4
64,480,,22,3,0.0,136.0,104.50,107.50,108.86,JWN, DIATOM MUD," OLIVE BROWN,YELLOW,OLIVE"," VARVES,CROSS BEDDING",,  *,,,, SOFT, 22212220,44cdfba484e8ff3d23462cb94e73cc76
64,480,,22,CC,0.0,20.0,104.50,108.96,109.06,JWN, DIATOM MUD," OLIVE BROWN,YELLOW,OLIVE",,,  *,,,, SOFT, 22212220,0c3aad45d8f0e2adb18949e26676e8ed
64,480,,23,1,0.0,54.0,109.25,109.25,109.79,JWN, DIATOM MUD, OLIVE BROWN, VARVES, GREATLY DISTURBED,  *,,,, SOFT, 22212220,0b029ed19dc99e0ff3b63b73271b95dc
64,480,,23,1,61.0,74.0,109.25,109.86,109.99,JWN, DIATOM MUD, OLIVE BROWN, VARVES, GREATLY DISTURBED,  *,,,, SOFT, 22212220,5d0998f763d055a57eea88b0963cd79c
64,480,,23,1,80.0,90.0,109.25,110.05,110.15,JWN, DIATOM MUD, OLIVE BROWN, VARVES, GREATLY DISTURBED,  *,,,, SOFT, 22212220,3551d9d746e863af57ce6b3215413d1e
64,480,,23,1,103.0,150.0,109.25,110.28,110.75,JWN, DIATOM MUD, OLIVE BROWN, VARVES, GREATLY DISTURBED,  *,,,, SOFT, 22212220,e9a948bd20309f2153cc67f22e6238e5
64,480,,23,2,0.0,65.0,109.25,110.75,111.40,JWN, DIATOM MUD, OLIVE BROWN, VARVES, MODERATELY DISTURBED,  *,,,, SOFT, 22212220,c616867237b1d417a96522bc7d0219e9
64,480,,23,3,0.0,135.0,109.25,112.25,113.60,JWN, DIATOM MUD, OLIVE BROWN, VARVES,,  *,,,, SOFT, 22212220,6bdf6567c6af58db13d272bc314e63ad
64,480,,23,CC,0.0,12.0,109.25,113.70,113.72,JWN, DIATOM MUD, OLIVE BROWN, VARVES,,  *,,,, SOFT, 22212220,2d1cfdbca0b42354103c3035a8da4958
64,480,,25,1,0.0,36.0,118.75,118.75,119.11,JWN," DIATOM MUD,DIATOM OOZE", OLIVE BROWN,,,  *,,,, SOFT, 22212220,b8cae5c89e9656ef4e0819b6bf85f1ca
64,480,,25,1,40.0,64.0,118.75,119.15,119.39,JWN," DIATOM MUD,DIATOM OOZE", OLIVE BROWN, MOTTLING,,  *,,,, SOFT, 22212220,2ce047474a22247c9007e714b41da64a
64,480,,25,1,68.0,90.0,118.75,119.43,119.65,JWN," DIATOM MUD,DIATOM OOZE", OLIVE BROWN,,,  *,,,, SOFT, 22212220,517559ef0e365f6ab96e85fc8cfcde47
64,480,,25,1,100.0,130.0,118.75,119.75,120.05,JWN," DIATOM MUD,DIATOM OOZE", OLIVE BROWN, VARVES,,  *,,,, SOFT, 22212220,6994b800059a085442f19663dc56ab8d
64,480,,25,1,130.0,150.0,118.75,120.05,120.25,JWN, DIATOM SILTY CLAY, OLIVE BROWN, BURROWS,,  *,,,, SOFT,,12c8908b1648b24114d6ffdcdf968a3e
64,480,,25,2,0.0,25.0,118.75,120.25,120.50,JWN, DIATOM SILTY CLAY, OLIVE BROWN, BURROWS,,  *,,,, SOFT, 22212220,6f0e2cd915d6c44ee6d7bd8978add92c
64,480,,25,2,30.0,105.0,118.75,120.55,121.30,JWN, DIATOM SILTY CLAY, OLIVE BROWN," VARVES,BURROWS",,  *,,,, SOFT, 22212220,6ab4966aaa3b085683dbf287ca6825b3
64,480,,25,2,110.0,150.0,118.75,121.35,121.75,JWN, DIATOM SILTY CLAY, OLIVE BROWN," VARVES,BURROWS",,  *,,,, SOFT, 22212220,94042bd8c088258dafe50e98152cbf4d
64,480,,25,3,0.0,1.0,118.75,121.75,121.76,JWN," DIATOM MUD,DIATOM OOZE", OLIVE BROWN,,,  *,,,, SOFT, 22212220,57232d1ad450553188eb934d002ae2bd
64,480,,25,3,5.0,58.0,118.75,121.80,122.33,JWN," DIATOM MUD,DIATOM OOZE", OLIVE BROWN,,,  *,,,, SOFT, 22212220,a722d695f3e32518e7cd8fcf095c9f9c
64,480,,25,3,64.0,140.0,118.75,122.39,123.15,JWN," DIATOM MUD,DIATOM OOZE"," OLIVE BROWN,BLUISH GRAY", VARVES,,  *,,,, SOFT, 22212220,a05d6236a512bfc45260b71e0041e84a
64,480,,25,CC,0.0,20.0,118.75,123.25,123.35,JWN, DIATOM MUD, OLIVE BROWN,,,  *,,,, SOFT, 22212220,bbe675517d7917f2aaf2c71adabe93fe
64,480,,26,1,0.0,10.0,123.50,123.50,123.60,KK, MUDDY DIATOM OOZE TO MUD, OLIVE BROWN TO OLIVE," LAMINAE,VARVES",,  *,,,, SOFT, 22212220,7c2232892a882adfcdd13e4a46617869
64,480,,26,1,15.0,65.0,123.50,123.65,124.15,KK, MUDDY DIATOM OOZE TO MUD, OLIVE BROWN TO OLIVE," LAMINAE,VARVES",,  *,,,, SOFT, 22212220,6152499d79e68a12442605e7e7fc4574
64,480,,26,1,70.0,150.0,123.50,124.20,125.00,KK, MUDDY DIATOM OOZE TO MUD, OLIVE BROWN TO OLIVE," LAMINAE,MOTTLING,VARVES",,,,,, SOFT, 22212220,4ebbcf2c62a3d40e92679b4e8d206ef9
64,480,,26,2,0.0,150.0,123.50,125.00,126.50,KK, DIATOM MUD, OLIVE BROWN,,,  *,,,, SOFT,,6136f1510b39e07f2b6dd6dd04b9dc73
64,480,,26,3,0.0,115.0,123.50,126.50,127.65,KK, DIATOM MUD, OLIVE GRAY, LAMINAE,, GAS FEATURES*,," FISH BONES,FISH SCALES",, SOFT,,a3c53dca79f3abfbafa41b53ed64783f
64,480,,26,CC,0.0,21.0,123.50,128.05,128.16,KK, DIATOM MUD, OLIVE GRAY,,,  *,,,, SOFT,,33a1409a5175efeb6e70c4ac0ad9b899
64,480,,27,1,0.0,52.0,128.25,128.25,128.77,KK, MUDDY DIATOM OOZE, OLIVE BROWN TO OLIVE," LAMINAE,CONTACTS,VARVES",,  *,,,, SOFT,,f8fb5ae1e836416d28f88e5296104844
64,480,,27,1,62.0,102.0,128.25,128.87,129.27,KK, MUDDY DIATOM OOZE, OLIVE BROWN TO OLIVE," CONTACTS,BURROWS",,  *,,,, SOFT,,2e5a71c70a046ed9c4cbb21e1cd52b9a
64,480,,27,1,108.0,150.0,128.25,129.33,129.75,KK, MUDDY DIATOM OOZE, OLIVE BROWN TO OLIVE,,,  *,,,, SOFT,,95e07458f93c9b93036e362b25109163
64,480,,27,2,0.0,10.0,128.25,129.75,129.85,KK, MUDDY DIATOM OOZE, OLIVE BROWN TO OLIVE,,,  *,,,, SOFT,,17400719ad863902d2f809d77fc54e6d
64,480,,27,2,17.0,150.0,128.25,129.92,131.25,KK, MUDDY DIATOM OOZE," OLIVE BROWN,GRAYISH OLIVE,OLIVE", BURROWS,,,, PLANT DEBRIS U  *,, SOFT,,d7fca8802945a28a339b26386b9b7026
64,480,,27,3,4.0,137.0,128.25,131.29,132.62,KK, MUDDY DIATOM OOZE, OLIVE BROWN TO OLIVE, BURROWS(?),,  *,,,, SOFT,,69fcba61210b4a66afed100420236943
64,480,,27,CC,10.0,20.0,128.25,132.72,132.82,KK, DIATOM OOZE TO SILTY OOZE, OLIVE,,,  *,,,, SOFT,,4f770f84021678b75de5e3a9736abe4a
64,480,,28,1,0.0,150.0,133.00,133.00,134.50,KK," DIATOM OOZE,MUDDY DIATOM OOZE"," OLIVE,OLIVE BROWN", VARVES, GREATLY DISTURBED, VOLCANOGENIC DEPOSITS*, PUMICE, WOOD DEBRIS,, SOFT,,20418cf87fcc6f6b9ad0165decf1b02a
64,480,,28,2,0.0,150.0,133.00,134.50,136.00,KK, DIATOM OOZE, OLIVE BROWN, VARVES, GREATLY DISTURBED,  *,,,, SOFT, 21112220,69d44557260e6eec6d27bd36bcaba86b
64,480,,28,3,0.0,138.0,133.00,136.00,137.38,KK, DIATOM OOZE, OLIVE BROWN, VARVES, GREATLY DISTURBED,  *,,,, SOFT, 21112220,532c951cc81df5fa4d9cbdb5b6c40359
64,480,,28,CC,0.0,15.0,133.00,137.48,137.53,KK, DIATOM OOZE, OLIVE BROWN,, GREATLY DISTURBED,  *,,,, SOFT, 21112220,49753445f33e64af653e91f41ef680bf
64,480,,29,1,0.0,69.0,137.75,137.75,138.44,KK, DIATOM OOZE," DARK BROWN,OLIVE BROWN,OLIVE,DUSKY YELLOW", LAMINAE,,  *,,,, SOFT, 21112220,292fd9dcb31a449001885983dd8b8ce2
64,480,,29,1,85.0,130.0,137.75,138.60,139.05,KK, DIATOM OOZE," OLIVE BROWN,OLIVE,DUSKY YELLOW", LAMINAE,, GAS FEATURES*,,,, SOFT, 21112220,31ee8e69184ded43c817a3678926f080
64,480,,29,2,7.0,80.0,137.75,139.32,140.05,KK, DIATOM OOZE," OLIVE BROWN,OLIVE"," LAMINAE,VARVES",,  *,,,, SOFT, 21112220,db5b4e36daa415111188e4c809a94240
64,480,,29,2,86.0,150.0,137.75,140.11,140.75,KK, DIATOM OOZE, OLIVE BROWN TO OLIVE," LAMINAE,VARVES",,  *,,,, SOFT, 21112220,7bdd5484722e938d653943900a3d9189
64,480,,29,3,0.0,83.0,137.75,140.75,141.58,KK," DIATOM OOZE,MUDDY DIATOM OOZE", OLIVE BROWN, VARVES,,  *,,,, SOFT, 21112220,51b87bcaa0081ed7612d73b2f3e40409
64,480,,29,3,87.0,137.0,137.75,141.62,142.12,KK," DIATOM OOZE,MUDDY DIATOM OOZE"," OLIVE BROWN,DUSKY YELLOW", VARVES,,  *,,,, SOFT, 21112220,96323af3a5c5bb8423a605ff44a3ba8c
64,480,,29,CC,0.0,20.0,137.75,142.23,142.33,KK, MUDDY DIATOM OOZE, OLIVE,,,  *,,,, SOFT, 22112220,a1ba54be3be0efe4a39da644859012c9
64,480,,30,1,0.0,50.0,142.50,142.50,143.00,JWN, MUDDY DIATOM OOZE," GRAYISH OLIVE,OLIVE,YELLOW", VARVES,, GAS FEATURES*,,,, SOFT, 22112220,dae4851c92e31088fe9ca4a6c3172dd8
64,480,,30,1,56.0,65.0,142.50,143.06,143.15,JWN, MUDDY DIATOM OOZE," GRAYISH OLIVE,OLIVE,YELLOW", VARVES,,  *,,,, SOFT, 22112220,f3d656518d92ea5bbe25da0223fe4e55
64,480,,30,1,70.0,150.0,142.50,143.20,144.00,JWN, MUDDY DIATOM OOZE," GRAYISH OLIVE,OLIVE,YELLOW", VARVES,,  *,,,, SOFT, 22112220,d7175d44c5f88688985e694ace92c684
64,480,,30,2,0.0,45.0,142.50,144.00,144.45,JWN," MUDDY DIATOM OOZE,DIATOM OOZE"," OLIVE BROWN,GRAYISH OLIVE,OLIVE,YELLOW", VARVES,,  *,,,, SOFT, 22112220,c15bf5b377d14e9a08d484c8ca1073f2
64,480,,30,CC,0.0,8.0,142.50,144.56,144.54,JWN, MUDDY DIATOM OOZE, OLIVE BROWN,,,  *,,,, SOFT, 22112220,157878847679bfdcf456efe35bf1fa02
64,480,,31,1,0.0,150.0,147.25,147.25,148.75,JWN, MUDDY DIATOM OOZE," OLIVE BROWN,GRAYISH OLIVE,OLIVE,YELLOW"," VARVES,BEDDING",, GAS FEATURES*,,,, SOFT, 22112220,d18f34ba3f4212e84740ff94709e8385
64,480,,31,2,0.0,107.0,147.25,148.75,149.82,JWN, MUDDY DIATOM OOZE," OLIVE BROWN,GRAYISH OLIVE", VARVES,,  *,,,, SOFT, 22112220,7b0f933512420a8ebe4400fc2b5fdcaa
64,480,,31,2,110.0,150.0,147.25,149.85,150.25,JWN, MUDDY DIATOM OOZE," OLIVE BROWN,GRAYISH OLIVE", VARVES,,  *,,,, SOFT, 22112220,80c211fe2d20ee5f74b470de6b0a92b8
64,480,,31,3,0.0,136.0,147.25,150.25,151.61,JWN, MUDDY DIATOM OOZE," OLIVE BROWN,GRAYISH OLIVE,OLIVE", VARVES,,  *,,,, SOFT, 22112220,dae6042af1a93eb268006baa5b99454a
64,480,,31,CC,0.0,17.0,147.25,151.71,151.78,JWN, MUDDY DIATOM OOZE," OLIVE BROWN,GRAYISH OLIVE,OLIVE",,,  *,,,, SOFT, 22112220,64f5c81827354af634d8fd8650dd904e
