Sample,Top [cm],Bottom [cm],Top Depth [m],Bottom Depth [m],Zone name (short),Zone name,Genus/species (upper zone),Genus/species lower zone),Preservation,Group abundance,Amaurolithus amplificus,Amaurolithus delicatus,Amaurolithus primus,Amaurolithus tricorniculatus,Amaurolithus spp.,Braarudosphaera bigelowii,Calcidiscus leptoporus,Calcidiscus macintyrei,Calcidiscus pacificanus,Calcidiscus pataecus,Calcidiscus premacintyrei,Calcidiscus tropicus,Calcidiscus spp.,Calciosolenia fossilis,Calciosolenia murrayi,Catinaster calyculus,Catinaster coalitus,Catinaster mexicanus,Catinaster spp.,Ceratolithus acutus,Ceratolithus atlanticus,Ceratolithus cristatus,Ceratolithus larrymayeri,Ceratolithus rugosus,Ceratolithus telesmus,Ceratolithus tricorniculatus,Ceratolithus spp.,Coccolithus miopelagicus,Coccolithus pelagicus,Coronocyclus nitescens (circular),Coronocyclus nitescens (elliptical),Coronocyclus prionion,Coronocyclus spp.,Cryptococcolithus mediaperforatus,Cyclicargolithus abisectus,Cyclicargolithus floridanus,"Discoaster ""six-rayed""",Discoaster adamanteus,Discoaster altus,Discoaster asymmetricus,Discoaster bellus,Discoaster bergenii,Discoaster berggrenii,Discoaster bollii,Discoaster braarudii,Discoaster brouweri,Discoaster calcaris,Discoaster challengeri,Discoaster deflandrei,Discoaster druggii (< 15 microns),Discoaster exilis,Discoaster hamatus,Discoaster hamatus/bellus,Discoaster kugleri,Discoaster loeblichii,Discoaster moorei,Discoaster musicus,Discoaster neohamatus,Discoaster neorectus,Discoaster pentaradiatus,Discoaster petaliformis,Discoaster prepentaradiatus,Discoaster quinqueramus,Discoaster signus,Discoaster spp. (Neogene),Discoaster stellulus,Discoaster surculus,Discoaster tamalis,Discoaster triradiatus,Discoaster variabilis,Emiliania huxleyi,Florisphaera profunda,Gephyrocapsa caribbeanica,Gephyrocapsa caribbeanica (large),Gephyrocapsa ericsonii,Gephyrocapsa muellerae,Gephyrocapsa oceanica ,Gephyrocapsa omega,Gephyrocapsa spp. (large >5.5 microns),Gephyrocapsa spp. (medium 4-5.5 microns),Gephyrocapsa spp. small (<4 microns),Hayaster perplexus,Hayella challengeri,Helicosphaera ampliaperta,Helicosphaera carteri,Helicosphaera carteri var. walichii,Helicosphaera euphratis,Helicosphaera granulata,Helicosphaera hyalina,Helicosphaera intermedia,Helicosphaera inversa,Helicosphaera mediterranea,Helicosphaera minuta,Helicosphaera obliqua,Helicosphaera orientalis,Helicosphaera perch-nielseniae,Helicosphaera princei,Helicosphaera recta,Helicosphaera scissura,Helicosphaera sellii,Helicosphaera stalis,Helicosphaera truempyi,Helicosphaera vedderi,Helicosphaera walbersdorfensis,Helicosphaera wallichii,Helicosphaera waltrans,Helicosphaera spp. (Negoene),Hughesius tasmaniae,Ilselithina fusa,Minylitha convallis,Neosphaera coccolithomorpha,Nicklithus amplificus,Oolithotus fragilis,Orthorhabdus serratus,Pontosphaera discopora,Pontosphaera japonica,Pontosphaera multipora,Pontosphaera spp. (Neogene),Pseudoemiliania lacunosa,Pseudoemiliania ovata,Reticulofenestra spp.,Reticulofenestra antarctica,Reticulofenestra asanoi,Reticulofenestra haqii,Reticulofenestra minuta,Reticulofenestra pseudoumbilicus (>7 microns),Reticulofenestra pseudoumbilicus (5-7 microns),Reticulofenestra rotaria,Rhabdosphaera clavigera,Rhabdosphaera sicca,Rhabdosphaera stylifera,Rhabdosphaera spp.,Sphenolithus spp.,Sphenolithus abies,Sphenolithus belemnos,Sphenolithus calyculus,Sphenolithus capricornutus,Sphenolithus conicus,Sphenolithus delphix,Sphenolithus disbelemnos,Sphenolithus dissimilis,Sphenolithus heteromorphus,Sphenolithus moriformis,Sphenolithus neoabies,Syracolithus schilleri,Syracosphaera spp. (Neogene),Triquetrorhabdulus carinatus,Triquetrorhabdulus millowii,Triquetrorhabdulus rioi,Triquetrorhabdulus rugosus,Umbilicosphaera hulburtiana,Umbilicosphaera jafari,Umbilicosphaera rotula,Umbilicosphaera sibogae,Uniplanarius,Sphenolithus ciperoensis,Sphenolithus distentus,Blackites creber,Blackites deflandrei,Blackites gamai,Blackites gladius,Blackites herculesii,Blackites inflatus,Blackites perlongus,Blackites tenuis,Bramietteius serraculoides,Chiasmolithus altus,Chiasmolithus oamaruensis,Clausicoccus fenestratus,Clausicoccus subdistichus,Clausicoccus vanheckiae,Clausicoccus spp.,Coccolithus eopelagicus,Coccolithus formosus,Coccolithus spp.,Cruciplacolithus spp.,Cyclicargolithus luminis,Dactylethra punctulata,Discoaster tanii,Discoaster tanii ornatus,Discoaster spp. (Paleogene),Hayella situliformis,Helicosphaera bramlettei,Helicosphaera compacta,Helicosphaera spp. (Palegoene),Lanternithus minutus,Micrantholithus spp.,Neochiastozygus rosenkrantzii,Neochiastozygus spp.,Pedinocyclus larvalis,Pontosphaera exilis,Pontosphaera latelliptica,Pontosphaera sigmoidalis,Pontosphaera spp. (Paleogene),Reticulofenestra bisecta,Reticulofenestra dictyoda,Reticulofenestra lockerii,Reticulofenestra scrippsae,Reticulofenestra umbilicus (>14um),Rhabdosphaera vitrea,Syracosphaera spp. (Paleogene),Toweius spp.,Triquetrorhabdulus longus,Umbilicosphaera jordanii,Zygrhablithus bijugatus,Chiasmolithus gigas,Chiasmolithus grandis,Chiasmolithus nitidus,Chiasmolithus solitus,Clathrolithus spinosus,Coccolithus mutatus,Coronocyclus bramlettei,Discoaster barbadiensis,Discoaster bifax,Discoaster diastypus,Discoaster kuepperi,Discoaster lodoensis,Discoaster nodifer,Discoaster pacificus,Discoaster saipanensis,Discoaster sublodoensis,Discoaster wemmelensis,Ellipsolithus lajollaensis,Helicosphaera clarissima,Helicosphaera dinesenii,Helicosphaera heezenii,Helicosphaera lophota,Helicosphaera reticulata,Helicosphaera seminulum,Helicosphaera wilcoxonii,Isthmolithus recurvus,Micrantholithus altus,Micrantholithus flos,Micrantholithus vesper,Nannotetrina cristata,Nannotetrina fulgens,Orthozygus aureus,Pemma basquense,Pemma papillatum,Pontosphaera duocava,Pontosphaera plana,Pontosphaera pulchra,Pseudotriquetrorhabdulus inversus,Reticulofenestra callida,Reticulofenestra reticulata,Sphenolithus editus,Sphenolithus furcatolithoides,Sphenolithus obtusus,Sphenolithus predistentus,Sphenolithus pseudoradians,Sphenolithus radians,Sphenolithus spiniger,Toweius callosus,Toweius crassus,Toweius occultatus,Toweius pertusus,Tribrachiatus bramlettei,Tribrachiatus contortus,Tribrachiatus orthostylus,Zeugrhabdotus sigmoides,Biantholithus sparsus,Campylosphaera eodela,Chiasmolithus bidens,Chiasmolithus consuetus,Cruciplacolithus primus,Cruciplacolithus tenuis,Corannulus germanicus,Discoaster acutus,Discoaster binodosus,Discoaster falcatus,Discoaster mahmoudii,Discoaster mediosus,Discoaster megastypus,Discoaster mohleri,Discoaster multiradiatus,Discoaster nobilis,Discoaster salisburgensis,Ellipsolithus anadoluensis,Ellipsolithus bollii,Ellipsolithus distichus,Ellipsolithus macellus,Ericsonia robusta,Futyania attewellii,Futyania petalosa,Fasciculithus richardii,Fasciculithus schaubii,Fasciculithus thomasii,Fasciculithus tonii,Fasciculithus tympaniformis,Heliolithus cantabriae,Heliolithus kleinpellii,Heliolithus riedelii,Hornibrookina edwardsii,Lanternithus simplex,Lithostromation perdurum,Markalius inversus,Neobiscutum parvulum,Neochiastozygus junctus,Neococcolithes protenus,Pontosphaera rimosa,Prinsius bisulcus,Prinsius dimorphosus,Prinsius martinii,Rhomboaster spp.,Sphenolithus anarrhopus,Sphenolithus primus,Toweius eminens,Zygodiscus sheldoniae,Calcisphere,Ahmuellerella octoradiata,Arkhangelskiella cymbiformis,Arkhangelskiella maastrichtiensis,Arkhangelskiella paucipunctata,Biscutum arrogans,Biscutum boletum,Biscutum constans,Biscutum coronum,Biscutum dissimilis,Biscutum ellipticum,Biscutum erismatum,Biscutum magnum,Biscutum melaniae,Biscutum notaculum,Biscutum spp.,Biscutum virginica,Blackites spinosus,Broinsonia parca,Broinsonia parca constricta,Broinsonia parca parca,Broinsonia spp.,Calculites obscurus,Calculites spp.,Ceratolithina spp.,Ceratolithoides,Ceratolithoides aculeus,Ceratolithoides kamptneri,Conusphaera,Conusphaera mexicana,Conusphaera rothii,Cretarhabdus crenulatus,Cretarhabdus striatus,Cribrocorona gallica,Cribrosphaerella daniae,Cribrosphaerella ehrenbergii,Cruciellipsis cuvillieri,Cruciplacolithus cruciformis,Cruciplacolithus latipons,Cyclagelosphaera margerelii,Cyclagelosphaera spp.,Cylindralithus nudus,Eiffellithus eximius,Eiffellithus parallelus,Eiffellithus sp.,Eprolithus eptapetalus,Gorkea spp.,Kamptnerius magnificus,Lapideacassis blackii,Lithraphidites alatus,Lithraphidites quadratus,Lucianorhabdus spp.,Manivitella pemmatoidea,Microrhabdulus decoratus,Microrhabdulus spp.,Micula concava,Micula decussata,Micula murus,Micula praemurus,Micula prinsii,Misceomarginatus pleniporus,Monomarginatus quaternarius,Nannoconus kamptneri,Nannoconus spp.,Nannoconus steinmannii,Nannotetrina spp.,Nephrolithus frequens,Octocyclus sp.,Perissocyclus fenestratus,Petrarhabdus copulatus,Placozygus spp.,Prediscosphaera cretacea,Prediscosphaera grandis,Prediscosphaera spinosa,Quadrum spp.,Reinhardtites levis,Retecapsa angustiforata,Retecapsa crenulata,Rhagodiscus asper,Rheinhardites anthophorus,Staurolithites spp.,Tetrapodorhabdus decorus,Tortolithus caistorensis,Tranolithus orionatus,Tranolithus phacelosus,Tranolithus spp.,Uniplanarius sissinghii,Uniplanarius trifidus,Watznaueria barnesae,Watznaueria biporta,Sample comment,Ship File Links,Shore File Links,File Data,Exp,Site,Hole,Core,Type,Section,A/W
354-U1454B-1H-CC-PAL-NANNO-NANNO SS,0,0,7.07,7.07,NN21 [G12],"NN21 - Emiliania huxleyi (Gradstein et al., 2012)",Present Day modern,Emiliania huxleyi,M [P35],C [A94],,,,,,,R,,,,,,,,,,,,,,,,,,,,R,,,,,,R,,,,,,,,,,,,,,,,,,,,,,,,,,,,,,,,,,,,,,VF,,R,,,,VF,,,R,F,,,,R,,,,,,,,,,,,,,,,,,,,,,,,,,,,,,,,,,,,,,,,,,,,,,,,,,,,,,,,,,,,,R,,,,,,,,R,,,,,,,,,,,,,,,,,,,,,,,,,,,,,,,,,,,,,,,,,,,,,,,,,,,,,,,,,,,,,,,,,,,,,,,,,,,,,,,,,,,,,,,,,,,,,,,,,,,,,,,,,,,,,,,,,,,,,,,,,,,,,,,,,,,,,,,,,,,,,,,,,,,,,,,,,,,,,,,,,,,,,,,,,,,,,,,,,,,,,,,,,,,,,,,,,,,,,,,,,,,,,,,,,,,,,,,,,,,,,,,,,,,,,,,,,,,,,,,,,,,,,,,,,354,U1454,B,1,H,CC,P
354-U1454B-2H-CC-PAL-NANNO-NANNO SS,0,0,15.99,15.99,NN21 [G12],"NN21 - Emiliania huxleyi (Gradstein et al., 2012)",Present Day modern,Emiliania huxleyi,M [P35],C [A94],,,,,,,VF,,,,,R,,,,,,,,,,,,,,,R,,,,,,R,,,,,,,,,,,,,,,,,,,,,,,,,,,,,,,,,,,,,,R,,VF,,,,VF,,,R,VF,,,,,,,,,,,,,,,,,,,,,,,,,,R,,,,,,,,,,,,,,,,,,,,,,,,,,,,,,,,,,,,,,,,,,,,,,,R,,,,,,,,,,,,,,,,,,,,,,,,,,,,,,,,,,,,,,,,,,,,,,,,,,,,,,,,,,,,,,,,,,,,,,,,,,,,,,,,,,,,,,,,,,,,,,,,,,,,,,,,,,,,,,,,,,,,,,,,,,,,,,,,,,,,,,,,,,,,,,,,,,,,,,,,,,,,,,,,,,,,,,,,,,,,,,,,,,,,,,,,,,,,,,,,,,,,,,,,,,,,,,,,,,,,,,,,,,,,,,,,,,,,,,,,,,,,,,,,,,,,,,,,,354,U1454,B,2,H,CC,P
354-U1454B-3H-CC-PAL-NANNO-NANNO SS,0,0,25.4,25.4,NN21 [G12],"NN21 - Emiliania huxleyi (Gradstein et al., 2012)",Present Day modern,Emiliania huxleyi,E [P35],C [A94],,,,,,,R,,,,,R,R,,,,,,,,,,,,,,R,,,,,,,,,,,,,,,,,,,,,,,,,,,,,,,,,,,,,,,,,,,,C,C,,,,,VF,,,,VF,,,,,,,,,,,,,,,,R,,,,,,,,,,,,,,,,R,,,,,,,,,,,,,,,,,,,,,,,,,,,,,,,,,R,,,,,,,VF,VF,,,,,,,,,,,,,,,,,,,,,,,,,,,,,,,,,,,,,,,,,,,,,,,,,,,,,,,,,,,,,,,,,,,,,,,,,,,,,,,,,,,,,,,,,,,,,,,,,,,,,,,,,,,,,,,,,,,,,,,,,,,,,,,,,,,,,,,,,,,,,,,,,,,,,,,,,,,,,,,,,,,,,,,,,,,,,,,,,,,,,,,,,,,,,,,,,,,,,,,,,,,,,,,,,,,,,,,,,,,,,,,,,,,,,,,,,,,,,,,,,,,,,,,,,354,U1454,B,3,H,CC,P
354-U1454B-4H-CC-PAL-NANNO-NANNO SS,0,0,31.48,31.48,NN19 - NN21 [G12],"NN19 - Pseudoemiliania lacunosa (Gradstein et al., 2012) to NN21 - Emiliania huxleyi (Gradstein et al., 2012)",Present Day modern,Discoaster brouweri,M [P35],C [A94],,,,,,,VF,,,,,R,,,,,,,,,,,,,,,,,,,,,,,,,,,,,,,,,,,,,,,,,,,,,,,,,,,,,,,,,,,,,R,,,,VF,,R,,F,,,,,,,,,,,,,,,,,,,,,,,,,,R,,,,,,,,,,,,R,,R,,,,,,,,,,,,,,,,,,,,,,,,,,,,,,,,,,,,,,,,,,,,,,,,,,,,,,,,,,,,,,,,,,,,,,,,,,,,,,,,,,,,,,,,,,,,,,,,,,,,,,,,,,,,,,,,,,,,,,,,,,,,,,,,,,,,,,,,,,,,,,,,,,,,,,,,,,,,,,,,,,,,,,,,,,,,,,,,,,,,,,,,,,,,,,,,,,,,,,,,,,,,,,,,,,,,,,,,,,,,,,,,,,,,,,,,,,,,,,,,,,,,,,,,,,,,,,,,,,,,,,,,,,,,,,,,,,,,,,,,,,354,U1454,B,4,H,CC,P
354-U1454B-5F-CC-PAL-NANNO-NANNO SS,0,0,34.51,34.51,NN21 [G12],"NN21 - Emiliania huxleyi (Gradstein et al., 2012)",Present Day modern,Emiliania huxleyi,M [P35],VF [A94],,,,,,,,R,,,,,,,,,,,,,,,,,,,,,,,,,,,,,,,,,,,,,,,,,,,,,,,,,,,,,,,,,,,,,,,R,,R,,,,R,R,,,VF,,,,,,,,,,,,,,,,,,,,,,,,,,,,,,,,,,,,,,,,R,,,,,,,,,,,,,,,,,,,,,,,,,,,,,,,,,,,,,,,,,,,,,,,,,,,,,,,,,,,,,,,,,,,,,,,,,,,,,,,,,,,,,,,,,,,,,,,,,,,,,,,,,,,,,,,,,,,,,,,,,,,,,,,,,,,,,,,,,,,,,,,,,,,,,,,,,,,,,,,,,,,,,,,,,,,,,,,,,,,,,,,,,,,,,,,,,,,,,,,,,,,,,,,,,,,,,,,,,,,,,,,,,,,,,,,,,,,,,,,,,,,,,,,,,,,,,,,,,,,,,,,,,,,,,,,,,,,,,,,,,,354,U1454,B,5,F,CC,P
354-U1454B-6F-CC-PAL-NANNO-NANNO SS,0,0,37.95,37.95,NN19 - NN21 [G12],"NN19 - Pseudoemiliania lacunosa (Gradstein et al., 2012) to NN21 - Emiliania huxleyi (Gradstein et al., 2012)",Present Day modern,Discoaster brouweri,M [P35],C [A94],,,,,,,VF,R,,,,R,,,,,,,,,,,,,,,R,,,,,,,,,,,,,,,,,,,,,,,,,,,,,,,,,,,,,,,,,,,,,,,,,,VF,R,,VF,F,,,,,,,,,,,,,,,,,,,,,,,,,,,,,,,,,,,,,,,,VF,,,,,,,,,,,,,,,,,,,,,,,,,,,,,,,,,R,,,,,,,,,,,,,,,,,,,,,,,,,,,,,,,,,,,,,,,,,,,,,,,,,,,,,,,,,,,,,,,,,,,,,,,,,,,,,,,,,,,,,,,,,,,,,,,,,,,,,,,,,,,,,,,,,,,,,,,,,,,,,,,,,,,,,,,,,,,,,,,,,,,,,,,,,,,,,,,,,,,,,,,,,,,,,,,,,,,,,,,,,,,,,,,,,,,,,,,,,,,,,,,,,,,,,,,,,,,,,,,,,,,,,,,,,,,,,,,,,,,,,,,,,354,U1454,B,6,F,CC,P
354-U1454B-8F-CC-PAL-NANNO-NANNO-SS,0,0,48.49,48.49,NN21 [G12],"NN21 - Emiliania huxleyi (Gradstein et al., 2012)",Present Day modern,Emiliania huxleyi,M [P35],F [A94],,,,,,,,,,,,,,,,,,,,,,,,,,,,,,,,,,,,,,,,,,,,,,,,,,,,,,,,,,,,,,,,,,,,,,,R,VF,,,,,VF,,,,R,,,,,,,,,,,,,,,,,,,,,,,,,,,,,,,,,,,,,,,,,,,,,,,,,,,,,,,,,,,,,,,,,,,,,,,,,,,,,,,,,,,,,,,,,,,,,,,,,,,,,,,,,,,,,,,,,,,,,,,,,,,,,,,,,,,,,,,,,,,,,,,,,,,,,,,,,,,,,,,,,,,,,,,,,,,,,,,,,,,,,,,,,,,,,,,,,,,,,,,,,,,,,,,,,,,,,,,,,,,,,,,,,,,,,,,,,,,,,,,,,,,,,,,,,,,,,,,,,,,,,,,,,,,,,,,,,,,,,,,,,,,,,,,,,,,,,,,,,,,,,,,,,,,,,,,,,,,,,,,,,,354,U1454,B,8,F,CC,P
354-U1454B-9F-CC-PAL-NANNO-NANNO-SS,0,0,53.13,53.13,NN21 [G12],"NN21 - Emiliania huxleyi (Gradstein et al., 2012)",Present Day modern,Emiliania huxleyi,G [P35],F [A94],,,,,,,R,,,,,,,,,,,,,,,,,,,,,,,,,,,,,,,,,,,,,,,,,,,,,,,,,,,,,,,,,,,,,,,,VF,,R,,,,R,,,VF,VF,,,,R,R,,,,,,,,,,,,,,,,,,,R,,,,,,,,,,,,,,,,,,,,,,,,,,,,,,,,,,,,,,,,,,,,,,,,,R,,,,,,,,,,,,,,,,,,,,,,,,,,,,,,,,,,,,,,,,,,,,,,,,,,,,,,,,,,,,,,,,,,,,,,,,,,,,,,,,,,,,,,,,,,,,,,,,,,,,,,,,,,,,,,,,,,,,,,,,,,,,,,,,,,,,,,,,,,,,,,,,,,,,,,,,,,,,,,,,,,,,,,,,,,,,,,,,,,,,,,,,,,,,,,,,,,,,,,,,,,,,,,,,,,,,,,,,,,,,,,,,,,,,,,,,,,,,,,,,,,,,,,,,,354,U1454,B,9,F,CC,P
354-U1454B-10F-CC-PAL-NANNO-NANNO SS,0,0,57.42,57.42,NN21 [G12],"NN21 - Emiliania huxleyi (Gradstein et al., 2012)",Present Day modern,Emiliania huxleyi,M [P35],VF [A94],,,,,,,,,,,,,,,,,,,,,,,,,,,,,,,,,,,,,,,,,,,,,,,,,,,,,,,,,,,,,,,,,,,,,,,R,R,,,,,,,,R,R,,,,,,,,,,,,,,,,,,,,,,,,,,,,,,,,,,,,,,,,,,,,,,,,,,,,,,,,,,,,,,,,,,,,,,,,,,,,,,,,,,,,,,,,,,,,,,,,,,,,,,,,,,,,,,,,,,,,,,,,,,,,,,,,,,,,,,,,,,,,,,,,,,,,,,,,,,,,,,,,,,,,,,,,,,,,,,,,,,,,,,,,,,,,,,,,,,,,,,,,,,,,,,,,,,,,,,,,,,,,,,,,,,,,,,,,,,,,,,,,,,,,,,,,,,,,,,,,,,,,,,,,,,,,,,,,,,,,,,,,,,,,,,,,,,,,,,,,,,,,,,,,,,,,,,,,,,,,,,,,,,354,U1454,B,10,F,CC,P
354-U1454B-11F-CC-PAL-NANNO-NANNO-SS,0,0,62.8,62.8,NN21 [G12],"NN21 - Emiliania huxleyi (Gradstein et al., 2012)",Present Day modern,Emiliania huxleyi,G [P35],F [A94],,,,,,,,,,,,,,,,,,,,,,,,,,,,,,,,,,,,,,,,,,,,,,,,,,,,,,,,,,,,,,,,,,,,,,,VF,,,,,,,,,VF,VF,,,,,,,,,,,,,,,,,,,,,,,,,,,,,,,,,,,,,,,,,,,,,,,,,,,,,,,,,,,,,,,,,,,,,,,,,,,,,,,,,,,,,,,,,,,,,,,,,,,,,,,,,,,,,,,,,,,,,,,,,,,,,,,,,,,,,,,,,,,,,,,,,,,,,,,,,,,,,,,,,,,,,,,,,,,,,,,,,,,,,,,,,,,,,,,,,,,,,,,,,,,,,,,,,,,,,,,,,,,,,,,,,,,,,,,,,,,,,,,,,,,,,,,,,,,,,,,,,,,,,,,,,,,,,,,,,,,,,,,,,,,,,,,,,,,,,,,,,,,,,,,,,,,,,,,,,,,,,,,,,,354,U1454,B,11,F,CC,P
354-U1454B-12F-CC-PAL-NANNO-NANNO-SS,0,0,66.48,66.48,NN21 [G12],"NN21 - Emiliania huxleyi (Gradstein et al., 2012)",Present Day modern,Emiliania huxleyi,G [P35],C [A94],,,,,,,VF,,,,,R,,,,,,,,,,,,,,,,,,,,,,,,,,,,,,,,,,,,,,,,,,,,,,,,,,,,,,,,,,,R,,R,,,,VF,,,VF,VF,,,,,,,,,,,,,,,,,,,,,,,,,,,,,,,,,,,,,,R,R,,,,,,,,,,,,,,,,,,,,,,,,,,,,,,,,,,,,,,,,,,,,,,,,,,,,,,,,,,,,,,,,,,,,,,,,,,,,,,,,,,,,,,,,,,,,,,,,,,,,,,,,,,,,,,,,,,,,,,,,,,,,,,,,,,,,,,,,,,,,,,,,,,,,,,,,,,,,,,,,,,,,,,,,,,,,,,,,,,,,,,,,,,,,,,,,,,,,,,,,,,,,,,,,,,,,,,,,,,,,,,,,,,,,,,,,,,,,,,,,,,,,,,,,,,,,,,,,,,,,,,,,,,,,,,,,,,,,,,,,,,,354,U1454,B,12,F,CC,P
354-U1454B-14F-CC-PAL-NANNO-NANNO-SS,0,0,75.91,75.91,NN21 [G12],"NN21 - Emiliania huxleyi (Gradstein et al., 2012)",Present Day modern,Emiliania huxleyi,G [P35],C [A94],,,,,,,VF,,,,,R,,,,,,,,,,,,,,,,,,,,,,,,,,,,,,,,,,,,,,,,,,,,,,,,,,,,,,,,,,,R,,VF,,,,VF,,,VF,F,,,,,,,,,,,,,,,,,,,,,,,,,,,,,,,,,,,,,,,,,,,,,,,,,,,,V,,,,,,,,,,,,,,,,,,,,,,,,,,,,,,,,,,,,,,,,,,,,,,,,,,,,,,,,,,,,,,,,,,,,,,,,,,,,,,,,,,,,,,,,,,,,,,,,,,,,,,,,,,,,,,,,,,,,,,,,,,,,,,,,,,,,,,,,,,,,,,,,,,,,,,,,,,,,,,,,,,,,,,,,,,,,,,,,,,,,,,,,,,,,,,,,,,,,,,,,,,,,,,,,,,,,,,,,,,,,,,,,,,,,,,,,,,,,,,,,,,,,,,,,,,,,,,,,,,,,,,,,,,,,,,354,U1454,B,14,F,CC,P
354-U1454B-16F-CC-PAL-NANNO-NANNO-SS,0,0,85.73,85.73,NN21 [G12],"NN21 - Emiliania huxleyi (Gradstein et al., 2012)",Present Day modern,Emiliania huxleyi,G [P35],F [A94],,,,,,,R,R,,,,,,,,,,,,,,,,,,,,,,,,,,,,,,,,,,,,,,,,,,,,,,,,,,,,,,,,,,,,,,,R,,VF,,,,VF,,,,VF,,,,,,,,,,,,,,,,,,,,,,,,,,,,,,,,,,,,,,,,,,,,,,,,,,,,,,,,,,,,,,,,,,,,,,,,,,,,,,,,,,,,,,,,,,,,,,,,,,,,,,,,,,,,,,,,,,,,,,,,,,,,,,,,,,,,,,,,,,,,,,,,,,,,,,,,,,,,,,,,,,,,,,,,,,,,,,,,,,,,,,,,,,,,,,,,,,,,,,,,,,,,,,,,,,,,,,,,,,,,,,,,,,,,,,,,,,,,,,,,,,,,,,,,,,,,,,,,,,,,,,,,,,,,,,,,,,,,,,,,,,,,,,,,,,,,,,,,,,,,,,,,,,,,,,,,,,,,,,,,,,354,U1454,B,16,F,CC,P
354-U1454B-18F-CC-PAL-NANNO-NANNO-SS,0,0,92.65,92.65,NN21 [G12],"NN21 - Emiliania huxleyi (Gradstein et al., 2012)",Present Day modern,Emiliania huxleyi,G [P35],VF [A94],,,,,,,R,,,,,,,,,,,,,,,,,,,,,,,,,,,,,,,,,,,,,,,,,,,,,,,,,,,,,,,,,,,,,,,,R,,R,,,,,,,R,VF,,,,,,,,,,,,,,,,,,,,,,,,,,,,,,,,,,,,,,,,,,,,,,,,,,,,,,,,,,,,,,,,,,,,,,,,,,,,,,,,,,,,,,,,,,,,,,,,,,,,,,,,,,,,,,,,,,,,,,,,,,,,,,,,,,,,,,,,,,,,,,,,,,,,,,,,,,,,,,,,,,,,,,,,,,,,,,,,,,,,,,,,,,,,,,,,,,,,,,,,,,,,,,,,,,,,,,,,,,,,,,,,,,,,,,,,,,,,,,,,,,,,,,,,,,,,,,,,,,,,,,,,,,,,,,,,,,,,,,,,,,,,,,,,,,,,,,,,,,,,,,,,,,,,,,,,,,,,,,,,,,354,U1454,B,18,F,CC,P
354-U1454B-19F-CC-PAL-NANNO-NANNO-SS,0,0,98.01,98.01,NN21 [G12],"NN21 - Emiliania huxleyi (Gradstein et al., 2012)",Present Day modern,Emiliania huxleyi,G [P35],F [A94],,,,,,,,,,,,,,,,,,,,,,,,,,,,,,,,,,,,,,,,,,,,,,,,,,,,,,,,,,,,,,,,,,,,,,,VF,,R,,,,,,,VF,F,,,,,,,,,,,,,,,,,,,,,,,,,,,,,,,,,,,,,,,,,,,,,,,,,,,,,,,,,,,,,,,,,,,,,,,,,,,,,,,,,,,,,,,,,,,,,,,,,,,,,,,,,,,,,,,,,,,,,,,,,,,,,,,,,,,,,,,,,,,,,,,,,,,,,,,,,,,,,,,,,,,,,,,,,,,,,,,,,,,,,,,,,,,,,,,,,,,,,,,,,,,,,,,,,,,,,,,,,,,,,,,,,,,,,,,,,,,,,,,,,,,,,,,,,,,,,,,,,,,,,,,,,,,,,,,,,,,,,,,,,,,,,,,,,,,,,,,,,,,,,,,,,,,,,,,,,,,,,,,,,,354,U1454,B,19,F,CC,P
354-U1454B-20F-CC-PAL-NANNO-NANNO SS,0,0,104.99,104.99,NN21 [G12],"NN21 - Emiliania huxleyi (Gradstein et al., 2012)",Present Day modern,Emiliania huxleyi,G [P35],C [A94],,,,,,,R,R,,,,,,,,,,,,,,,,,,,,,,,,,,,,,,,,,,,,,,,,,,,,,,,,,,,,,,,,,,,,,,,,,R,,,,VF,,,VF,C,,,,,,,,,,,,,,,,,,,,,,,,,,,,,,,,R,,,,,,VF,,VF,,,,,,,,,,,,R,,,,,,,,,,,,,,,,,,,,,,,,,,,,,,,,,,,,,,,,,,,,,,,,,,,,,,,,,,,,,,,,,,,,,,,,,,,,,,,,,,,,,,,,,,,,,,,,,,,,,,,,,,,,,,,,,,,,,,,,,,,,,,,,,,,,,,,,,,,,,,,,,,,,,,,,,,,,,,,,,,,,,,,,,,,,,,,,,,,,,,,,,,,,,,,,,,,,,,,,,,,,,,,,,,,,,,,,,,,,,,,,,,,,,,,,,,,,,,,,,,,,,,,,,,,,,,,,,,,,,,,,,,,,,,354,U1454,B,20,F,CC,P
354-U1454B-21F-CC-PAL-NANNO-NANNO SS,0,0,108.89,108.89,NN21 [G12],"NN21 - Emiliania huxleyi (Gradstein et al., 2012)",Present Day modern,Emiliania huxleyi,M [P35],C [A94],,,,,,,R,,,,,,,,,,,,,,,,,,,,,,,,,,,,,,,,,,,,,,,,,,,,,,,,,,,,,,,,,,,,,,,,R,,,,,,VF,,,VF,C,,,,,,,,,,,,,,,,,,,,,,,,,,,,,,,,,,,,,,,,VF,,,,,,,,,,,,,,,,,,,,,,,,,,,,,,,,,VF,,,,,,,,,,,,,,,,,,,,,,,,,,,,,,,,,,,,,,,,,,,,,,,,,,,,,,,,,,,,,,,,,,,,,,,,,,,,,,,,,,,,,,,,,,,,,,,,,,,,,,,,,,,,,,,,,,,,,,,,,,,,,,,,,,,,,,,,,,,,,,,,,,,,,,,,,,,,,,,,,,,,,,,,,,,,,,,,,,,,,,,,,,,,,,,,,,,,,,,,,,,,,,,,,,,,,,,,,,,,,,,,,,,,,,,,,,,,,,,,,,,,,,,,,354,U1454,B,21,F,CC,P
354-U1454B-22F-1-W 103/104-NANNO,0,1,111.13,111.14,NN20 [G12],"NN20 - Gephyrocapsa oceanica (Gradstein et al., 2012)",Emiliania huxleyi,Pseudoemiliania lacunosa,G [P35],A [A94],,,,,,,C,,,,,C,,,,,,,,,,,,,,,VF,,,,,,,,,,,,,,,,,,,,,,,,,,,,,,,,,,,,,,,,,,,,,,C,,,,C,,,C,A,,,,,,,,,,,,,,,,,,,,,,,,VF,,,,,,,,,,,,R,,,,,,,,,,,,,,,,,,,,,,,,,,,,,,,,,,,,,,,,,,,,,,,,,,,,,,,,,,,,,,,,,,,,,,,,,,,,,,,,,,,,,,,,,,,,,,,,,,,,,,,,,,,,,,,,,,,,,,,,,,,,,,,,,,,,,,,,,,,,,,,,,,,,,,,,,,,,,,,,,,,,,,,,,,,,,,,,,,,,,,,,,,,,,,,,,,,,,,,,,,,,,,,,,,,,,,,,,,,,,,,,,,,,,,,,,,,,,,,,,,,,,,,,,,,,,,,,,,,,,,,,,,,,,,,,,,,,,,,,,,,,,,354,U1454,B,22,F,1,W
354-U1454B-22F-1-W 142/143-NANNO,0,1,111.52,111.53,NN20 [G12],"NN20 - Gephyrocapsa oceanica (Gradstein et al., 2012)",Emiliania huxleyi,Pseudoemiliania lacunosa,G [P35],A [A94],,,,,,,C,,,,,F,,,,,,,,,,,,,,,C,,,,,,,,,,,,,,,,,,,,,,,,,,,,,,,,,,,,,,,,,,,,,,C,,,,C,,,C,A,,,,C,,,,,,,,,,,,,,,,,,,,C,,,,,,,,,,,,R,,,,VF,,,,,,,,,,,,,,,,,,,,,,,,,,,,,,,,,,,,,,,,,,,,,,,,,,,,,,,,,,,,,,,,,,,,,,,,,,,,,,,,,,,,,,,,,,,,,,,,,,,,,,,,,,,,,,,,,,,,,,,,,,,,,,,,,,,,,,,,,,,,,,,,,,,,,,,,,,,,,,,,,,,,,,,,,,,,,,,,,,,,,,,,,,,,,,,,,,,,,,,,,,,,,,,,,,,,,,,,,,,,,,,,,,,,,,,,,,,,,,,,,,,,,,,,,,,,,,,,,,,,,,,,,,,,,,,,,,,,,,,,,,354,U1454,B,22,F,1,W
354-U1454B-22F-2-W 2/3-NANNO,0,1,111.62,111.63,NN20 [G12],"NN20 - Gephyrocapsa oceanica (Gradstein et al., 2012)",Emiliania huxleyi,Pseudoemiliania lacunosa,M [P35],A [A94],,,,,,,C,,,,,VF,,,,,,,,,,,,,,,,,,,,,,,,,,,,,,,,,,,,,,,,,,,,,,,,,,,,,,,,,,,,,C,,,,C,,,,C,,,,VF,R,,,,,,,,,,,,,,,,,,,C,,,,,,,,,,,,,VF,,,,,,,,,,,,,,,,,,,,,,,,,,,,,,,,,,,,R,,,,,,,,,,,,,,,,,,,,,,,,,,,,,,,,,,,,,,,,,,,,,,,,,,,,,,,,,,,,,,,,,,,,,,,,,,,,,,,,,,,,,,,,,,,,,,,,,,,,,,,,,,,,,,,,,,,,,,,,,,,,,,,,,,,,,,,,,,,,,,,,,,,,,,,,,,,,,,,,,,,,,,,,,,,,,,,,,,,,,,,,,,,,,,,,,,,,,,,,,,,,,,,,,,,,,,,,,,,,,,,,,,,,,,,,,,,,,,,,,,,,,,,,,354,U1454,B,22,F,2,W
354-U1454B-22F-2-W 79/80-NANNO,0,1,112.39,112.4,NN20 [G12],"NN20 - Gephyrocapsa oceanica (Gradstein et al., 2012)",Emiliania huxleyi,Pseudoemiliania lacunosa,M [P35],F [A94],,,,,,,R,,,,,R,,,,,,,,,,,,,,,,,,,,,,,,,,,,,,,,,,,,,,,,,,,,,,,,,,,,,,,,,,,,,R,,,,R,,,R,F,,,,,,,,,,,,,,,,,,,,,,,,,,,,,,,,,,,,,,,,,,,,,,,,,,,,,,,,,,,,,,,,,,,,,,,,,,,,,,,,,,,,,,,,,,,,,,,,,,,,,,,,,,,,,,,,,,,,,,,,,,,,,,,,,,,,,,,,,,,,,,,,,,,,,,,,,,,,,,,,,,,,,,,,,,,,,,,,,,,,,,,,,,,,,,,,,,,,,,,,,,,,,,,,,,,,,,,,,,,,,,,,,,,,,,,,,,,,,,,,,,,,,,,,,,,,,,,,,,,,,,,,,,,,,,,,,,,,,,,,,,,,,,,,,,,,,,,,,,,,,,,,,,,,,,,,,,,,,,,,,,354,U1454,B,22,F,2,W
354-U1454B-22F-CC-PAL-NANNO-NANNO SS,0,0,114.75,114.75,NN21 [G12],"NN21 - Emiliania huxleyi (Gradstein et al., 2012)",Present Day modern,Emiliania huxleyi,M [P35],C [A94],,,,,,,,,,,,,,,,,,,,,,,,,,,,,,,,,,,,,,,,,,,,,,,,,,,,,,,,,,,,,,,,,,,,,,,,,VF,,,,R,,,VF,C,,,,,,,,,,,,,,,,,,,,,,,,R,,,,,,,,,,,,,,,,VF,,,,,,,,,,,,,,,,,,,,,,,,,R,,,,,,,,,,,,,,,,,,,,,,,,,,,,,,,,,,,,,,,,,,,,,,,,,,,,,,,,,,,,,,,,,,,,,,,,,,,,,,,,,,,,,,,,,,,,,,,,,,,,,,,,,,,,,,,,,,,,,,,,,,,,,,,,,,,,,,,,,,,,,,,,,,,,,,,,,,,,,,,,,,,,,,,,,,,,,,,,,,,,,,,,,,,,,,,,,,,,,,,,,,,,,,,,,,,,,,,,,,,,,,,,,,,,,,,,,,,,,,,,,,,,,,,,,,,,,,,,,354,U1454,B,22,F,CC,P
354-U1454B-23F-CC-PAL-NANNO-NANNO SS,0,0,119.69,119.69,NN20 - NN21 [G12],"NN20 - Gephyrocapsa oceanica (Gradstein et al., 2012) to NN21 - Emiliania huxleyi (Gradstein et al., 2012)",Present Day modern,Pseudoemiliania lacunosa,G [P35],A [A94],,,,,,,VF,,,,,,,,,,,,,,,,,,,,,,,,,,,,,,,,,,,,,,,,,,,,,,,,,,,,,,,,,,,,,,,,,,VF,,,,C,,,VF,C,,,,,,,,R,,,,,,,,,,,,,,,,,,R,,,,,,,,,,,,,,VF,,,,,,,,,,,,,,,,,,,,,,,,,,,,,,,,,R,,,,,,,,,,,,,,,,,,,,,,,,,,,,,,,,,,,,,,,,,,,,,,,,,,,,,,,,,,,,,,,,,,,,,,,,,,,,,,,,,,,,,,,,,,,,,,,,,,,,,,,,,,,,,,,,,,,,,,,,,,,,,,,,,,,,,,,,,,,,,,,,,,,,,,,,,,,,,,,,,,,,,,,,,,,,,,,,,,,,,,,,,,,,,,,,,,,,,,,,,,,,,,,,,,,,,,,,,,,,,,,,,,,,,,,,,,,,,,,,,,,,,,,,,354,U1454,B,23,F,CC,P
354-U1454B-24F-CC-PAL-NANNO-NANNO SS,0,0,124.03,124.03,NN21 [G12],"NN21 - Emiliania huxleyi (Gradstein et al., 2012)",Present Day modern,Emiliania huxleyi,M [P35],VF [A94],,,,,,,,,,,,,,,,,,,,,,,,,,,,,,,,,,,,,,,,,,,,,,,,,,,,,,,,,,,,,,,,,,,,,,,VF,,,,,,VF,,,,VF,,,,,,,,,,,,,,,,,,,,,,,,,,R,,,,,,,,,,,,,,,,,,,,,,,,,,,,,,,,,,,,,,,,,,,,,,,,,,,,,,,,,,,,,,,,,,,,,,,,,,,,,,,,,,,,,,,,,,,,,,,,,,,,,,,,,,,,,,,,,,,,,,,,,,,,,,,,,,,,,,,,,,,,,,,,,,,,,,,,,,,,,,,,,,,,,,,,,,,,,,,,,,,,,,,,,,,,,,,,,,,,,,,,,,,,,,,,,,,,,,,,,,,,,,,,,,,,,,,,,,,,,,,,,,,,,,,,,,,,,,,,,,,,,,,,,,,,,,,,,,,,,,,,,,,,,,,,,,,,,,,,354,U1454,B,24,F,CC,P
354-U1454B-25F-CC-PAL-NANNO-NANNO SS,0,0,126.67,126.67,NN20 - NN21 [G12],"NN20 - Gephyrocapsa oceanica (Gradstein et al., 2012) to NN21 - Emiliania huxleyi (Gradstein et al., 2012)",Present Day modern,Pseudoemiliania lacunosa,M [P35],VF [A94],,,,,,,,,,,,,,,,,,,,,,,,,,,,,,,,,,,,,,,,,,,,,,,,,,,,,,,,,,,,,,,,,,,,,,,,,,,,,R,,,R,VF,,,,,,,,,,,,,,,,,,,,,,,,,,,,,,,,R,,,,,,,,,,,,,,,,,,,,,,,,,,,,,,,,,,,,,,,,,,,,,,,,,,,,,,,,,,,,,,,,,,,,,,,,,,,,,,,,,,,,,,,,,,,,,,,,,,,,,,,,,,,,,,,,,,,,,,,,,,,,,,,,,,,,,,,,,,,,,,,,,,,,,,,,,,,,,,,,,,,,,,,,,,,,,,,,,,,,,,,,,,,,,,,,,,,,,,,,,,,,,,,,,,,,,,,,,,,,,,,,,,,,,,,,,,,,,,,,,,,,,,,,,,,,,,,,,,,,,,,,,,,,,,,,,,,,,,,,,,,,,,,,,,354,U1454,B,25,F,CC,P
354-U1454B-26F-CC-PAL-NANNO-NANNO SS,0,0,132.95,132.95,NN20 - NN21 [G12],"NN20 - Gephyrocapsa oceanica (Gradstein et al., 2012) to NN21 - Emiliania huxleyi (Gradstein et al., 2012)",Present Day modern,Pseudoemiliania lacunosa,M [P35],VF [A94],,,,,,,,,,,,,,,,,,,,,,,,,,,,,,,,,,,,,,,,,,,,,,,,,,,,,,,,,,,,,,,,,,,,,,,,,,,,,R,,,VF,VF,,,,,,,,,,,,,,,,,,,,,,,,,,,,,,,,,,,,,,,,R,,,,,,,,,,,,,,,,,,,,,,,,,,,,,,,,,,,,,,,,,,,,,,,,,,,,,,,,,,,,,,,,,,,,,,,,,,,,,,,,,,,,,,,,,,,,,,,,,,,,,,,,,,,,,,,,,,,,,,,,,,,,,,,,,,,,,,,,,,,,,,,,,,,,,,,,,,,,,,,,,,,,,,,,,,,,,,,,,,,,,,,,,,,,,,,,,,,,,,,,,,,,,,,,,,,,,,,,,,,,,,,,,,,,,,,,,,,,,,,,,,,,,,,,,,,,,,,,,,,,,,,,,,,,,,,,,,,,,,,,,,354,U1454,B,26,F,CC,P
354-U1454B-27F-CC-PAL-NANNO-NANNO SS,0,0,138.11,138.11,NN19 - NN20 [G12],"NN19 - Pseudoemiliania lacunosa - NN20 - Gephyrocapsa oceanica (Gradstein et al., 2012)",Emiliania huxleyi,Discoaster brouweri,M [P35],C [A94],,,,,,,R,,,,,,,,,,,,,,,,,,,,R,,,,,,,,,,,,,,,,,,,,,,,,,,,,,,,,,,,,,,,,,,,,,VF,VF,,,,VF,,,,F,,,,,,,,,,,,,,,,,,,,,,,,,,,,,,,,,,,,,,R,,VF,,,,,,,,,,,,,,,,,,,,,,,,,,,,,,,,,,,,,,,,,,,,,,,,,,,,,,,,,,,,,,,,,,,,,,,,,,,,,,,,,,,,,,,,,,,,,,,,,,,,,,,,,,,,,,,,,,,,,,,,,,,,,,,,,,,,,,,,,,,,,,,,,,,,,,,,,,,,,,,,,,,,,,,,,,,,,,,,,,,,,,,,,,,,,,,,,,,,,,,,,,,,,,,,,,,,,,,,,,,,,,,,,,,,,,,,,,,,,,,,,,,,,,,,,,,,,,,,,,,,,,,,,,,,,,,,,,,,,,,,,,354,U1454,B,27,F,CC,P
354-U1454B-28F-CC-PAL-NANNO-NANNO SS,0,0,142.98,142.98,NN19 - NN20 [G12],"NN19 - Pseudoemiliania lacunosa - NN20 - Gephyrocapsa oceanica (Gradstein et al., 2012)",Emiliania huxleyi,Discoaster brouweri,M [P35],V [A94],,,,,,,C,,,,,F,,,,,,,,,,,,,,,VF,,,,,,,,,,,,,,,,,,,,,,,,,,,,,,,,,,,,,,,,,,,,,V,C,,,,A,,,A,A,,,,,,,,,,,,,,,,,,,,,,,,,,VF,,,,,,,,,,,,R,,C,,,,,,,,,,,,,,,,,,,,,,,,,VF,,,,,,,,C,,,,,,,,,,,,,,,,,,,,,,,,,,,,,,,,,,,,,,,,,,,,,,,,,,,,,,,,,,,,,,,,,,,,,,,,,,,,,,,,,,,,,,,,,,,,,,,,,,,,,,,,,,,,,,,,,,,,,,,,,,,,,,,,,,,,,,,,,,,,,,,,,,,,,,,,,,,,,,,,,,,,,,,,,,,,,,,,,,,,,,,,,,,,,,,,,,,,,,,,,,,,,,,,,,,,,,,,,,,,,,,,,,,,,,,,,,,,,,,,,,,,,,,,,354,U1454,B,28,F,CC,P
354-U1454B-29F-CC-PAL-NANNO-NANNO SS,0,0,147.8,147.8,NN19 [G12],"NN19 - Pseudoemiliania lacunosa (Gradstein et al., 2012)",Pseudoemiliania lacunosa,Discoaster brouweri,M [P35],V [A94],,,,,,,C,,,,,F,,,,,,,,,,,,,VF,,VF,,,,,,,,,,,,,,,,,,,,,,,,,,,,,,,,,,,,,,,,,,,,,,,,,,A,,,,V,,,,VF,,,,,,,,,,,,,,,,,,,,,,VF,,,,,,,,,,,,A,,A,,,,,,,,,,,,,,,,,,,,,,,,,VF,,,,,,,,F,,,,,,,,,,,,,,,,,,,,,,,,,,,,,,,,,,,,,,,,,,,,,,,,,,,,,,,,,,,,,,,,,,,,,,,,,,,,,,,,,,,,,,,,,,,,,,,,,,,,,,,,,,,,,,,,,,,,,,,,,,,,,,,,,,,,,,,,,,,,,,,,,,,,,,,,,,,,,,,,,,,,,,,,,,,,,,,,,,,,,,,,,,,,,,,,,,,,,,,,,,,,,,,,,,,,,,,,,,,,,,,,,,,,,,,,,,,,,,,,,,,,,,,,,354,U1454,B,29,F,CC,P
354-U1454B-30F-1-W 94/95-NANNO SS,0,1,148.64,148.65,NN19 [G12],"NN19 - Pseudoemiliania lacunosa (Gradstein et al., 2012)",Pseudoemiliania lacunosa,Discoaster brouweri,M [P35],V [A94],,,,,,,C,,,,,,,,,,,,,,,,,,VF,,VF,,,,,,,,,,,,,,,,,,,,,,,,,,,,,,,,,,,,,,,,,,,,,V,,,,,C,,,A,A,,,,C,,,,,,,,,,,,F,,,VF,,,,,F,,C,,,,,,,,,,,,A,,C,,,,,,,,,,,,,,,,,,,,,,,,,,,,,,,,VF,C,,,,,,,,,,,,,,,,,,,,,,,,,,,,,,,,,,,,,,,,,,,,,,,,,,,,,,,,,,,,,,,,,,,,,,,,,,,,,,,,,,,,,,,,,,,,,,,,,,,,,,,,,,,,,,,,,,,,,,,,,,,,,,,,,,,,,,,,,,,,,,,,,,,,,,,,,,,,,,,,,,,,,,,,,,,,,,,,,,,,,,,,,,,,,,,,,,,,,,,,,,,,,,,,,,,,,,,,,,,,,,,,,,,,,,,,,,,,,,,,,,,,,,,,,354,U1454,B,30,F,1,W
354-U1454B-30F-CC-PAL-NANNO-NANNO-SS,0,0,152.58,152.58,NN21 [G12],"NN21 - Emiliania huxleyi (Gradstein et al., 2012)",Present Day modern,Emiliania huxleyi,M [P35],C [A94],,,,,,,R,,,,,,,,,,,,,,,,,,,,R,,,,,,,,,,,,,,,,,,,,,,,,,,,,,,,,,,,,,,,,,,,,R,,R,,,,R,,,VF,C,,,,,,,,,,,,,,,,,,,,,,,,,,,,,,,,,,,,,,VF,R,VF,,,,,,,,,,,,,,,,,,,,,,,,,,,,,,,,,,,,,,,,,,,,,,,,,,,,,,,,,,,,,,,,,,,,,,,,,,,,,,,,,,,,,,,,,,,,,,,,,,,,,,,,,,,,,,,,,,,,,,,,,,,,,,,,,,,,,,,,,,,,,,,,,,,,,,,,,,,,,,,,,,,,,,,,,,,,,,,,,,,,,,,,,,,,,,,,,,,,,,,,,,,,,,,,,,,,,,,,,,,,,,,,,,,,,,,,,,,,,,,,,,,,,,,,,,,,,,,,,,,,,,,,,,,,,,,,,,,,,,,,,,354,U1454,B,30,F,CC,P
354-U1454B-31F-CC-PAL-NANNO-NANNO-SS,0,0,157.1,157.1,NN21 [G12],"NN21 - Emiliania huxleyi (Gradstein et al., 2012)",Present Day modern,Emiliania huxleyi,M [P35],F [A94],,,,,,,VF,,,,,,,,,,,,,,,,,,,,,,,,,,,,,,,,,,,,,,,,,,,,,,,,,,,,,,,,,,,,,,,,R,,,,,,,,,R,VF,,,,,,,,,,,,,,,,,,,,,,,,R,,,,,,,,,,,,,,VF,R,,,,,,,,,,,,,,,,,,,,,,,,,,,,,,,,,,,,,,,,,,,,,,,,,,,,,,,,,,,,,,,,,,,,,,,,,,,,,,,,,,,,,,,,,,,,,,,,,,,,,,,,,,,,,,,,,,,,,,,,,,,,,,,,,,,,,,,,,,,,,,,,,,,,,,,,,,,,,,,,,,,,,,,,,,,,,,,,,,,,,,,,,,,,,,,,,,,,,,,,,,,,,,,,,,,,,,,,,,,,,,,,,,,,,,,,,,,,,,,,,,,,,,,,,,,,,,,,,,,,,,,,,,,,,,,,,,,,,,,,,,,354,U1454,B,31,F,CC,P
354-U1454B-32F-CC-PAL-NANNO-NANNO-SS,0,0,160.78,160.78,UNDETM [N/A],Undertermined (N/A),,,,B [A94],,,,,,,,,,,,,,,,,,,,,,,,,,,,,,,,,,,,,,,,,,,,,,,,,,,,,,,,,,,,,,,,,,,,,,,,,,,,,,,,,,,,,,,,,,,,,,,,,,,,,,,,,,,,,,,,,,,,,,,,,,,,,,,,,,,,,,,,,,,,,,,,,,,,,,,,,,,,,,,,,,,,,,,,,,,,,,,,,,,,,,,,,,,,,,,,,,,,,,,,,,,,,,,,,,,,,,,,,,,,,,,,,,,,,,,,,,,,,,,,,,,,,,,,,,,,,,,,,,,,,,,,,,,,,,,,,,,,,,,,,,,,,,,,,,,,,,,,,,,,,,,,,,,,,,,,,,,,,,,,,,,,,,,,,,,,,,,,,,,,,,,,,,,,,,,,,,,,,,,,,,,,,,,,,,,,,,,,,,,,,,,,,,,,,,,,,,,,,,,,,,,354,U1454,B,32,F,CC,P
