Exp,Site,Hole,Core,Core-Sect,Type,Section,A/W,Extra Sample ID Data,Top [cm],Bottom [cm],Top Depth [m],Bottom Depth [m],Datum name,Datum type,Datum age average [Ma],Zone name (short),Zone name,Preservation,Group abundance,Percentage of nannos in total assemblage [%],Emiliania huxleyi,Gephyrocapsa caribbeanica,Gephyrocapsa oceanica,Gephyrocapsa sp. (<4 microns),Gephyrocapsa sp. (closed >4 microns),Gephyrocapsa sp. (4-5.5 microns),Gephyrocapsa sp. (>5.5 microns),Pseudoemiliania lacunosa,Reticulofenestra sp. (>7 microns),Reticulofenestra sp. (5-7 microns),Reticulofenestra sp. (3-5 microns),Reticulofenestra sp. (<3 microns),Reticulofenestra asanoi,Reticulofenestra pseudoumbilicus,Cyclicargolithus floridanus,Coccolithus pelagicus,Coccolithus pliopelagicus,Calcidiscus leptoporus,Calcidiscus macintyrei,Umbilicosphaera foliosa,Umbilicosphaera sibogae,Coronocyclus nitescens,Hayaster perplexus,Oolithotus sp.,Helicosphaera carteri,Helicosphaera sellii,Helicosphaera hyalina,Helicosphaera inversa,Helicosphaera wallichii,Helicosphaera spp.,Pontosphaera japonica,Pontosphaera multipora,Pontosphaera sp.,Scyphosphaera globulata,Scyphosphaera spp.,Rhabdosphaera clavigera,Syracosphaera pulchra,Syracosphaera spp.,Braarudosphaera bigelowii,Discosphaera tubifera,Umbellosphaera irregularis,Umbellosphaera tenuis,Calciosolenia murrayi,Discoaster brouweri,Discoaster asymmetricus,Discoaster tamalis,Discoaster triradiatus,Discoaster surculus,Discoaster variabilis,Discoaster pentaradiatus,Discoaster quinqueramus,Discoaster berggrenii,Discoaster blackstockae,Discoaster challengeri,Discoaster decorus,Discoaster neohamatus,Discoaster neorectus,Discoaster pansus,Discoaster quadramus,Discoaster tristellifer,Discoaster loeblichii,Discoaster spp.,Sphenolithus abies,Sphenolithus grandis,Sphenolithus neoabies,Sphenolithus spp.,Sphenolithus verensis,Ceratolithus cristatus,Ceratolithus armatus,Ceratolithus acutus,Ceratolithus larrymayeri,Ceratolithus rugosus,Ceratolithus spp.,Amaurolithus bizarrus,Amaurolithus delicatus,Amaurolithus tricorniculatus,Amaurolithus primus,Amaurolithus spp.,Nicklithus amplificus,Triquetrorhabdulus extensus,Triquetrorhabdulus rugosus,Triquetrorhabdulus spp.,Minylitha convallis,Florisphaera profunda,Thoracosphaera sp.,Ascidian spicules,Reworked species,Nannofossil comment,File Data,Ship File Links,Shore File Links,Sample
361,U1474,A,1,1-1,H,1,Mudline,NANNO,0,5,0.0,0.05,,,,NN21 [G12],"NN21 - Emiliania huxleyi (Gradstein et al., 2012)",G [P41],A [A112],,A,,A,F,,C,,,,C,,C,,,,,,C,,,F,,,,C,,,,,,,,C,,P,C,F,,,,,,F,,,,,,,,,,,,,,,,,,,,,,,F,,F,,,,,,,,,,,,,,,,A,,,,,,,,361-U1474A-1H-1-Mudline
361,U1474,A,1,1-1,H,1,W,50/50-NANNO,0,0,0.5,0.5,,,,NN21 [G12],"NN21 - Emiliania huxleyi (Gradstein et al., 2012)",G [P41],A,,A,,A,F,,,,,,,,C,,,,C,,C,,,A,,,,C,,C,,,,F,,F,,,C,C,C,,,C,,,,,,,,,,,,,,,,,,,,,,,,,,,F,,,,,F,,,,,,,,,,,A,,,,,,,,361-U1474A-1H-1-W
361,U1474,A,1,1-2,H,2,W,70/70-NANNO,0,0,2.2,2.2,,,,NN21 [G12],"NN21 - Emiliania huxleyi (Gradstein et al., 2012)",G [P41],A [A112],,A,C,A,A,,A,,,,,C,C,,,,F,,C,,,C,,,,C,,C,,,,,,C,,,C,C,C,,C,C,C,F,,,,,,,,,,,,,,,,,,,,,,,,,,,,,,C,,,,,,,,,,,A,,,,,,,,361-U1474A-1H-2-W
361,U1474,A,1,1-3,H,3,W,70/70-NANNO,0,0,3.7,3.7,,,,NN21 [G12],"NN21 - Emiliania huxleyi (Gradstein et al., 2012)",G [P41],A [A112],,A,C,A,A,,A,,,,,C,C,,,F,,,C,,,C,F,,,,,,,,,F,,C,,,C,C,C,,,C,C,F,,,,,,,,,,,,,,,,,,,,,,,,,F,,,,,,,,,,,,,,,,A,,,F,,,,,361-U1474A-1H-3-W
361,U1474,A,1,1-4,H,4,W,70/70-NANNO,0,0,4.71,4.71,,,,NN21 [G12],"NN21 - Emiliania huxleyi (Gradstein et al., 2012)",G [P41],A [A112],,A,C,A,A,A,A,,,,,,C,,,,F,,C,,,C,,,,C,,F,,,,,P,F,,,C,C,C,,F,F,C,,,,,,,,,,,,,,,,,,,,,,,,,,F,,,,,F,,,,,,,,,,,A,,,F,,,,,361-U1474A-1H-4-W
361,U1474,A,1,1-CC,H,CC,PAL,NANNO,0,5,5.38,5.43,,,,NN21 [G12],"NN21 - Emiliania huxleyi (Gradstein et al., 2012)",G [P41],A [A112],,A,,A,C,,A,,,,,,,,,,,,C,,,F,,,,C,,F,,,,,R,F,,,C,F,F,,,,C,R,,,,,,,,,,,,,,,,,,,,,,,,,R,,,,,,,,,,,,,,,,A,,,P,,,,,361-U1474A-1H-CC-PAL
361,U1474,A,2,2-1,H,1,W,110/110-NANNO,0,0,6.5,6.5,,,,NN21 [G12],"NN21 - Emiliania huxleyi (Gradstein et al., 2012)",G [P41],A [A112],,C,C,A,C,,A,,,,,,,,,F,F,,C,,,C,,,,F,,F,,,,F,,C,,,,F,C,,,F,F,,,,,,,,,,,,,,,,,,,,F,,,,,,,,,,,F,,,,,,,,,,,A,,,F,,,,,361-U1474A-2H-1-W
361,U1474,A,2,2-2,H,2,W,70/70-NANNO,0,0,7.6,7.6,,,,NN21 [G12],"NN21 - Emiliania huxleyi (Gradstein et al., 2012)",G [P41],A [A112],,A,C,A,A,,A,,,,,,A,,,,,,C,,,F,,,,C,,F,,F,,,,C,,,,C,C,,F,,,,,,,,,,,,,,,,,,,,,,,,,,,,P,,,,,,,,,,,,,,,,A,,,,,,,,361-U1474A-2H-2-W
361,U1474,A,2,2-3,H,3,W,70/70-NANNO,0,0,9.1,9.1,"B Emiliania huxleyi (Gradstein et al., 2012)",B,0.29,NN20 - NN21 [G12],"NN20 - Gephyrocapsa oceanica (Gradstein et al., 2012) to NN21 - Emiliania huxleyi (Gradstein et al., 2012)",G [P41],A [A112],,A,F,A,C,,A,,,,,,,,,P,,,C,,,C,,,,C,,,,,,,,C,,,F,C,C,,,,C,,,,,,,,,,,,,,,,,,,,,,,,,,F,,,,,,,,,,,,,,,,A,,F,,,,,,361-U1474A-2H-3-W
361,U1474,A,2,2-4,H,4,W,70/70-NANNO,0,0,10.6,10.6,,,,NN20 [G12],"NN20 - Gephyrocapsa oceanica (Gradstein et al., 2012)",G [P41],A [A112],,,C,A,A,,A,,,,,,,,,,F,,C,,,C,,,,C,,,,F,,,,,,,F,C,C,,F,F,F,,,,,,,,,,,,,,,,,,,,,,,,,,F,,,,,,,,,,,,,,,,A,,,,,,,,361-U1474A-2H-4-W
361,U1474,A,2,2-5,H,5,W,70/70-NANNO,0,0,12.1,12.1,,,,NN20 [G12],"NN20 - Gephyrocapsa oceanica (Gradstein et al., 2012)",G [P41],A [A112],,,C,A,A,,A,,,,,,C,,,P,F,,F,,,F,,,,C,,F,,F,,,,,,,F,C,C,,,F,,,,,,,,,,,,,,,,,,,,,,,,,,,F,,,,,F,,,,,,,,,,,C,,,R,,,,,361-U1474A-2H-5-W
361,U1474,A,2,2-6,H,6,W,70/70-NANNO,0,0,13.6,13.6,,,,NN20 [G12],"NN20 - Gephyrocapsa oceanica (Gradstein et al., 2012)",M [P41],A [A112],,,C,A,A,,C,,,,,,,,,,F,,C,,,C,,,,C,,F,,F,,,,F,,,F,,F,,F,F,F,F,,,,,,,,,,,,,,,,,,,F,,,,,,,,,,,,,,,,,,,,,,A,,,F,,,,,361-U1474A-2H-6-W
361,U1474,A,2,2-7,H,7,W,27/27-NANNO,0,0,14.38,14.38,,,,NN20 [G12],"NN20 - Gephyrocapsa oceanica (Gradstein et al., 2012)",M [P41],C [A112],,,C,A,A,,C,,,,,,C,,,,F,,C,,,F,,,,F,,,,,,,,,,,F,F,F,,F,,F,P,,,,,,,,,,,,,,,,,,,,,,,,,P,,,,,,,,,,,,,,,,A,,,F,,,,,361-U1474A-2H-7-W
361,U1474,A,2,2-CC,H,CC,PAL,NANNO,0,5,14.79,14.84,,,,NN20 [G12],"NN20 - Gephyrocapsa oceanica (Gradstein et al., 2012)",G [P41],A [A112],,,F,A,A,,A,,,,,,,,,,,,C,,,C,,,,C,,,,,,R,,F,,,,C,F,,,F,F,,,,,,,,,,,,,,,,,,,,,,,,,,,,,,,,,,,,,,,,,,A,F,F,,,,,,361-U1474A-2H-CC-PAL
361,U1474,A,3,3-1,H,1,W,75/75-NANNO,0,0,15.65,15.65,"T Pseudoemiliania lacunosa (Gradstein et al., 2012)",T,0.44,NN19 - NN21 [G12],"NN19 - Pseudoemiliania lacunosa (Gradstein et al., 2012) to NN21 - Emiliania huxleyi (Gradstein et al., 2012)",M [P41],A [A112],,,F,A,A,,C,,C,,,,C,,,,F,,F,,,F,,,,C,,,,,,,,,,,,F,F,,,F,,,,,,,,,,,,,,,,,,,,,,,,,,,,,,,,,,,,,,,,,,,C,,,,,,,,361-U1474A-3H-1-W
361,U1474,A,3,3-2,H,2,W,75/75-NANNO,0,0,17.15,17.15,,,,NN19 [G12],"NN19 - Pseudoemiliania lacunosa (Gradstein et al., 2012)",M [P41],A [A112],,,A,,A,,C,,C,,,,A,,P,,,,C,F,,F,,,,F,F,,,,,,,F,,F,F,,,,,,,,,,,,,,,,,,,,,,,,,,,,,,,,,,,,,,,,,,,,,,,,C,,,F,,,,,361-U1474A-3H-2-W
361,U1474,A,3,3-3,H,3,W,75/75-NANNO,0,0,18.65,18.65,,,,NN19 [G12],"NN19 - Pseudoemiliania lacunosa (Gradstein et al., 2012)",M [P41],A [A112],,,F,,A,,C,,C,,,,,F,,P,,,C,F,,,,,,,F,,,,,,,,,,,,,,F,,,F,,,,,,,,,,,,,,,,,,,,,,,,,,,,,,,,,,,,,,,,,F,,,F,,,,,361-U1474A-3H-3-W
361,U1474,A,3,3-4,H,4,W,75/75-NANNO,0,0,20.15,20.15,,,,NN19 [G12],"NN19 - Pseudoemiliania lacunosa (Gradstein et al., 2012)",M [P41],A [A112],,,A,,A,,C,,F,,,,A,F,P,,C,,F,F,F,F,,,,F,F,,,,,,,,,,C,F,C,,F,,,,,,,,,,,,,,,,,,,,,,,,,,,,,,,,,,,,,,,,,,,,C,,,F,,,,,361-U1474A-3H-4-W
361,U1474,A,3,3-5,H,5,W,75/75-NANNO,0,0,21.65,21.65,,,,NN19 [G12],"NN19 - Pseudoemiliania lacunosa (Gradstein et al., 2012)",M [P41],A [A112],,,C,,A,,C,,A,,,C,A,C,,,,,F,F,F,F,,,,,,,,,,,,,,,,F,C,,F,,,,P,,,,,,P,,,,,,,,,,,,P,,,,F,,,,,,,,,,,,,,,,,,C,,,C,,,,,361-U1474A-3H-5-W
361,U1474,A,3,3-6,H,6,W,50/50-NANNO,0,0,22.9,22.9,,,,NN19 [G12],"NN19 - Pseudoemiliania lacunosa (Gradstein et al., 2012)",G [P41],A [A112],,,C,,A,,C,,C,,C,,C,C,,,,,C,F,F,F,,,,,,,,,,,,,,,F,F,F,,F,,,,,,,,,,,,,,,,,,,,,,,,,,,,,,,,,F,,,,,,,,,,,F,,,C,,,,,361-U1474A-3H-6-W
361,U1474,A,3,3-7,H,7,W,20/20-NANNO,0,0,23.6,23.6,,,,NN19 [G12],"NN19 - Pseudoemiliania lacunosa (Gradstein et al., 2012)",M [P41],A [A112],,,C,,A,,C,,C,,,C,A,C,,,,,C,,F,F,,,,F,F,,,,,,,C,,,C,C,,,,F,,F,,,,,,,,,,,,,,,,,,,,,,,,,,,,,,,,,,,,,,,,,C,,,,,,,,361-U1474A-3H-7-W
361,U1474,A,3,3-CC,H,CC,PAL,NANNO,0,5,24.16,24.21,,,,NN19 [G12],"NN19 - Pseudoemiliania lacunosa (Gradstein et al., 2012)",G [P41],A [A112],,,F,,A,,C,,A,,,,,,,,F,,C,,,F,,,,C,,,,,,,,F,,,,,,,,,,,,,,,,,,,,,,,,,,,,,,,,,,,,,,,,,,,,,,,,,,,C,,,P,,,,,361-U1474A-3H-CC-PAL
361,U1474,A,4,4-1,H,1,W,75/75-NANNO,0,0,25.15,25.15,,,,NN19 [G12],"NN19 - Pseudoemiliania lacunosa (Gradstein et al., 2012)",G [P41],A [A112],,,C,,,,C,,C,,C,A,A,F,P,,C,,C,,P,C,,,,F,,,,,,,,F,,,,C,C,,,F,F,,,,,,,,,,,,,,,,,,,,,,,,,,,,,,,,,,,,,,,,,,A,,,,,,,,361-U1474A-4H-1-W
361,U1474,A,4,4-2,H,2,W,75/75-NANNO,0,0,26.65,26.65,,,,NN19 [G12],"NN19 - Pseudoemiliania lacunosa (Gradstein et al., 2012)",G [P41],A [A112],,,F,,A,,C,,C,,,A,A,,,,C,,C,,F,C,,,,C,F,,,,,R,,C,,,C,F,,,,,R,C,,,,,,,,,,,,,,,,,,,,,,,R,,,,,,,R,,,,,,,,,,,A,,,,,,,,361-U1474A-4H-2-W
361,U1474,A,4,4-3,H,3,W,75/75-NANNO,0,0,28.15,28.15,,,,NN19 [G12],"NN19 - Pseudoemiliania lacunosa (Gradstein et al., 2012)",G [P41],A [A112],,,C,,C,,A,,C,,F,C,A,,,,F,,C,,,C,,,,C,F,,,,,,,R,,,F,,R,,,,,F,,,,,,,,,,,,,,,,,,,,,,,,,,,,,,,,,,,,,,,,,A,,,,,,,,361-U1474A-4H-3-W
361,U1474,A,4,4-4,H,4,W,75/75-NANNO,0,0,29.65,29.65,,,,NN19 [G12],"NN19 - Pseudoemiliania lacunosa (Gradstein et al., 2012)",G [P41],A [A112],,,,,A,,A,,C,R,F,C,A,,,,C,,C,,C,C,,,R,C,F,,,,,,,F,,,F,F,R,,,,F,R,,,,,,,,,,,,,,,,,,,,,,,,,,,,,,,,,,,,,,,,,A,,,,,,,,361-U1474A-4H-4-W
361,U1474,A,4,4-5,H,5,W,75/75-NANNO,0,0,31.15,31.15,,,,NN19 [G12],"NN19 - Pseudoemiliania lacunosa (Gradstein et al., 2012)",M [P41],A [A112],,,,,A,,A,,C,R,F,A,A,,,,R,,A,P,,C,,,,,,,,,C,,,F,,R,C,,,,,,,F,,,,,,,,,,,,,,,,,,,,,,,,,,,,,,R,,,,,,,,,,,A,,,,,,,,361-U1474A-4H-5-W
361,U1474,A,4,4-6,H,6,W,131/131-NANNO,0,0,33.21,33.21,,,,NN19 [G12],"NN19 - Pseudoemiliania lacunosa (Gradstein et al., 2012)",M [P41],F [A112],,,,,F,,F,,F,,R,F,A,,,,,,F,,,P,,,,F,,,,,,,,P,,,,,,,,,,,,,,,,,,,,,,,,,,,,,,,,,,,,,,,,,,,,,,,,,,,C,,,,,,,,361-U1474A-4H-6-W
361,U1474,A,4,4-6,H,6,W,75/75-NANNO,0,0,32.65,32.65,,,,NN19 [G12],"NN19 - Pseudoemiliania lacunosa (Gradstein et al., 2012)",M [P41],A [A112],,,,,C,,R,,C,P,P,F,C,,,,,,C,P,,C,,,,,,,,,C,,,C,,,C,,F,,,,R,R,,,,,,,,,,,,,,,,,,,,,,,,,,,,,,,,,,,,,,,,,C,,,,,,,,361-U1474A-4H-6-W
361,U1474,A,4,4-7,H,7,W,37/37-NANNO,0,0,33.77,33.77,,,,NN19 [G12],"NN19 - Pseudoemiliania lacunosa (Gradstein et al., 2012)",G [P41],A [A112],,,,,C,,C,,C,R,,C,A,F,,,R,,C,,,C,,,,,,,,,,,,,,P,F,F,,,,,,,,,,,,,,,,,,,,,,,,,,,,,,,,,,,,,,,,,,,,,,,A,,,F,,,,,361-U1474A-4H-7-W
361,U1474,A,4,4-CC,H,CC,PAL,NANNO,0,5,34.38,34.43,,,,NN19 [G12],"NN19 - Pseudoemiliania lacunosa (Gradstein et al., 2012)",G [P41],A [A112],,,F,,C,,,,A,F,C,,,C,,,F,,C,F,,,,,,C,F,,,,,,,,,,,,,,,,,F,,,,,,,,,,,,,,,,,,,,,,,,,R,,,,,,,,,,,,,,,,A,,,,,,,,361-U1474A-4H-CC-PAL
361,U1474,A,5,5-5,H,5,W,75/75-NANNO,0,0,40.65,40.65,"Br Gephyrocapsa (>4 ï¿½m) (Gradstein et al., 2012)",Br,1.04,NN19 [G12],"NN19 - Pseudoemiliania lacunosa (Gradstein et al., 2012)",M [P41],A [A112],,,F,,C,,F,,C,C,C,A,A,F,,,F,,C,R,,F,,,,C,F,,,,,,,F,,,,C,,,,,,F,,,,,,,,,,,,,,,,,,,,,,,,,,,,,,,,,,,,,,,,,C,,,,,,,,361-U1474A-5H-5-W
361,U1474,A,5,5-6,H,6,W,75/75-NANNO,0,0,42.15,42.15,,,,NN19 [G12],"NN19 - Pseudoemiliania lacunosa (Gradstein et al., 2012)",M [P41],A [A112],,,,,F,,,,C,C,A,A,A,,,,C,,C,,,F,,,,C,,,,,,,,C,,F,C,F,,,,,,,,,,,,,,,,,,,,,,,,,,,,,,,,,,,,,,,,,,,,,,,F,,,F,,,,,361-U1474A-5H-6-W
361,U1474,A,5,5-7,H,7,W,37/37-NANNO,0,0,43.27,43.27,,,,NN19 [G12],"NN19 - Pseudoemiliania lacunosa (Gradstein et al., 2012)",G [P41],A [A112],,,,,,,R,,C,C,A,A,A,,,,F,,A,F,,F,,,,C,,,,,,,,C,,,A,C,,,,,,F,P,,,,,,,,,,,,,,,,,,,,,,,,,,,,,,,,,,,,,,,,C,,,,,,,,361-U1474A-5H-7-W
361,U1474,A,5,5-CC,H,CC,PAL,NANNO,0,5,43.84,43.89,,,,NN19 [G12],"NN19 - Pseudoemiliania lacunosa (Gradstein et al., 2012)",G [P41],A [A112],,,C,,C,,C,,A,,A,,A,F,,,F,,F,C,,,,,,C,F,,,,,,,,,,,,,,,,,F,,,,,,,,,,,,,,,,,,,,,,,,,,,,,,,,,,,,,,,,,C,,,,,,,,361-U1474A-5H-CC-PAL
361,U1474,A,6,6-2,H,2,W,75/75-NANNO,0,0,45.65,45.65,,,,NN19 [G12],"NN19 - Pseudoemiliania lacunosa (Gradstein et al., 2012)",M [P41],A [A112],,,,,,,F,F,C,C,A,A,A,,,R,F,,C,F,,F,,,,C,,,,,F,,F,C,,,F,R,F,,,,F,R,,,,,,,,,,,,,,,,,,,R,,,,,,,,,,,,,,,,,,,,,,C,,,,,,,,361-U1474A-6H-2-W
361,U1474,A,6,6-3,H,3,W,75/75-NANNO,0,0,47.15,47.15,"Bc Reticulofenestra asanoi (Gradstein et al., 2012)",Bc,1.14,NN19 [G12],"NN19 - Pseudoemiliania lacunosa (Gradstein et al., 2012)",G [P41],A [A112],,,,,,,,,C,R,A,A,A,C,P,,F,,C,F,F,C,,,,C,,,,,F,,P,F,,C,,,,,C,,,,,,,,,,,,,,,,,,,,,,,P,,,,,F,,,,,,,,,,,,,,,,C,,,,,,,,361-U1474A-6H-3-W
361,U1474,A,6,6-4,H,4,W,75/75-NANNO,0,0,48.65,48.65,,,,NN19 [G12],"NN19 - Pseudoemiliania lacunosa (Gradstein et al., 2012)",M [P41],A [A112],,,,,,,F,,C,F,C,A,A,,,R,C,,C,F,F,,,,,C,,,,,,,,C,,F,F,,F,,C,,,R,,,,,,,,,,,,,,,,,,,F,,,,,,,,,,,F,,,,,,,,,,,C,,,,,,,,361-U1474A-6H-4-W
361,U1474,A,6,6-5,H,5,W,75/75-NANNO,0,0,50.15,50.15,"T Gephyrocapsa (>5.5 ï¿½m) (Gradstein et al., 2012)",T,1.24,NN19 [G12],"NN19 - Pseudoemiliania lacunosa (Gradstein et al., 2012)",G [P41],A [A112],,,,,C,,C,C,C,C,C,A,A,,,,F,,C,F,,F,,,,C,,,,,,,,C,,C,,F,F,,F,,,,,,,,,,,,,,,,,,,,,,F,,,,,,,,,,,,,,,,,,,,,,C,,,P,,,,,361-U1474A-6H-5-W
361,U1474,A,6,6-6,H,6,W,75/75-NANNO,0,0,51.65,51.65,,,,NN19 [G12],"NN19 - Pseudoemiliania lacunosa (Gradstein et al., 2012)",M [P41],A [A112],,,,,C,,C,C,C,,C,A,C,,,P,C,,C,F,F,,P,,,C,,F,,,F,,,C,,F,C,F,C,,,,,,,,,,,,,,,,,,,,,,,,R,,,,,,,,,,,,,,,,,,,,,,F,,,,,,,,361-U1474A-6H-6-W
361,U1474,A,6,6-CC,H,CC,PAL,NANNO,0,5,53.27,53.32,"T Helicosphaera sellii (Gradstein et al., 2012)",T,1.26,NN19 [G12],"NN19 - Pseudoemiliania lacunosa (Gradstein et al., 2012)",M [P41],A [A112],,,A,,A,,A,A,A,,,,,,,,F,,C,C,,C,,,,C,C,,,,,,,F,,F,,F,C,,C,,F,,,,,,,,,,,,,,,,,,,,,,,,,,,,,,,F,,,,,,,,,,,A,F,F,,,,,,361-U1474A-6H-CC-PAL
361,U1474,A,7,7-2,H,2,W,75/75-NANNO,0,0,55.15,55.15,,,,NN19 [G12],"NN19 - Pseudoemiliania lacunosa (Gradstein et al., 2012)",G [P41],A [A112],,,,C,C,,A,A,,,C,C,A,,,,F,,C,F,F,F,,,,C,C,,,,F,,,C,,F,C,C,C,,C,F,F,C,,,,,,,,,,,,,,,,,,,F,,,,,,,,,,,,,,,,,,,,,,F,,,,,,,,361-U1474A-7H-2-W
361,U1474,A,7,7-3,H,3,W,75/75-NANNO,0,0,56.65,56.65,,,,NN19 [G12],"NN19 - Pseudoemiliania lacunosa (Gradstein et al., 2012)",G [P41],A [A112],,,A,,C,,,,C,,C,C,C,,,P,F,,C,F,,C,,,,C,F,,,,F,F,F,C,,F,C,C,C,,C,F,C,F,,,,,,,,,,,,,,,,,,,,,,,,,,,,,,F,,,,,,,,,,,F,,,F,,,,,361-U1474A-7H-3-W
361,U1474,A,7,7-4,H,4,W,75/75-NANNO,0,0,58.15,58.15,,,,NN19 [G12],"NN19 - Pseudoemiliania lacunosa (Gradstein et al., 2012)",G [P41],A [A112],,,A,,C,,C,F,C,,,C,A,,,,F,,C,F,F,C,,,,C,C,,,,,F,,C,,,C,C,C,,C,F,,F,,,,,,,,,,,,,,,,,,,F,,,,,,,,,,,,,,,,,,,,,,A,,,F,,,,,361-U1474A-7H-4-W
361,U1474,A,7,7-5,H,5,W,75/75-NANNO,0,0,59.65,59.65,,,,NN19 [G12],"NN19 - Pseudoemiliania lacunosa (Gradstein et al., 2012)",G [P41],A [A112],,,A,,A,,A,F,C,,C,A,C,,,,F,,C,,F,F,,,,C,,,,,,,,C,,F,,C,C,,F,,,,,,,,,,P,,,,,,,,,,,,,,,,,,P,,,,,R,,,,,,,,,,,C,,,F,,,,,361-U1474A-7H-5-W
361,U1474,A,7,7-6,H,6,W,75/75-NANNO,0,0,61.15,61.15,,,,NN19 [G12],"NN19 - Pseudoemiliania lacunosa (Gradstein et al., 2012)",G [P41],A [A112],,,A,,A,,A,F,C,,C,C,A,,,,F,,C,F,F,C,P,,,C,F,,,,,F,,C,,,C,F,C,,,F,F,,,,,,,,,,,,,,,,,,,,P,,,,P,,P,,,,,,,,,,,,,,,,F,,,F,,,,,361-U1474A-7H-6-W
361,U1474,A,7,7-CC,H,CC,PAL,NANNO,0,5,62.96,63.01,,,,NN19 [G12],"NN19 - Pseudoemiliania lacunosa (Gradstein et al., 2012)",M [P41],A [A112],,,A,,A,,A,A,A,,,,A,,,,F,,C,F,,,,,,C,C,,,,,F,,F,,,C,,,,,,,F,,,,,,,,,,,,,,,,,,,,,,,,,,,,,,F,,,,,,,,,,,A,,,,,,,,361-U1474A-7H-CC-PAL
361,U1474,A,8,8-2,H,2,W,75/75-NANNO,0,0,64.65,64.65,"T Calcidiscus macintyrei (Gradstein et al., 2012)",T,1.6,NN19 [G12],"NN19 - Pseudoemiliania lacunosa (Gradstein et al., 2012)",G [P41],A [A112],,,A,,A,,,,F,F,C,A,A,,,,R,,C,C,C,C,,,,C,F,,,,,F,F,F,,,C,C,,,,,,F,,,,,,,,,,,,,,,,,,,,,,,,,,,,,,F,,,,,,,,,,,A,,,,,,,,361-U1474A-8H-2-W
361,U1474,A,8,8-3,H,3,W,75/75-NANNO,0,0,66.15,66.15,,,,NN19 [G12],"NN19 - Pseudoemiliania lacunosa (Gradstein et al., 2012)",G [P41],A [A112],,,,,A,,,,C,F,C,A,A,,,,F,,C,C,F,C,,,,A,R,F,,,,F,F,,,,,C,,,,,,,,,,,,,,,,,,,,,,,,,,,,,,,,,,,,F,,,,,,,,,,,A,,,F,,,,,361-U1474A-8H-3-W
361,U1474,A,8,8-4,H,4,W,75/75-NANNO,0,0,67.65,67.65,,,,NN19 [G12],"NN19 - Pseudoemiliania lacunosa (Gradstein et al., 2012)",G [P41],A [A112],,,,,,,,,C,R,C,A,A,,,,F,,C,F,,F,,,,C,F,,,,,F,F,,,,C,,C,,,,,R,,,,,,,,,,,,,,,,,,,,,,,,,,,,,,,,,,,,,,,,,A,,,F,,,,,361-U1474A-8H-4-W
361,U1474,A,8,8-5,H,5,W,75/75-NANNO,0,0,69.15,69.15,"B Gephyrocapsa (>4 ï¿½m) (Gradstein et al., 2012)",B,1.73,NN19 [G12],"NN19 - Pseudoemiliania lacunosa (Gradstein et al., 2012)",G [P41],A [A112],,,,,,,,,C,R,C,A,A,,,,F,,C,F,,,,,,C,,F,,,,F,F,,,,C,,F,,,,,R,,,,,,,,,,,,,,,,,,,,,,,,,,,,,,,,,,,,,,,,,A,,,F,,,,,361-U1474A-8H-5-W
361,U1474,A,8,8-6,H,6,W,75/75-NANNO,0,0,70.65,70.65,,,,NN19 [G12],"NN19 - Pseudoemiliania lacunosa (Gradstein et al., 2012)",G [P41],A [A112],,,,,,,,,C,F,A,A,A,,,,C,,F,C,,,,,,C,,F,,,,F,F,,,,C,C,F,,,,,F,C,,,C,,,,,,,,,,,,,,,,,,,,,P,,,,,,,P,,,,,,,,,C,,,C,,,,,361-U1474A-8H-6-W
361,U1474,A,8,8-CC,H,CC,PAL,NANNO,0,5,72.23,72.28,,,,NN19 [G12],"NN19 - Pseudoemiliania lacunosa (Gradstein et al., 2012)",M [P41],A [A112],,,,,,,,R,C,,A,A,,,,,C,,F,F,,R,,,,C,C,,,,,F,,,,,C,F,,,,,,F,,,,,,,,,,,,,,,,,,,,,,,,,,,,,,,,,,,,,,,,,F,,,F,,,,,361-U1474A-8H-CC-PAL
361,U1474,A,9,9-1,H,1,W,75/75-NANNO,0,0,72.65,72.65,,,,NN19 [G12],"NN19 - Pseudoemiliania lacunosa (Gradstein et al., 2012)",M [P41],A [A112],,,,,,,,,F,F,C,A,A,,,,F,,C,C,,R,,,,C,,,,,,F,F,,,,A,C,,,,,,F,P,,,,,P,,,,,,,,,,,,,,,,,,,,,,,,,,,,,,,,,,,F,,,C,Big reworked Dictyococaites. Lots of reworked specimens. Almost no D. brouweri what happened?,,,,361-U1474A-9H-1-W
361,U1474,A,9,9-2,H,2,W,75/75-NANNO,0,0,74.15,74.15,"T Discoaster brouweri (Gradstein et al., 2012)",T,1.93,NN18 [G12],"NN18 - Discoaster brouweri (Gradstein et al., 2012)",M [P41],A [A112],,,,,,,,,F,F,C,A,A,,,,C,,C,C,,,,,,C,,,,,,F,F,,,,C,A,,,,,,F,C,P,F,,,,,,,,,,,,,,,,,,,,,,,,,,,,,,,,,,,,,,A,,,F,,,,,361-U1474A-9H-2-W
361,U1474,A,9,9-3,H,3,W,75/75-NANNO,0,0,75.65,75.65,,,,NN18 [G12],"NN18 - Discoaster brouweri (Gradstein et al., 2012)",M [P41],A [A112],,,,,,,,,F,R,F,A,C,,,,C,,C,F,,,,,,C,F,,,,,F,F,,,F,C,F,,,,,,R,F,,,F,,F,,,,,,,,,,,,,,,,,,,,,,,,,,,,,,,,,,,C,,,C,Very crystallized specimens: signs of reworking.,,,,361-U1474A-9H-3-W
361,U1474,A,9,9-4,H,4,W,75/75-NANNO,0,0,77.15,77.15,"Bc Discoaster triradiatus (Gradstein et al., 2012)",Bc,1.95,NN18 [G12],"NN18 - Discoaster brouweri (Gradstein et al., 2012)",M [P41],A [A112],,,,,,,,,F,,F,A,A,,,,C,,C,C,,F,R,,,C,F,,,,,F,F,F,,,,C,F,,R,,,F,C,,,F,,,,,,,,,,,,,,,,,,,,,,,,,,F,,,,,,,,,,,C,,,R,,,,,361-U1474A-9H-4-W
361,U1474,A,9,9-5,H,5,W,75/75-NANNO,0,0,78.65,78.65,,,,NN18 [G12],"NN18 - Discoaster brouweri (Gradstein et al., 2012)",M [P41],A [A112],,,,,,,,,F,R,F,A,C,,,,C,,C,C,,,P,,,C,F,,,,,F,,,,F,C,C,,,,,,,C,,,F,,P,,,,,,,,,,,,,,,,,,,,,,,,P,,,,,,,,,,,C,,,,Recrystallized,,,,361-U1474A-9H-5-W
361,U1474,A,9,9-6,H,6,W,75/75-NANNO,0,0,80.15,80.15,,,,NN18 [G12],"NN18 - Discoaster brouweri (Gradstein et al., 2012)",M [P41],A [A112],,,,,,,,,C,,F,A,C,,P,P,C,,C,C,,,,,,C,,,,,F,F,F,,,,C,,F,,,,,F,F,,,F,,F,R,,,,,,,,,,,,,P,,,P,,F,P,,,P,F,,,,,,,,,,,C,,,,Overgrowth/recrystallized,,,,361-U1474A-9H-6-W
361,U1474,A,9,9-CC,H,CC,PAL,NANNO,0,0,81.66,81.66,,,,NN18 [G12],"NN18 - Discoaster brouweri (Gradstein et al., 2012)",M [P41],A [A112],,,,,,,,,C,,A,C,,,,,C,,C,F,,,,,,F,C,,,,,F,,F,,R,C,C,F,,,,,,C,,,,,,,,,,,,,,,,,,,,,,,,,,,,P,,,,,,,,,,,,F,,,F,,,,,361-U1474A-9H-CC-PAL
361,U1474,A,10,10-2,H,2,W,75/75-NANNO,0,0,83.65,83.65,,,,NN18 [G12],"NN18 - Discoaster brouweri (Gradstein et al., 2012)",M [P41],A [A112],,,,,,,,,C,,A,C,A,,,,F,,C,C,,F,,,,C,,,,,C,,,C,F,F,F,,,,,,,,C,,P,F,F,,,,,,,,,,,,,,F,,,,,,,,,,,F,,,,,,,,,,,C,,,,"Discoaster fragments, coccosphere, and No 5ray discoaster",,,,361-U1474A-10H-2-W
361,U1474,A,10,10-3,H,3,W,75/75-NANNO,0,0,85.15,85.15,,,,NN18 [G12],"NN18 - Discoaster brouweri (Gradstein et al., 2012)",M [P41],A [A112],,,,,,,,,C,F,F,C,C,,,F,,,C,C,F,,,,,C,,,,,F,,F,F,F,F,F,,,,,,,,C,,F,F,F,P,,,,,,,,,,,,,F,,,,P,,P,,R,,,F,,,,,,,,,,,F,,,,,,,,361-U1474A-10H-3-W
361,U1474,A,10,10-4,H,4,W,126/126-NANNO,0,0,87.16,87.16,,,,NN18 [G12],"NN18 - Discoaster brouweri (Gradstein et al., 2012)",M [P41],A [A112],,,,,,,,,C,,C,C,C,,,,C,,C,C,,F,,,,C,,,,,F,,,C,F,,F,,,,,,,,C,,P,R,P,R,F,,,P,,,,,,,,,,,,,,,,,,,,,,,,,,,,,,,F,,,,"Reworked C. coalithus, H. kleinpellii, and S. ventriosa.",,,,361-U1474A-10H-4-W
361,U1474,A,10,10-4,H,4,W,75/75-NANNO,0,0,86.65,86.65,"T Discoaster pentaradiatus (Gradstein et al., 2012)",T,2.39,NN17 [G12],"NN17 - Discoaster pentaradiatus (Gradstein et al., 2012)",M [P41],A [A112],,,,,,,,,C,F,C,C,C,,,P,C,,C,C,,,,,R,C,F,,,,F,,F,C,,F,F,F,F,,R,,,,C,,P,,,,F,,,,,,,,,,,,C,,,,,,,,,,,F,,,,,,,,,,,C,,,F,,,,,361-U1474A-10H-4-W
361,U1474,A,10,10-5,H,5,W,75/75-NANNO,0,0,88.15,88.15,,,,NN17 [G12],"NN17 - Discoaster pentaradiatus (Gradstein et al., 2012)",M [P41],A [A112],,,,,,,,,C,,C,A,A,,F,,,,C,F,F,F,,,,F,,,,,F,,,F,F,F,,,,,F,F,,,C,,,,F,,F,,,,,,,,,,,,F,,,,P,,,,,,,,,,,,,,,,,,C,,,,,,,,361-U1474A-10H-5-W
361,U1474,A,10,10-6,H,6,W,50/50-NANNO,0,0,89.4,89.4,"T Discoaster surculus (Gradstein et al., 2012)",T,2.49,NN17 [G12],"NN17 - Discoaster pentaradiatus (Gradstein et al., 2012)",M [P41],A [A112],,,,,,,,,C,,C,C,A,,,,C,,C,C,,F,,,,C,F,,,,F,,,C,,F,F,F,F,,F,F,,P,F,,,,F,P,F,,,,,,,,,,,,F,,,,,,,,,,,F,,,,,,,,,,,C,,,F,,,,,361-U1474A-10H-6-W
361,U1474,A,10,10-6,H,6,W,90/90-NANNO,0,0,89.8,89.8,,,,NN17 [G12],"NN17 - Discoaster pentaradiatus (Gradstein et al., 2012)",M [P41],A [A112],,,,,,,,,C,F,F,A,A,,,,F,,C,F,F,F,,,,C,,,,,F,,,,F,F,F,F,F,,F,,,,F,,,,F,F,,,,,,,,,,,,,F,,,,,,,,,,,F,,,,,,,,,,,F,,,,No 5-ray Discoasters,,,,361-U1474A-10H-6-W
361,U1474,A,10,10-CC,H,CC,PAL,NANNO,0,0,90.53,90.53,,,,NN17 [G12],"NN17 - Discoaster pentaradiatus (Gradstein et al., 2012)",M [P41],A [A112],,,,,,,,,F,,A,C,,,,,C,,C,F,,,,,,F,F,,,,,C,,P,,P,C,F,F,,R,,,F,C,,,P,F,,F,,,,,,,,,,,,F,,,,,,,,,,,P,,,,,,,,,,,A,,,F,,,,,361-U1474A-10H-CC-PAL
361,U1474,A,11,11-1,H,1,W,75/75-NANNO,0,0,91.65,91.65,,,,NN17 [G12],"NN17 - Discoaster pentaradiatus (Gradstein et al., 2012)",G [P41],A [A112],,,,,,,,,C,,C,A,A,,,,C,,C,C,F,,,,,C,,,,,F,,,C,F,R,F,F,F,,C,,F,,C,,,,,,F,,,,F,,,,,,,,F,,,,,,,,,,,P,,,,,,,,,,,F,,,C,,,,,361-U1474A-11H-1-W
361,U1474,A,11,11-2,H,2,W,75/75-NANNO,0,0,93.15,93.15,"T Discoaster tamalis (Gradstein et al., 2012)",T,2.8,NN16 [G12],"NN16 - Discoaster surculus (Gradstein et al., 2012)",M [P41],A [A112],,,,,,,,,C,,F,A,A,,,,F,,F,F,,F,,,,C,F,,,,F,,,C,F,F,F,F,F,,F,F,,R,C,,F,,R,,F,,,,,,,,,,,,F,,,,,,,,,,,F,,,,,,,,,,,F,,,F,,,,,361-U1474A-11H-2-W
361,U1474,A,11,11-3,H,3,W,75/75-NANNO,0,0,94.65,94.65,,,,NN16 [G12],"NN16 - Discoaster surculus (Gradstein et al., 2012)",G [P41],A [A112],,,,,,,,,C,,C,A,A,,,,,,C,C,F,F,,,,C,,,,,F,,,C,,R,F,F,F,,F,,,,C,,F,,R,,C,,,,,,,,,,,,F,,,,,,,,,,,R,,,,,,,,,,,C,,,F,,,,,361-U1474A-11H-3-W
361,U1474,A,11,11-4,H,4,W,75/75-NANNO,0,0,96.15,96.15,,,,NN16 [G12],"NN16 - Discoaster surculus (Gradstein et al., 2012)",G [P41],A [A112],,,,,,,,,C,F,C,A,A,,,,F,,C,C,,F,,,,C,,,,F,F,,,C,F,,F,,,,F,,F,,C,,F,,P,,C,,,,F,,,,,,,,F,,,,,,,,,,,F,,,,,,,,,,,F,,,,,,,,361-U1474A-11H-4-W
361,U1474,A,11,11-5,H,5,W,75/75-NANNO,0,0,97.65,97.65,,,,NN16 [G12],"NN16 - Discoaster surculus (Gradstein et al., 2012)",G [P41],A [A112],,,,,,,,,F,R,C,A,A,,F,,C,,C,C,F,,,,,C,,,,,F,F,,F,,F,F,,,,F,,F,,C,,F,,C,,C,,,,,,,,,,,,C,,,,,,,,,,,,,,,,,,,,,,F,,,,,,,,361-U1474A-11H-5-W
361,U1474,A,11,11-CC,H,CC,PAL,NANNO,0,5,99.78,99.83,,,,NN16 [G12],"NN16 - Discoaster surculus (Gradstein et al., 2012)",M [P41],A [A112],,,,,,,,,C,,F,A,,,,,F,,C,F,,C,,,,F,C,,,,,,,F,,R,F,F,C,,F,,,,C,,F,,C,,C,,,,,,,,,,,,C,,,,,,,,,,,P,,,,,,,,,,,F,,,F,,,,,361-U1474A-11H-CC-PAL
361,U1474,A,12,12-1,H,1,W,75/75-NANNO,0,0,101.15,101.15,,,,NN16 [G12],"NN16 - Discoaster surculus (Gradstein et al., 2012)",M [P41],A [A112],,,,,,,,,C,,C,A,C,,F,,C,,C,C,,F,,,,C,,,,,,F,,,,P,C,C,,,,,,F,C,,,,F,C,C,,,,,,,,,,,,,P,,,,,,,,,,,,,,,,,,,,,A,,,F,,,,,361-U1474A-12H-1-W
361,U1474,A,12,12-2,H,2,W,75/75-NANNO,0,0,102.66,102.66,,,,NN16 [G12],"NN16 - Discoaster surculus (Gradstein et al., 2012)",M [P41],A [A112],,,,,,,,,F,R,F,A,A,,F,,C,,C,F,,,,,,C,,,,,,F,,,,,F,C,,,,,R,,C,,,,,P,F,,,,,,,,,,,,,,,,,,,,,,,,,,,,,,,,,,A,,,,,,,,361-U1474A-12H-2-W
361,U1474,A,12,12-3,H,3,W,75/75-NANNO,0,0,104.17,104.17,,,,NN16 [G12],"NN16 - Discoaster surculus (Gradstein et al., 2012)",M [P41],A [A112],,,,,,,,,,F,C,A,A,,F,P,C,,C,C,,,,,,C,,,,,,F,,F,,P,C,,C,,,,,F,C,P,F,,F,C,F,,,,,,,,,,,,,,,,,,,,,,,,,,,,,,,,,,A,,,F,,,,,361-U1474A-12H-3-W
361,U1474,A,12,12-4,H,4,W,75/75-NANNO,0,0,105.68,105.68,,,,NN16 [G12],"NN16 - Discoaster surculus (Gradstein et al., 2012)",G [P41],A [A112],,,,,,,,,,,C,A,A,,C,P,C,,C,C,,,,,,A,,,,,,F,,,C,,C,C,,,,,,F,C,C,F,,F,F,C,,,,,,,,P,,,,,,,,,,,,,,,,,,,,,,,,,,A,,,,,,,,361-U1474A-12H-4-W
361,U1474,A,12,12-5,H,5,W,75/75-NANNO,0,0,107.19,107.19,,,,NN16 [G12],"NN16 - Discoaster surculus (Gradstein et al., 2012)",G [P41],A [A112],,,,,,,,,F,,A,,A,,C,F,C,,C,C,,,,,,C,,,,,,F,,,P,,C,C,F,,,,,F,C,F,F,P,F,C,C,,,,,,,,,,,,,,,,,,F,,,,,,,,,,,,,,,,C,,,F,,,,,361-U1474A-12H-5-W
361,U1474,A,12,12-6,H,6,W,75/75-NANNO,0,0,108.71,108.71,,,,NN16 [G12],"NN16 - Discoaster surculus (Gradstein et al., 2012)",M [P41],A [A112],,,,,,,,,,,C,A,C,,C,,C,,C,C,,,,,,C,,,,,,F,F,F,F,F,F,C,,,,,,F,C,C,,,,C,C,,,,,,,,,,,,F,,,,,,,,,,,P,,,,,,,,,,,C,,,F,,,,,361-U1474A-12H-6-W
361,U1474,A,12,12-CC,H,CC,PAL,NANNO,0,5,110.34,110.39,,,,NN16 [G12],"NN16 - Discoaster surculus (Gradstein et al., 2012)",M [P41],A [A112],,,,,,,,,C,,,,,,,,F,,C,C,,,,,,F,C,,,,,,,F,,P,C,F,F,,F,,,,C,C,C,,C,P,C,,,,,,,,,,,,F,,,,,,,,,,,F,,,,,,,,,,,F,R,F,C,,,,,361-U1474A-12H-CC-PAL
361,U1474,A,13,13-1,H,1,W,90/90-NANNO,0,0,110.8,110.8,,,,NN16 [G12],"NN16 - Discoaster surculus (Gradstein et al., 2012)",M [P41],A [A112],,,,,,,,,C,,C,C,C,,C,,C,,C,C,,,,,,C,,,,,F,,,,F,,F,C,C,,C,,,,C,F,F,R,C,,C,,,,,,,,R,,,,,,,,,,,,,,,F,,,,,,,,,,,,,,C,,,,,361-U1474A-13H-1-W
361,U1474,A,13,13-2,H,2,W,75/75-NANNO,0,0,112.15,112.15,,,,NN16 [G12],"NN16 - Discoaster surculus (Gradstein et al., 2012)",M [P41],A [A112],,,,,,,,,C,,A,A,A,,C,F,F,,C,C,F,,,,,C,,,,,F,,,F,,,,C,F,,F,,,,,C,F,,C,,C,,,,,,,,,,,,C,,,,,,,,,,,,,,,,,,,,,,A,,,C,,,,,361-U1474A-13H-2-W
361,U1474,A,13,13-3,H,3,W,75/75-NANNO,0,0,113.65,113.65,,,,NN16 [G12],"NN16 - Discoaster surculus (Gradstein et al., 2012)",M [P41],A [A112],,,,,,,,,C,,F,A,A,,F,,,,C,C,,,,,,C,,,,,F,,,F,,,F,C,,,F,,,,C,C,F,F,C,,C,,,,,,,,,,,,,P,,,,,,,,,,,,,,,,,,P,,,C,,,F,,,,,361-U1474A-13H-3-W
361,U1474,A,13,13-4,H,4,W,75/75-NANNO,0,0,115.16,115.16,,,,NN16 [G12],"NN16 - Discoaster surculus (Gradstein et al., 2012)",M [P41],A [A112],,,,,,,,,C,,,C,A,,F,F,C,,C,C,,,,,,C,,,,,F,,F,C,F,,,F,F,,F,,,,,F,F,,C,,C,,,,,,,,,,,,C,R,,,,,,,,,,,,,,,,,,,,,C,,,F,,,,,361-U1474A-13H-4-W
361,U1474,A,13,13-5,H,5,W,75/75-NANNO,0,0,116.67,116.67,,,,NN16 [G12],"NN16 - Discoaster surculus (Gradstein et al., 2012)",M [P41],A [A112],,,,,,,,,C,,,C,A,,F,,,,C,C,F,F,,,,C,,,,,F,,,F,,F,F,,,,F,,,,C,C,F,,C,,,,,,,,,,,,,,,R,,,,,,,,,,R,,,,,,,,,,,,,,F,,,,,361-U1474A-13H-5-W
361,U1474,A,13,13-6,H,6,W,75/75-NANNO,0,0,118.19,118.19,,,,NN16 [G12],"NN16 - Discoaster surculus (Gradstein et al., 2012)",M [P41],A [A112],,,,,,,,,C,,F,C,A,,R,R,,,C,C,,F,,,,C,,,,,F,,,F,,P,,F,F,,F,,,,C,C,F,,C,,C,,,,,,,,,,,,C,R,,,,,,,,,,,,,,,,,,,,,C,,,F,,,,,361-U1474A-13H-6-W
361,U1474,A,13,13-CC,H,CC,PAL,NANNO,0,5,119.54,119.59,,,,NN16 [G12],"NN16 - Discoaster surculus (Gradstein et al., 2012)",M [P41],A [A112],,,,,,,,,A,,C,A,A,,F,,C,,F,C,F,F,,,,F,C,,,,,,,F,,,C,C,C,,F,,,,C,C,C,,C,,C,,,,,,,,,,,,,R,,,,,,,,,,,,,,,,,,,,,F,,,C,,,,,361-U1474A-13H-CC-PAL
361,U1474,A,14,14-1,H,1,W,75/75-NANNO,0,0,120.15,120.15,,,,NN16 [G12],"NN16 - Discoaster surculus (Gradstein et al., 2012)",M [P41],A [A112],,,,,,,,,C,,C,C,A,,,R,F,,C,C,,C,,,,C,,,,,F,,,C,,F,F,F,F,,F,,,,C,C,F,,C,P,C,,,,,,,,,,,,C,R,,,,,,,,,,,,,,,,,,,,,C,,,C,,,,,361-U1474A-14H-1-W
361,U1474,A,14,14-2,H,2,W,75/75-NANNO,0,0,121.66,121.66,,,,NN16 [G12],"NN16 - Discoaster surculus (Gradstein et al., 2012)",M [P41],A [A112],,,,,,,,,C,,F,C,A,,C,R,F,,C,C,,F,,,,C,,,,,F,,,C,,F,,F,F,,,,,,C,C,F,,C,,C,,,,,,,,,,,,C,R,,,,,,,,,,F,,,,,,,,,,,,,,R,,,,,361-U1474A-14H-2-W
361,U1474,A,14,14-3,H,3,W,75/75-NANNO,0,0,123.15,123.15,,,,NN16 [G12],"NN16 - Discoaster surculus (Gradstein et al., 2012)",M [P41],A [A112],,,,,,,,,C,,F,C,A,,R,C,F,,C,C,,F,,,,C,,,,,F,,R,C,,,,F,F,,F,,,,C,F,F,,C,,C,,,,,,,,,,,,C,,,,,,,,,,,F,,,,,,,,,,,C,,,C,,,,,361-U1474A-14H-3-W
361,U1474,A,14,14-4,H,4,W,75/75-NANNO,0,0,124.65,124.65,"T Sphenolithus spp. (Gradstein et al., 2012)",T,3.54,NN16 [G12],"NN16 - Discoaster surculus (Gradstein et al., 2012)",M [P41],A [A112],,,,,,,,,F,,C,A,A,,F,F,C,,C,C,,F,,,,C,C,,,,,,,,,R,F,F,F,,F,,,,C,C,F,,C,,C,,,,,,,,,F,,,C,F,,,,,,,,,,,,,,,,,,,,,A,,,C,,,,,361-U1474A-14H-4-W
361,U1474,A,14,14-5,H,5,W,75/75-NANNO,0,0,126.15,126.15,,,,NN16 [G12],"NN16 - Discoaster surculus (Gradstein et al., 2012)",M [P41],A [A112],,,,,,,,,C,P,,A,A,,F,F,C,,C,C,F,F,,,,C,,,,,F,,,C,,,F,C,F,,F,,,,F,F,F,,C,,C,,,,,,,,,R,,,C,F,,,,,,,,,,,,,,,,,,,,,C,,,C,,,,,361-U1474A-14H-5-W
361,U1474,A,14,14-6,H,6,W,75/75-NANNO,0,0,127.66,127.66,,,,NN16 [G12],"NN16 - Discoaster surculus (Gradstein et al., 2012)",M [P41],A [A112],,,,,,,,,C,,C,A,A,,F,,C,,C,C,,F,,,,C,,R,,,F,,,F,,,F,C,F,,F,,,,C,C,F,,C,,C,,,,,,,,,R,,,C,,,,,,,,,,,,,,,,,,,,,,C,,,F,,,,,361-U1474A-14H-6-W
361,U1474,A,14,14-CC,H,CC,PAL,NANNO,0,5,129.07,129.12,,,,NN16 [G12],"NN16 - Discoaster surculus (Gradstein et al., 2012)",M [P41],A [A112],,,,,,,,,C,,,A,A,,F,,C,,C,,,F,F,,,C,C,,,,,P,,C,,,C,F,F,,F,,,F,C,F,C,,C,,C,,,,,,,,,P,,,,F,,,,,,,,,,F,,,,,,,,,,,A,,,C,,,,,361-U1474A-14H-CC-PAL
361,U1474,A,15,15-1,H,1,W,75/75-NANNO,0,0,129.65,129.65,,,,NN16 [G12],"NN16 - Discoaster surculus (Gradstein et al., 2012)",M [P41],A [A112],,,,,,,,,,,C,A,A,,C,,F,,C,C,,F,,,,C,,,,,,,,F,,,C,,F,,,,,F,C,C,F,,F,C,C,,,,,,,,,,,,,,,,C,,,,,,,,,,,,,,,,,,C,,,F,,,,,361-U1474A-15H-1-W
361,U1474,A,15,15-2,H,2,W,75/75-NANNO,0,0,131.16,131.16,,,,NN16 [G12],"NN16 - Discoaster surculus (Gradstein et al., 2012)",G [P41],A [A112],,,,,,,,,F,,C,A,A,,C,,F,,C,F,,,,,,C,,,,,,,,F,,,C,,F,,,,,,F,C,C,R,C,F,C,,,,,,,,,,,,F,,,,,,,,,,,,,,,,,,,,,,F,,,C,,,,,361-U1474A-15H-2-W
361,U1474,A,15,15-3,H,3,W,75/75-NANNO,0,0,132.67,132.67,,,,NN16 [G12],"NN16 - Discoaster surculus (Gradstein et al., 2012)",G [P41],A [A112],,,,,,,,,,F,C,A,A,,F,R,C,,C,C,,,,,,C,,,,,,,,F,,,F,,F,,,,,F,C,F,R,R,F,F,F,,,,,,,,,,,,F,,,,,,,,,,,F,,,,,,,,,,,C,,,F,,,,,361-U1474A-15H-3-W
361,U1474,A,15,15-4,H,4,W,75/75-NANNO,0,0,134.18,134.18,,,,NN16 [G12],"NN16 - Discoaster surculus (Gradstein et al., 2012)",G [P41],A [A112],,,,,,,,,,C,C,A,A,,F,F,,,F,C,,,,,,C,,,,,,,,F,,,F,,F,,,,,F,C,C,F,,,F,F,,,,,,,,,R,,,C,,,,,,,,,,,F,,P,,,,,,,,,C,,,F,,,,,361-U1474A-15H-4-W
361,U1474,A,15,15-5,H,5,W,75/75-NANNO,0,0,135.68,135.68,,,,NN16 [G12],"NN16 - Discoaster surculus (Gradstein et al., 2012)",M [P41],A [A112],,,,,,,,,,C,A,A,A,,F,,F,,C,C,,,,,,C,,,,,,,,F,,,F,,F,,,,,F,F,F,F,R,,F,F,,,,,,,,,,,,F,,,,,,,,,,,,,,,,,,,,,,C,,,C,,,,,361-U1474A-15H-5-W
361,U1474,A,15,15-6,H,6,W,75/75-NANNO,0,0,137.19,137.19,,,,NN16 [G12],"NN16 - Discoaster surculus (Gradstein et al., 2012)",M [P41],A [A112],,,,,,,,,,F,A,A,A,,F,,C,,F,C,,,,,,C,,,,,,,,F,,F,F,,F,,,,,P,C,F,F,C,C,,C,,,,,,,,,,,,F,,,,,,,,,,,F,,,,R,,,,,,,F,,,F,,,,,361-U1474A-15H-6-W
361,U1474,A,15,15-CC,H,CC,PAL,NANNO,0,5,138.93,138.98,,,,NN16 [G12],"NN16 - Discoaster surculus (Gradstein et al., 2012)",M [P41],A [A112],,,,,,,,,C,,C,C,A,,F,C,C,,C,C,C,C,,,,C,C,,,,F,P,,C,,,C,C,C,,,,,,C,C,C,,C,P,C,,,,,,,,,,,,,F,,,,,,,,,,F,,,,,,,,,,,F,,,C,,,,,361-U1474A-15H-CC-PAL
361,U1474,A,16,16-1,H,1,W,75/75-NANNO,0,0,139.15,139.15,,,,NN16 [G12],"NN16 - Discoaster surculus (Gradstein et al., 2012)",G [P41],A [A112],,,,,,,,,F,,C,A,A,,F,,R,,C,C,,F,,,,C,,,,,,F,F,,,,C,F,F,,,P,,F,C,,F,P,F,C,C,,,,R,,,,R,,,,,F,,,,,,,,,,,,,P,,,,,,,,A,,,C,,,,,361-U1474A-16H-1-W
361,U1474,A,16,16-2,H,2,W,75/75-NANNO,0,0,140.65,140.65,,,,NN16 [G12],"NN16 - Discoaster surculus (Gradstein et al., 2012)",G [P41],A [A112],,,,,,,,,F,,F,A,A,,F,P,C,,C,C,,F,,,P,C,,,,,,F,F,,,,C,,C,,,,,F,C,C,C,P,F,C,C,,,,,,,,,,,,F,F,,,,,,,,,,,,,,,,,,,,,A,,,C,,,,,361-U1474A-16H-2-W
361,U1474,A,16,16-3,H,3,W,75/75-NANNO,0,0,142.15,142.15,,,,NN16 [G12],"NN16 - Discoaster surculus (Gradstein et al., 2012)",M [P41],A [A112],,,,,,,,,F,,C,A,A,,F,P,F,,C,C,,,,,,C,,,,,,,F,,,,C,F,F,,,,,F,F,F,F,P,,C,C,P,,,,,,,,,,,,,,,C,,,,,,,R,,,P,,,,,,,,C,,,C,,,,,361-U1474A-16H-3-W
361,U1474,A,16,16-4,H,4,W,75/75-NANNO,0,0,143.65,143.65,,,,NN16 [G12],"NN16 - Discoaster surculus (Gradstein et al., 2012)",G [P41],A [A112],,,,,,,,,,,C,A,A,,F,F,C,,C,C,,F,,,,C,,,,,,,F,,,,C,F,F,,,,,F,C,F,F,R,,F,C,,,,R,,,,,R,,,,,,,C,,,,,,,F,,R,,,,,,,,,C,,,F,,,,,361-U1474A-16H-4-W
361,U1474,A,16,16-5,H,5,W,75/75-NANNO,0,0,145.15,145.15,"T Reticulofenestra pseudoumbilicus (Gradstein et al., 2012)",T,3.7,NN15 [G12],"NN15 - Reticulofenestra pseudoumbilicus (Gradstein et al., 2012)",M [P41],A [A112],,,,,,,,,F,,C,A,A,,C,F,F,,C,C,,F,,,,C,,,,,,F,F,,,,C,F,F,,,,,F,C,F,F,R,F,C,C,,,,,,,,,,,,F,,,,C,,,,,,,R,,,,,P,,,,,,C,,,C,,,,,361-U1474A-16H-5-W
361,U1474,A,16,16-6,H,6,W,55/55-NANNO,0,0,146.45,146.45,,,,NN15 [G12],"NN15 - Reticulofenestra pseudoumbilicus (Gradstein et al., 2012)",M [P41],A [A112],,,,,F,,,,,F,C,A,A,,F,,F,,C,C,,F,,,,C,,,,,,F,F,,,F,C,,C,,,,,,C,F,F,F,F,F,C,,,,F,,,,,,,,,,,,C,,,,,,,R,,,R,R,,,,,,,A,,,F,,,,,361-U1474A-16H-6-W
361,U1474,A,16,16-CC,H,CC,PAL,NANNO,0,5,148.07,148.12,,,,NN15 [G12],"NN15 - Reticulofenestra pseudoumbilicus (Gradstein et al., 2012)",M [P41],A [A112],,,,,,,,,C,C,C,A,A,,C,,F,,C,C,,C,,,,C,C,,,,F,,,,,,,C,C,,,,,,F,C,F,,,,,,,,,,,,,,,,,F,,,,,,,,,F,F,,,,,,,,,,,F,,,C,,,,,361-U1474A-16H-CC-PAL
361,U1474,A,17,17-1,H,1,W,75/75-NANNO,0,0,148.65,148.65,,,,NN15 [G12],"NN15 - Reticulofenestra pseudoumbilicus (Gradstein et al., 2012)",M [P41],A [A112],,,,,,,,,,R,C,A,A,,C,,F,,C,F,,,,,,C,,,,,,F,R,,,,C,F,F,,,,,,F,F,F,,F,F,,R,,,,,,,,F,,,F,,,,C,,,,,,,,,,,,,,,,,,C,,,C,,,,,361-U1474A-17H-1-W
361,U1474,A,17,17-2,H,2,W,75/75-NANNO,0,0,150.15,150.15,,,,NN15 [G12],"NN15 - Reticulofenestra pseudoumbilicus (Gradstein et al., 2012)",M [P41],A [A112],,,,,,,,,,F,F,A,A,,F,R,F,,C,F,,,,,,C,,,,,,F,F,,,R,,,F,,,,,F,C,C,,F,,F,C,,,,,,,,,,,,F,,,,C,,,,,,,,,,P,,,,,,,,C,,,C,,,,,361-U1474A-17H-2-W
361,U1474,A,17,17-3,H,3,W,75/75-NANNO,0,0,151.65,151.65,"T Amaurolithus tricorniculatus (Gradstein et al, 2012)",T,3.92,NN14 - NN15 [G12],"NN14 - Discoaster asymmetricus to NN15 - T Reticulofenestra pseudoumbilicus(Gradstein et al., 2012)",M [P41],A [A112],,,,,,,,,R,C,F,C,A,,C,,F,,F,C,,,,,,,F,,,,,,,,,,,,,,,,,,F,C,,,C,,C,,,R,,,,,,,,,,F,,,,,,,,,,F,,,R,,,,,,,,C,,,F,,,,,361-U1474A-17H-3-W
361,U1474,A,17,17-4,H,4,W,75/75-NANNO,0,0,153.17,153.17,,,,NN14 [G12],"NN14 - Discoaster asymmetricus (Gradstein et al., 2012)",M [P41],A [A112],,,,,,,,,,C,,,,,C,,,,,,,,,,,,,,,,,,,,,,,,,,,,,,,C,,,F,,F,,,,,,,,,,,,F,F,,,,,,,,,,,,,R,,,,,,,,,,,,,,,,361-U1474A-17H-4-W
361,U1474,A,17,17-5,H,5,W,75/75-NANNO,0,0,154.67,154.67,,,,NN14 [G12],"NN14 - Discoaster asymmetricus (Gradstein et al., 2012)",M [P41],A [A112],,,,,,,,,,,,C,A,F,C,,,,,,,F,,,,,,,,,,,,,,F,,,,,,,,,F,F,,,C,,C,,,,,,,,,,,,,F,,,,,,,,,,,,,R,,,,,,,,C,,,,,,,,361-U1474A-17H-5-W
361,U1474,A,17,17-6,H,6,W,75/75-NANNO,0,0,156.18,156.18,,,,NN14 [G12],"NN14 - Discoaster asymmetricus (Gradstein et al., 2012)",M [P41],A [A112],,,,,,,,,C,,,,,,C,,,,,,,,,,,,,,,,,,,,,,,,,,,,,,F,F,,,C,,C,,,,,,,,,,,,,C,,,C,,,,,,,F,,,P,,,,,,,,,,,,,,,,361-U1474A-17H-6-W
361,U1474,A,17,17-CC,H,CC,PAL,NANNO,0,5,157.95,158.0,,,,NN14 [G12],"NN14 - Discoaster asymmetricus (Gradstein et al., 2012)",M [P41],A [A112],,,,,,,,,R,C,,,,,C,,F,,C,C,,,,,,,F,,,,,,,,,,,,,,,,,,F,C,,,C,,,,,P,,,,,,P,,,C,C,,,,,,,,,,P,,,,,,,,,,,A,,,F,,,,,361-U1474A-17H-CC-PAL
361,U1474,A,18,18-1,H,1,W,75/75-NANNO,0,0,158.15,158.15,,,,NN14 [G12],"NN14 - Discoaster asymmetricus (Gradstein et al., 2012)",M [P41],A [A112],,,,,,,,,F,,C,C,A,,C,,,,,F,,,,,,F,,,,,,,,,,,,,,,,,,,F,A,,,F,,F,,,,,,,,,,,,F,C,,,,,,,,,,,,,F,,,,,,,,,,,,,,,,361-U1474A-18H-1-W
361,U1474,A,18,18-2,H,2,W,75/75-NANNO,0,0,159.65,159.65,,,,NN14 [G12],"NN14 - Discoaster asymmetricus (Gradstein et al., 2012)",M [P41],A [A112],,,,,,,,,,,,,,,C,,,,,C,,,,,,,,,,,,,,,,,,,,,,,,,,F,,,F,,F,,,,,,,,,,,,P,F,,,F,,,,,,,,,,F,,,,,,,,,,,,,,,,361-U1474A-18H-2-W
361,U1474,A,18,18-3,H,3,W,75/75-NANNO,0,0,161.15,161.15,,,,NN14 [G12],"NN14 - Discoaster asymmetricus (Gradstein et al., 2012)",M [P41],A [A112],,,,,,,,,,,,,,,C,,,,,,,,,,,,,,,,,,,,,,,,,,,,,,F,,,,F,,F,,,,,,,,R,,,,F,F,,,F,,,,,,,,,,,,R,,,,,,,,,,Not many Discoasters,,,,361-U1474A-18H-3-W
361,U1474,A,18,18-4,H,4,W,75/75-NANNO,0,0,162.65,162.65,,,,NN14 [G12],"NN14 - Discoaster asymmetricus (Gradstein et al., 2012)",M [P41],A [A112],,,,,,,,,,,,,,,C,,,,C,,,,,,,,,,,,,,,,,,,,,,,,,,C,C,,,F,,F,,,,,,,,,,,,C,F,,,,,,,,,,,,,,,,,,,,,,,,,,,,,361-U1474A-18H-4-W
361,U1474,A,18,18-5,H,5,W,75/75-NANNO,0,0,164.15,164.15,,,,NN14 [G12],"NN14 - Discoaster asymmetricus (Gradstein et al., 2012)",M [P41],A [A112],,,,,,,,,,A,C,C,,,C,,,,,C,,,,,,,,,,,,,,,,,,,,,,,,,C,R,,,C,,F,,,,,,,,,,,,,C,,,,,,,,,,,,,P,,P,,,,,,,,,,More 6-rayed Discoasters,,,,361-U1474A-18H-5-W
361,U1474,A,18,18-6,H,6,W,75/75-NANNO,0,0,165.65,165.65,,,,NN14 [G12],"NN14 - Discoaster asymmetricus (Gradstein et al., 2012)",M [P41],A [A112],,,,,,,,,,F,C,C,C,,C,,,,,C,,,,,,,,,,,,,,,,,,,,,,,,,,F,,,C,,C,,,,F,,F,,,,,,C,F,,,,,,,,,,,,,R,,P,,,,,,,,,,,,,,361-U1474A-18H-6-W
361,U1474,A,18,18-CC,H,CC,PAL,NANNO,0,5,167.31,167.36,"Bc Discoaster asymmetricus (Gradstein et al, 2012)",Bc,4.13,NN14 [G12],"NN14 - Discoaster asymmetricus (Gradstein et al., 2012)",M [P41],A [A112],,,,,,,,,C,,,C,A,,A,C,C,,F,C,,,,,,C,C,,,,,,,C,,,,,,,,,,,C,C,,,C,,C,,,,,,,,,,,,C,C,,,,,,,,,,F,,,R,,,,,,,,A,,,C,,,,,361-U1474A-18H-CC-PAL
361,U1474,A,19,19-1,H,1,W,75/75-NANNO,0,0,167.65,167.65,,,,NN13 [G12],"NN13 - Ceratolithus rugosus (Gradstein et al., 2012)",M [P41],A [A112],,,,,,,,,,,C,C,C,,F,,,,,,,,,,,,,,,,,,,,,,,,,,,,,,,R,,,C,,C,,,F,,,,,,,,,C,,,,,,,,,,,,,,,,P,,,,,,,,,,,,,,361-U1474A-19H-1-W
361,U1474,A,19,19-2,H,2,W,75/75-NANNO,0,0,169.15,169.15,,,,NN13 [G12],"NN13 - Ceratolithus rugosus (Gradstein et al., 2012)",M [P41],A [A112],,,,,,,,,,,,,,,C,,,,,,,,,,,,,,,,,,,,,,,,,,,,,,,,,,F,,,,,,,,,,,,,,F,,,,,,,,,,,,,,P,,P,,,,,,,,,,,,,,361-U1474A-19H-2-W
361,U1474,A,19,19-3,H,3,W,75/75-NANNO,0,0,170.66,170.66,,,,NN13 [G12],"NN13 - Ceratolithus rugosus (Gradstein et al., 2012)",M [P41],A [A112],,,,,,,,,,,,,,,C,,,,,C,,,,,,C,,,,,,,,,,,,,,,,,,,C,,,,F,,F,,,,F,,,,,,,,C,,,,,,,,,,,,,,R,,,,,,,,,,,,,,,,361-U1474A-19H-3-W
361,U1474,A,19,19-4,H,4,W,75/75-NANNO,0,0,172.17,172.17,"T Amaurolithus primus (Gradstein et al, 2012)",T,4.5,NN13 [G12],"NN13 - Ceratolithus rugosus (Gradstein et al., 2012)",M [P41],A [A112],,,,,,,,,F,,,,,,,,,,,,,,,,,,,,,,,,,,,,,,,,,,,,,,,,,,,P,,,,,,,,,,,,,,,,,,,,,,,,P,,R,,,,,,,F,,,F,,,,,361-U1474A-19H-4-W
361,U1474,A,19,19-5,H,5,W,75/75-NANNO,0,0,173.68,173.68,,,,NN13 [G12],"NN13 - Ceratolithus rugosus (Gradstein et al., 2012)",M [P41],A [A112],,,,,,,,,,,,,,,,,,,,,,,,,,,,,,,,,,,,,,,,,,,,,,F,,,,,C,,,,,,,,,,,,,,,,,,,,,,,,,,R,R,,,,,,,,,,,,,,,361-U1474A-19H-5-W
361,U1474,A,19,19-6,H,6,W,75/75-NANNO,0,0,175.19,175.19,,,,NN13 [G12],"NN13 - Ceratolithus rugosus (Gradstein et al., 2012)",M [P41],A [A112],,,,,,,,,,F,C,C,A,,A,,F,,C,,,,,,,,,,,,F,,F,,,,,,,,,,,R,C,F,,F,F,F,F,,,,,,,,,,,,F,,,,C,,,,,,,,,,F,P,,,,,,,C,,,,,,,,361-U1474A-19H-6-W
361,U1474,A,19,19-CC,H,CC,PAL,NANNO,0,5,176.77,176.82,,,,NN13 [G12],"NN13 - Ceratolithus rugosus (Gradstein et al., 2012)",M [P41],A [A112],,,,,,,,,,C,A,C,C,,A,F,C,,C,F,,,,,,,,,,,,,,,,,,,,,,,,,F,F,,,C,,C,,,,C,,,,,,,,C,C,,,,,,,,,,,,,F,P,,,,,,,,,,F,,,,,361-U1474A-19H-CC-PAL
361,U1474,A,20,20-1,H,1,W,75/75-NANNO,0,0,177.15,177.15,,,,NN13 [G12],"NN13 - Ceratolithus rugosus (Gradstein et al., 2012)",M [P41],A [A112],,,,,,,,,,A,A,C,A,,A,,F,,C,F,,F,,,,C,,,,,,,F,,,P,,,,,,P,,,C,R,,F,C,F,F,,,,,,,,,P,,,,C,,,,,,,P,,,,,F,F,,R,,,,,,,,,C,,,,,361-U1474A-20H-1-W
361,U1474,A,20,20-2,H,2,W,75/75-NANNO,0,0,178.65,178.65,,,,NN13 [G12],"NN13 - Ceratolithus rugosus (Gradstein et al., 2012)",M [P41],A [A112],,,,,,,,,,,,,,,,,,,,,,,,,,,,,,,,,,,,,,,,,,,,,,,,,,,,,,,,,,,,,,,,,,,,,,,,P,,,,,P,P,,,,,,,,,,C,,,,,361-U1474A-20H-2-W
361,U1474,A,20,20-3,H,3,W,75/75-NANNO,0,0,180.15,180.15,,,,NN13 [G12],"NN13 - Ceratolithus rugosus (Gradstein et al., 2012)",M [P41],A [A112],,,,,,,,,,,,,,,,,,,,,,,,,,,,,,,,,,,,,,,,,,,,,,,,,,,,,,,,,,,,,,,,,,,,,,,,,,,,F,P,P,,,,,,,,,,P,,,,,361-U1474A-20H-3-W
361,U1474,A,20,20-4,H,4,W,75/75-NANNO,0,0,181.65,181.65,,,,NN13 [G12],"NN13 - Ceratolithus rugosus (Gradstein et al., 2012)",M [P41],A [A112],,,,,,,,,,,,,,,,,,,,,,,,,,,,,,,,,,,,,,,,,,,,,,,,,,,,,,,,,,,,,,,,,,,,,,,,,,,,,R,R,,,,,,,,,,,,,,,361-U1474A-20H-4-W
361,U1474,A,20,20-5,H,5,W,75/75-NANNO,0,0,183.14,183.14,"T Ceratolithus acutus (Gradstein et al., 2012)",T,5.04,NN13 [G12],"NN13 - Ceratolithus rugosus (Gradstein et al., 2012)",M [P41],A [A112],,,,,,,,,,,,,,,,,,,,,,,,,,,,,,,,,,,,,,,,,,,,,,,,,,,,,,,,,,,,,,,,,,,,,,,P,,,,,,R,R,,,,,,,,,,,,,,,361-U1474A-20H-5-W
361,U1474,A,20,20-6,H,6,W,75/75-NANNO,0,0,184.64,184.64,,,,NN13 [G12],"NN13 - Ceratolithus rugosus (Gradstein et al., 2012)",M [P41],A [A112],,,,,,,,,,,,,,,,,,,,,,,,,,,,,,,,,,,,,,,,,,,,,,,,,,,,,,,,,,,,,,,,,,,,,,,P,,,,,,R,R,,,,,,,,,,,,,,,361-U1474A-20H-6-W
361,U1474,A,20,20-CC,H,CC,PAL,NANNO,0,5,186.46,186.51,,,,NN13 [G12],"NN13 - Ceratolithus rugosus (Gradstein et al., 2012)",M [P41],A [A112],,,,,,,,,,A,A,A,A,,A,F,F,,C,C,,,,,,C,C,,,,C,,,,,,,,,,,,,,,F,,,C,,,,,,C,,,,,,,,C,C,,,C,,,,R,,,,,,R,R,,,,,,,A,,,F,,,,,361-U1474A-20H-CC-PAL
361,U1474,A,21,21-1,H,1,W,0/0-NANNO,0,0,185.9,185.9,,,,NN13 [G12],"NN13 - Ceratolithus rugosus (Gradstein et al., 2012)",G [P41],A [A112],,,,,,,,,,,,,,,,,,,,,,,,,,,,,,,,,,,,,,,,,,,,,,,,,,,,,,,,,,,,,,,,,,,,,,,F,,,,,,,,,,,,,,,,,,,,,,361-U1474A-21H-1-W
361,U1474,A,21,21-2,H,2,W,75/75-NANNO,0,0,188.15,188.15,"T Triquetrorhabdulus rugosus (Gradstein et al., 2012)",T,5.28,NN12 - NN15 [G12],"NN12 - T Discoaster quinqueramus (Gradstein et al., 2012) to NN15 - Reticulofenestra pseudoumbilicus (Gradstein et al., 2012)",G [P41],A [A112],,,,,,,,,,,,,,,,,,,,,,,,,,,,,,,,,,,,,,,,,,,,,,,,,,,,,,,,,,,,,,,,,,,,,,,P,,,,,,P,P,,,,P,,,,,,F,,,,,361-U1474A-21H-2-W
361,U1474,A,21,21-3,H,3,W,75/75-NANNO,0,0,189.64,189.64,"B Ceratolithus acutus (Gradstein et al., 2012)",B,5.35,NN12 [G12],"NN12 - T Discaster quinqueramus (Gradstein et al., 2012)",G [P41],A [A112],,,,,,,,,,,,,,,,,,,,,,,,,,,,,,,,,,,,,,,,,,,,,,,,,,,,,,,,,,,,,,,,,,,,,,,,,,,,P,,,,,,P,,,,,,F,,,,,361-U1474A-21H-3-W
361,U1474,A,21,21-4,H,4,W,75/75-NANNO,0,0,191.14,191.14,,,,NN12 [G12],"NN12 - T Discaster quinqueramus (Gradstein et al., 2012)",M [P41],A [A112],,,,,,,,,,,,,,,,,,,,,,,,,,,,,,,,,,,,,,,,,,,,,,,,,,,,,,,,,,,,,,,,,,,,,,,,,,,,P,,,,,,P,,,,,,F,,,,,361-U1474A-21H-4-W
361,U1474,A,21,21-5,H,5,W,75/75-NANNO,0,0,192.63,192.63,,,,NN12 [G12],"NN12 - T Discaster quinqueramus (Gradstein et al., 2012)",G [P41],A [A112],,,,,,,,,,,,,,,,,,,,,,,,,,,,,,,,,,,,,,,,,,,,,,,,,,,,,,,,,,,,,,,,,,,,,,,,,,,,,,,,,,F,,,,,,,,,,,361-U1474A-21H-5-W
361,U1474,A,21,21-6,H,6,W,75/75-NANNO,0,0,194.13,194.13,,,,NN12 [G12],"NN12 - T Discaster quinqueramus (Gradstein et al., 2012)",M [P41],A [A112],,,,,,,,,,,,,,,,,,,,,,,,,,,,,,,,,,,,,,,,,,,,,,,,,,,,,,,,,,,,,,,,,,,,,,,,,,,,P,,P,,,,P,,,,,,,,,,,361-U1474A-21H-6-W
361,U1474,A,21,21-CC,H,CC,PAL,NANNO,0,5,195.87,195.92,,,,NN12 [G12],"NN12 - T Discaster quinqueramus (Gradstein et al., 2012)",M [P41],A [A112],,,,,,,,,,A,A,A,A,,A,,C,,C,,,,,,,,,,,,C,,,,,,,,,,,,,,F,,,,R,A,F,,,,,,,,,,,,,A,,,A,,,,,,,,,C,,,,,,,,,,,,,,,,,361-U1474A-21H-CC-PAL
361,U1474,A,22,22-1,H,1,W,75/75-NANNO,0,0,196.15,196.15,,,,NN12 [G12],"NN12 - T Discaster quinqueramus (Gradstein et al., 2012)",G [P41],A [A112],,,,,,,,,,,,,,,,,,,,,,,,,,,,,,,,,,,,,,,,,,,,,,,,,,,,,,,,,,,,,,,,,,,,,,,,,,,,,,,,,,F,,,,,,,,,,,361-U1474A-22H-1-W
361,U1474,A,22,22-2,H,2,W,75/75-NANNO,0,0,197.65,197.65,,,,NN12 [G12],"NN12 - T Discaster quinqueramus (Gradstein et al., 2012)",G [P41],C [A112],,,,,,,,,,,,,,,,,,,,,,,,,,,,,,,,,,,,,,,,,,,,,,,,,,,,,,,,,,,,,,,,,,,,,,,,,,,,,,,,,,F,,,,,,,,,,,361-U1474A-22H-2-W
361,U1474,A,22,22-3,H,3,W,75/75-NANNO,0,0,199.16,199.16,,,,NN12 [G12],"NN12 - T Discaster quinqueramus (Gradstein et al., 2012)",M [P41],A [A112],,,,,,,,,,,,,,,,,,,,,,,,,,,,,,,,,,,,,,,,,,,,,,,,,,,,,,,,,,,,,,,,,,,,,,,,,,,,,,,,,,F,,,,,,,,,,,361-U1474A-22H-3-W
361,U1474,A,22,22-4,H,4,W,75/75-NANNO,0,0,200.67,200.67,"T Discoaster quinqueramus (Gradstein et al., 2012)",T,5.59,NN11 - NN12 [G12],"NN11 - T Discoaster quinqueramus to NN12 - T Discaster quinqueramus (Gradstein et al., 2012)",M [P41],A [A112],,,,,,,,,,,,,,,,,,,,,,,,,,,,,,,,,,,,,,,,,,,,,,,,,,,,F,,,,,,,,,,,,,,,,,,,,,,,,,,,,,,,,,,,,,,,,,361-U1474A-22H-4-W
361,U1474,A,22,22-5,H,5,W,75/75-NANNO,0,0,202.18,202.18,,,,NN11 - NN12 [G12],"NN11 - T Discoaster quinqueramus to NN12 - T Discaster quinqueramus (Gradstein et al., 2012)",M [P41],A [A112],,,,,,,,,,,,,,,,,,,,,,,,,,,,,,,,,,,,,,,,,,,,,,,,,,,,F,,,,,,,,,,,,,,,,,,,,,,,,,,,,,,,,,,,,,,,,,361-U1474A-22H-5-W
361,U1474,A,22,22-6,H,6,W,75/75-NANNO,0,0,203.69,203.69,,,,NN11 - NN12 [G12],"NN11 - T Discoaster quinqueramus to NN12 - T Discaster quinqueramus (Gradstein et al., 2012)",M [P41],A [A112],,,,,,,,,,,,,,,,,,,,,,,,,,,,,,,,,,,,,,,,,,,,,,,,,,,,F,,,,,,,,,,,,,,,,,,,,,,,,,,,,,,,,,,,,,,,,,361-U1474A-22H-6-W
361,U1474,A,22,22-CC,H,CC,PAL,NANNO,0,5,205.31,205.36,,,,NN11 - NN12 [G12],"NN11 - T Discoaster quinqueramus to NN12 - T Discaster quinqueramus (Gradstein et al., 2012)",M [P41],A [A112],,,,,,,,,,,A,A,A,,A,,C,,C,,,,,,,,,,,,C,,,F,,P,,,,,,,,,C,,,,,A,A,F,,,,,,,,,,,,A,,,A,,,,,,,,,,,,,,,,,,,,,F,,,,,361-U1474A-22H-CC-PAL
361,U1474,A,23,23-1,H,1,W,90/90-NANNO,0,0,205.8,205.8,,,,NN11 - NN12 [G12],"NN11 - T Discoaster quinqueramus to NN12 - T Discaster quinqueramus (Gradstein et al., 2012)",G [P41],A [A112],,,,,,,,,,,,,,,,,,,,,,,,,,,,,,,,,,,,,,,,,,,,,,,,,,,F,F,,,,,,,,,,,,,,,,,,,,,,,,,,,,,,,,,,,,,,,,,361-U1474A-23H-1-W
361,U1474,A,23,23-2,H,2,W,75/75-NANNO,0,0,207.15,207.15,,,,NN11 - NN12 [G12],"NN11 - T Discoaster quinqueramus to NN12 - T Discaster quinqueramus (Gradstein et al., 2012)",G [P41],A [A112],,,,,,,,,,,,,,,,,,,,,,,,,,,,,,,,,,,,,,,,,,,,,,,,,,,F,F,,,,,,,,,,,,,,,,,,,,,,,,F,,,,,,F,,,,,,,,,,,361-U1474A-23H-2-W
361,U1474,A,23,23-3,H,3,W,75/75-NANNO,0,0,208.65,208.65,,,,NN11 - NN12 [G12],"NN11 - T Discoaster quinqueramus to NN12 - T Discaster quinqueramus (Gradstein et al., 2012)",G [P41],A [A112],,,,,,,,,,,,,,,,,,,,,,,,,,,,,,,,,,,,,,,,,,,,,,,,F,F,,F,F,,,,,,,,,,,,,,,,,,,,,,,,F,,R,,,,,,,,,,,,,,,361-U1474A-23H-3-W
361,U1474,A,23,23-4,H,4,W,50/50-NANNO,0,0,209.9,209.9,,,,NN11 - NN12 [G12],"NN11 - T Discoaster quinqueramus to NN12 - T Discaster quinqueramus (Gradstein et al., 2012)",G [P41],A [A112],,,,,,,,,,,,,,,,,,,,,,,,,,,,,,,,,,,,,,,,,,,,,,,,,F,,F,F,,,,,,,,,,,,,,,,,,,,,,,,F,,R,,,,,,,,,,,,,,,361-U1474A-23H-4-W
361,U1474,A,23,23-5,H,5,W,75/75-NANNO,0,0,211.64,211.64,,,,NN11 - NN12 [G12],"NN11 - T Discoaster quinqueramus to NN12 - T Discaster quinqueramus (Gradstein et al., 2012)",G [P41],A [A112],,,,,,,,,,,,,,,,,,,,,,,,,,,,,,,,,,,,P,,,,,,,,,,,,,F,,F,F,,,,,,,,,,,,,,,,,,,,,,,,F,,R,,,,,,,,,,,,,,,361-U1474A-23H-5-W
361,U1474,A,23,23-6,H,6,W,75/75-NANNO,0,0,213.14,213.14,,,,NN11 - NN12 [G12],"NN11 - T Discoaster quinqueramus to NN12 - T Discaster quinqueramus (Gradstein et al., 2012)",G [P41],A [A112],,,,,,,,,,,,,,,,,,,,,,,,,,,,,,,,,,,,,,,,,,,,,,,F,,F,,F,F,,,,,,,,,,,,,,,,,,,,,,,,F,,,,,,,,,,,,,,,,,361-U1474A-23H-6-W
361,U1474,A,23,23-CC,H,CC,PAL,NANNO,0,5,214.87,214.92,,,,NN11 - NN12 [G12],"NN11 - T Discoaster quinqueramus to NN12 - T Discaster quinqueramus (Gradstein et al., 2012)",M [P41],A [A112],,,,,,,,,,,A,A,,,A,,C,,C,,,,,,,,,,,,C,,,,,,,,,,,,,,,,,,,C,F,F,,,,,,,,,,,,A,,,A,,,,,,P,,,,,,,,,,,,,,,F,,,,,361-U1474A-23H-CC-PAL
361,U1474,A,24,24-1,H,1,W,75/75-NANNO,0,0,215.15,215.15,,,,NN11 - NN12 [G12],"NN11 - T Discoaster quinqueramus to NN12 - T Discaster quinqueramus (Gradstein et al., 2012)",M [P41],A [A112],,,,,,,,,,,,,,,,,,,,,,,,,,,,,,,,,,,,,,,,,,,,,,,,,,,F,F,,,,,,,,,,,,,,,,,,,,,,,,,,P,,,,,,,,,,,,,,,361-U1474A-24H-1-W
361,U1474,A,24,24-2,H,2,W,85/85-NANNO,0,0,216.75,216.75,,,,NN11 - NN12 [G12],"NN11 - T Discoaster quinqueramus to NN12 - T Discaster quinqueramus (Gradstein et al., 2012)",G [P41],A [A112],,,,,,,,,,,,,,,,,,,,,,,,,,,,,,,,,,,,,,,,,,,,,,,,,,F,,F,,,,,,,,P,,,,,,,,,,,,,,,,F,,,,,,,,,,,,,,,,,361-U1474A-24H-2-W
361,U1474,A,24,24-3,H,3,W,70/70-NANNO,0,0,218.09,218.09,,,,NN11 - NN12 [G12],"NN11 - T Discoaster quinqueramus to NN12 - T Discaster quinqueramus (Gradstein et al., 2012)",G [P41],A [A112],,,,,,,,,,,,,,,,,,,,,,,,,,,,,,,,,,,,,,,,,,,,,F,,,P,F,F,,F,,,,,,,,,,,,,,,,,,,,,,,,F,,P,,,,R,,,,,,,,,,,361-U1474A-24H-3-W
361,U1474,A,24,24-4,H,4,W,70/70-NANNO,0,0,219.57,219.57,,,,NN11 - NN12 [G12],"NN11 - T Discoaster quinqueramus to NN12 - T Discaster quinqueramus (Gradstein et al., 2012)",G [P41],A [A112],,,,,,,,,,,,,,,,,,,,,,,,,,,,,,,,,,,,,,,,,,,,,,,,,F,,,F,,,,,,,,,,,,,,,,,,,,,,,,,,,,,,R,,,,,,,,,,,361-U1474A-24H-4-W
361,U1474,A,24,24-5,H,5,W,50/50-NANNO,0,0,220.86,220.86,,,,NN11 - NN12 [G12],"NN11 - T Discoaster quinqueramus to NN12 - T Discaster quinqueramus (Gradstein et al., 2012)",M [P41],A [A112],,,,,,,,,,,,,,,,,C,,C,,,,,,,,,,,,,,,,,P,,,,,,,,,,,,,F,,,F,,,,,,,,,,,,,,,,,,,,,,,,C,,F,F,,,F,,,,,,,,,,,361-U1474A-24H-5-W
361,U1474,A,24,24-CC,H,CC,PAL,NANNO,0,5,221.95,222.0,,,,NN11 - NN12 [G12],"NN11 - T Discoaster quinqueramus to NN12 - T Discaster quinqueramus (Gradstein et al., 2012)",M [P41],A [A112],,,,,,,,,,,A,A,A,,A,,,,,,,,,,,,C,,,,,,,F,,,C,,,,,,,,,,,,C,C,C,C,,,,,,,,,,,,A,,,C,,,,,,,,,,,,,,,,,,,,,R,,,,,361-U1474A-24H-CC-PAL
361,U1474,A,25,25-1,H,1,W,75/75-NANNO,0,0,222.75,222.75,"Tc Nicklithus amplificus (Gradstein et al., 2012)",Tc,5.94,NN11 [G12],"NN11 - T Discoaster quinqueramus (Gradstein et al., 2012)",M [P41],A [A112],,,,,,,,,,,,,,,,,,,,,,,,,,,,,,,,,,,,,,,,,,,,,,,,,,,,C,,,,,,,,,,,,,,,,,,,,,,,,,,P,F,R,,P,,,,,,,,,,,361-U1474A-25H-1-W
361,U1474,A,25,25-2,H,2,W,75/75-NANNO,0,0,224.24,224.24,,,,NN11 [G12],"NN11 - T Discoaster quinqueramus (Gradstein et al., 2012)",M [P41],A [A112],,,,,,,,,,,,,,,,,,,,,,,,,,,,,,,,,,,,,,,,,,,,,,,,,,,,C,,,,,,,,,,,,,,,,,,,,,,,,R,,,R,R,,,,,,,,,,,,,361-U1474A-25H-2-W
361,U1474,A,25,25-3,H,3,W,75/75-NANNO,0,0,225.75,225.75,,,,NN11 [G12],"NN11 - T Discoaster quinqueramus (Gradstein et al., 2012)",M [P41],A [A112],,,,,,,,,,,,,,,,,,,,,,,,,,,,,,,,,,,,,,,,,,,,,,,,,,,,C,,,,,,,,,,,,,,,,,,,,,,,,,,R,R,P,,,,,,,,,,,,,361-U1474A-25H-3-W
361,U1474,A,25,25-4,H,4,W,75/75-NANNO,0,0,227.25,227.25,,,,NN11 [G12],"NN11 - T Discoaster quinqueramus (Gradstein et al., 2012)",M [P41],A [A112],,,,,,,,,,,,,,,,,,,,,,,,,,,,,,,,,,,,,,,,,,,,,,,,,,,,C,,,,,,,,,,,,,,,,,,,,,,,,F,,,,P,,,,,,,,,,,,,361-U1474A-25H-4-W
361,U1474,A,25,25-5,H,5,W,75/75-NANNO,0,0,228.75,228.75,,,,NN11 [G12],"NN11 - T Discoaster quinqueramus (Gradstein et al., 2012)",M [P41],A [A112],,,,,,,,,,,,,,,,,,,,,,,,,,,,,,,,,,,,,,,,,,,,,,,,,,,,C,,,,,,,,,,,,,,,,,,,,,,,,,R,R,R,,,,,,,,,,,,,,361-U1474A-25H-5-W
361,U1474,A,25,25-6,H,6,W,50/50-NANNO,0,0,230.01,230.01,,,,NN11 [G12],"NN11 - T Discoaster quinqueramus (Gradstein et al., 2012)",M [P41],A [A112],,,,,,,,,,,,,,,,,,,,,,,,,,,,,,,,,,,,,,,,,,,,,,,,,,,,C,,,,,,,,,,,,,,,,,,,,,,,,F,R,R,,P,,,,,,,,,,,,,361-U1474A-25H-6-W
361,U1474,A,25,25-CC,H,CC,PAL,NANNO,0,5,231.39,231.44,,,,NN11 [G12],"NN11 - T Discoaster quinqueramus (Gradstein et al., 2012)",M [P41],A [A112],,,,,,,,,,,A,A,A,,A,,,,C,,,,,,,,,,,,C,,,R,,,,,,,,,,,,,,,,C,C,C,,,,,,,,,,,,A,,,A,,,,F,,,,,F,,F,,,,,,,,,,F,,,,,361-U1474A-25H-CC-PAL
361,U1474,A,26,26-1,H,1,W,75/75-NANNO,0,0,232.15,232.15,,,,NN11 [G12],"NN11 - T Discoaster quinqueramus (Gradstein et al., 2012)",M [P41],A [A112],,,,,,,,,,,,,,,,,,,,,,,,,,,,,,,,,,,,,,,,,,,,,,,,,,,F,C,,,,,,,,,,,,,,,,,,,,,,,,F,F,,,R,,,,,,,,,,,,,361-U1474A-26H-1-W
361,U1474,A,26,26-2,H,2,W,75/75-NANNO,0,0,233.65,233.65,,,,NN11 [G12],"NN11 - T Discoaster quinqueramus (Gradstein et al., 2012)",M [P41],A [A112],,,,,,,,,,,,,,,,,,,,,,,,,,,,,,,,,,,,,,,,,,,,,,,,,,,,F,,,,,,,,,,,,,,,,,,,,,,,,R,F,,,R,,,,,,,,,,,,,361-U1474A-26H-2-W
361,U1474,A,26,26-3,H,3,W,75/75-NANNO,0,0,235.14,235.14,,,,NN11 [G12],"NN11 - T Discoaster quinqueramus (Gradstein et al., 2012)",M [P41],A [A112],,,,,,,,,,,,,,,,,,,,,,,,,,,,,,,,,,,,,,,,,,,,,,,,,,,,C,,,,,,,,,,,,,,,,,,,,,,,,R,F,,,R,,,,,,,,,,,,,361-U1474A-26H-3-W
361,U1474,A,26,26-4,H,4,W,75/75-NANNO,0,0,236.64,236.64,,,,NN11 [G12],"NN11 - T Discoaster quinqueramus (Gradstein et al., 2012)",M [P41],A [A112],,,,,,,,,,,,,,,,,,,,,,,,,,,,,,,,,,,,,,,,,,,,,,,,,,,,C,,,,,,,,,,,,,,,,,,,,,,,,,,,,P,,R,,,,,,,,,,,361-U1474A-26H-4-W
361,U1474,A,26,26-5,H,5,W,75/75-NANNO,0,0,238.13,238.13,,,,NN11 [G12],"NN11 - T Discoaster quinqueramus (Gradstein et al., 2012)",M [P41],A [A112],,,,,,,,,,,,,,,,,,,,,,,,,,,,,,,,,,,,,,,,,,,,,,,,,,,,C,,,,,,,,,,,,,,,,,,,,,,,,,F,,,P,,,,,,,,,,,,,361-U1474A-26H-5-W
361,U1474,A,26,26-CC,H,CC,PAL,NANNO,0,5,239.85,239.9,,,,NN11 [G12],"NN11 - T Discoaster quinqueramus (Gradstein et al., 2012)",M [P41],A [A112],,,,,,,,,,,A,,A,,A,,F,,C,,,,,,,,,,,,C,,,R,,,,,,,,,,,,,,,,,C,C,,,,,,,,,,,C,,,,A,,,,,,,P,,R,,,,,,,,,,,,F,,,,,361-U1474A-26H-CC-PAL
361,U1474,A,27,27-1,H,1,W,75/75-NANNO,0,0,240.65,240.65,,,,NN11 [G12],"NN11 - T Discoaster quinqueramus (Gradstein et al., 2012)",M [P41],A [A112],,,,,,,,,,,,,,,,,,,,,,,,,,,,,,,,,,,,,,,,,,,,,,,,,,,,C,,,,,,,,,,,,,,,,,,,,,,,,,,,,P,,,,,,,,,,,,,361-U1474A-27H-1-W
361,U1474,A,27,27-2,H,2,W,50/50-NANNO,0,0,241.9,241.9,,,,NN11 [G12],"NN11 - T Discoaster quinqueramus (Gradstein et al., 2012)",M [P41],A [A112],,,,,,,,,,,,,,,,,,,,,,,,,,,,,,,,,,,,,,,,,,,,,,,,,,,,C,,,,,,,,,,,,,,,,,,,,,,,,,,F,,P,,,,,,,,,,,,,361-U1474A-27H-2-W
361,U1474,A,27,27-3,H,3,W,75/75-NANNO,0,0,243.41,243.41,,,,NN11 [G12],"NN11 - T Discoaster quinqueramus (Gradstein et al., 2012)",M [P41],A [A112],,,,,,,,,,,,,,,,,,,,,,,,,,,,,,,,,,,,,,,,,,,,,,,,,,,,C,,,,,,,,,,,,,,,,,,,,,,,,,F,R,,P,,,,,,,,,,,,,361-U1474A-27H-3-W
361,U1474,A,27,27-4,H,4,W,90/90-NANNO,0,0,245.06,245.06,,,,NN11 [G12],"NN11 - T Discoaster quinqueramus (Gradstein et al., 2012)",M [P41],A [A112],,,,,,,,,,,,,,,,,,,,,,,,,,,,,,,,,,,,,,,,,,,,,,,,,,,,C,,,,,,,,,,,,,,,,,,,,,,,F,,,,,P,,,,,,,,,,,,,361-U1474A-27H-4-W
361,U1474,A,27,27-5,H,5,W,75/75-NANNO,0,0,246.41,246.41,,,,NN11 [G12],"NN11 - T Discoaster quinqueramus (Gradstein et al., 2012)",M [P41],A [A112],,,,,,,,,,,,,,,,,,,,,,,,,,,,,,,,,,,,,,,,,,,,,,,,,,,,C,,,,,,,,,,,,,,,,,,,,,,,,,,P,F,P,,,,,,,,,,,,,361-U1474A-27H-5-W
361,U1474,A,27,27-CC,H,CC,PAL,NANNO,0,5,248.82,248.87,,,,NN11 [G12],"NN11 - T Discoaster quinqueramus (Gradstein et al., 2012)",G [P41],A [A112],,,,,,,,,,A,A,C,A,,,,C,,C,,,,,,,,,,,,C,,,F,,,,,,,,,,,C,,,,F,C,,C,,,,,,,,,,,,A,R,,C,,,,,,,,,C,,F,,P,,P,,,,,,C,,,,,361-U1474A-27H-CC-PAL
361,U1474,A,28,28-2,F,2,W,75/75-NANNO,0,0,246.07,246.07,,,,NN11 [G12],"NN11 - T Discoaster quinqueramus (Gradstein et al., 2012)",M [P41],A [A112],,,,,,,,,,,,,,,,,,,,,,,,,,,,,,,,,,,,,,,,,,,,,,,,,,,,C,,,,,,,,,,,,,,,,,,,,,,R,,F,,,F,R,,,,,,,,,,,,,361-U1474A-28F-2-W
361,U1474,A,28,28-3,F,3,W,75/75-NANNO,0,0,247.57,247.57,,,,NN11 [G12],"NN11 - T Discoaster quinqueramus (Gradstein et al., 2012)",M [P41],A [A112],,,,,,,,,,,,,,,,,,,,,,,,,,,,,,,,,,,,,,,,,,,,,,,,,,,,C,,,,,,,,,,,,,,,,,,,,,,,,,,,,F,,,,,,,,,,,,,361-U1474A-28F-3-W
361,U1474,A,28,28-CC,F,CC,PAL,NANNO,0,5,249.05,249.1,,,,NN11 [G12],"NN11 - T Discoaster quinqueramus (Gradstein et al., 2012)",M [P41],A [A112],,,,,,,,,,,A,A,A,,A,,F,,C,,,,,,,,,,,,,,,,,,,,,,,,,,,,,,,A,C,C,,,,,,,,,,,,,,,C,,,,,,,,,R,,,,,,F,,,,,,C,,,,,361-U1474A-28F-CC-PAL
361,U1474,A,29,29-1,F,1,W,75/75-NANNO,0,0,250.35,250.35,,,,NN11 [G12],"NN11 - T Discoaster quinqueramus (Gradstein et al., 2012)",M [P41],A [A112],,,,,,,,,,,,,,,,,,,,,,,,,,,,,,,,,,,,,,,,,,,,,,,,,,,,C,,,,,,,,,,,,,,,,,,,,,,,,,,,,F,,,,,,,,,,,,,361-U1474A-29F-1-W
361,U1474,A,29,29-2,F,2,W,60/60-NANNO,0,0,251.71,251.71,,,,NN11 [G12],"NN11 - T Discoaster quinqueramus (Gradstein et al., 2012)",M [P41],A [A112],,,,,,,,,,,,,,,,,,,,,,,,,,,,,,,,,,,,,,,,,,,,,,,,,,,,C,,P,,,,,,,,,,,,,,,,,,,,,,,,,R,F,,,,,,,,,,,,,361-U1474A-29F-2-W
361,U1474,A,29,29-CC,F,CC,PAL,NANNO,0,5,254.02,254.07,,,,NN11 [G12],"NN11 - T Discoaster quinqueramus (Gradstein et al., 2012)",M [P41],A [A112],,,,,,,,,,A,A,A,A,,A,,C,,C,,,,F,,,,,,,,,,,,,,,,,,,,,,,,,,,,,C,,P,C,,,,,,,,C,C,,,,,,,,,,,,,F,F,,,,,,,,,,C,,,,,361-U1474A-29F-CC-PAL
