leg,site,hole,core,section,top interval depth(cm),bottom interval depth (cm),coredepth(m),sample depth(m),total number of observed fossils,investigators name,publication date (month/year),dsdp initial report volume number,fossil group,group abundance,chemical overgrowth,chemical dissolution,mechanical preservations,age,page number reference,fossil code,fossil,fossil abundance,fossil preservation,record join code
85,573,B,2,3,15.0,15.0,148.00,151.15,11,PUJOS,10/1985,85,NANNOFOSSILS,FEW,,6,,NO AGE GIVEN,590,NCOCO0300,Coccolithus pelagicus,RARE,  ,1
85,573,B,2,3,15.0,15.0,148.00,151.15,11,PUJOS,10/1985,85,NANNOFOSSILS,FEW,,6,,NO AGE GIVEN,590,NCYCO0110,Cyclococcolithina macintyrei,RARE,  ,1
85,573,B,2,3,15.0,15.0,148.00,151.15,11,PUJOS,10/1985,85,NANNOFOSSILS,FEW,,6,,NO AGE GIVEN,590,NDICT0049,Dictyococcites productus,RARE,  ,1
85,573,B,2,3,15.0,15.0,148.00,151.15,11,PUJOS,10/1985,85,NANNOFOSSILS,FEW,,6,,NO AGE GIVEN,590,NDISC0100,Discoaster challengerii,TRACE,  ,1
85,573,B,2,3,15.0,15.0,148.00,151.15,11,PUJOS,10/1985,85,NANNOFOSSILS,FEW,,6,,NO AGE GIVEN,590,NDISC0250,Discoaster loeblichii,RARE,  ,1
85,573,B,2,3,15.0,15.0,148.00,151.15,11,PUJOS,10/1985,85,NANNOFOSSILS,FEW,,6,,NO AGE GIVEN,590,NDISC0300,Discoaster neohamatus,TRACE,  ,1
85,573,B,2,3,15.0,15.0,148.00,151.15,11,PUJOS,10/1985,85,NANNOFOSSILS,FEW,,6,,NO AGE GIVEN,590,NDISC0380,Discoaster pseudovariabilis,FEW,  ,1
85,573,B,2,3,15.0,15.0,148.00,151.15,11,PUJOS,10/1985,85,NANNOFOSSILS,FEW,,6,,NO AGE GIVEN,590,NHELI0100,Helicopontosphaera kamptneri,TRACE,  ,1
85,573,B,2,3,15.0,15.0,148.00,151.15,11,PUJOS,10/1985,85,NANNOFOSSILS,FEW,,6,,NO AGE GIVEN,590,NRETI0075,Reticulofenestra doronicoides,TRACE,  ,1
85,573,B,2,3,15.0,15.0,148.00,151.15,11,PUJOS,10/1985,85,NANNOFOSSILS,FEW,,6,,NO AGE GIVEN,590,NRETI0135,Reticulofenestra minuta,RARE,  ,1
85,573,B,2,3,15.0,15.0,148.00,151.15,11,PUJOS,10/1985,85,NANNOFOSSILS,FEW,,6,,NO AGE GIVEN,590,NSPHN0150,Sphenolithus neoabies,RARE,  ,2
85,573,B,3,3,15.0,15.0,157.50,160.65,13,PUJOS,10/1985,85,NANNOFOSSILS,COMMON,,5,,NO AGE GIVEN,590,NCOCO0300,Coccolithus pelagicus,TRACE,  ,1
85,573,B,3,3,15.0,15.0,157.50,160.65,13,PUJOS,10/1985,85,NANNOFOSSILS,COMMON,,5,,NO AGE GIVEN,590,NDICT0049,Dictyococcites productus,RARE,  ,1
85,573,B,3,3,15.0,15.0,157.50,160.65,13,PUJOS,10/1985,85,NANNOFOSSILS,COMMON,,5,,NO AGE GIVEN,590,NDISC0030,Discoaster asymmetricus,TRACE,  ,1
85,573,B,3,3,15.0,15.0,157.50,160.65,13,PUJOS,10/1985,85,NANNOFOSSILS,COMMON,,5,,NO AGE GIVEN,590,NDISC0080,Discoaster brouweri,TRACE,  ,1
85,573,B,3,3,15.0,15.0,157.50,160.65,13,PUJOS,10/1985,85,NANNOFOSSILS,COMMON,,5,,NO AGE GIVEN,590,NDISC0100,Discoaster challengerii,TRACE,  ,1
85,573,B,3,3,15.0,15.0,157.50,160.65,13,PUJOS,10/1985,85,NANNOFOSSILS,COMMON,,5,,NO AGE GIVEN,590,NDISC0300,Discoaster neohamatus,RARE,  ,1
85,573,B,3,3,15.0,15.0,157.50,160.65,13,PUJOS,10/1985,85,NANNOFOSSILS,COMMON,,5,,NO AGE GIVEN,590,NDISC0350,Discoaster pentaradiatus,TRACE,  ,1
85,573,B,3,3,15.0,15.0,157.50,160.65,13,PUJOS,10/1985,85,NANNOFOSSILS,COMMON,,5,,NO AGE GIVEN,590,NDISC0380,Discoaster pseudovariabilis,RARE,  ,1
85,573,B,3,3,15.0,15.0,157.50,160.65,13,PUJOS,10/1985,85,NANNOFOSSILS,COMMON,,5,,NO AGE GIVEN,590,NDISC0390,Discoaster quinqueramus,TRACE,  ,1
85,573,B,3,3,15.0,15.0,157.50,160.65,13,PUJOS,10/1985,85,NANNOFOSSILS,COMMON,,5,,NO AGE GIVEN,590,NRETI0135,Reticulofenestra minuta,TRACE,  ,1
85,573,B,3,3,15.0,15.0,157.50,160.65,13,PUJOS,10/1985,85,NANNOFOSSILS,COMMON,,5,,NO AGE GIVEN,590,NRETI0140,Reticulofenestra minutulus,FEW,  ,2
85,573,B,3,3,15.0,15.0,157.50,160.65,13,PUJOS,10/1985,85,NANNOFOSSILS,COMMON,,5,,NO AGE GIVEN,590,NRETI0180,Reticulofenestra pseudoumbilica,FEW,  ,2
85,573,B,3,3,15.0,15.0,157.50,160.65,13,PUJOS,10/1985,85,NANNOFOSSILS,COMMON,,5,,NO AGE GIVEN,590,NSPHN0150,Sphenolithus neoabies,RARE,  ,2
85,573,B,4,3,15.0,15.0,167.00,170.15, 9,PUJOS,10/1985,85,NANNOFOSSILS,ABUNDANT,,3,,NO AGE GIVEN,590,NCOCO0300,Coccolithus pelagicus,TRACE,  ,1
85,573,B,4,3,15.0,15.0,167.00,170.15, 9,PUJOS,10/1985,85,NANNOFOSSILS,ABUNDANT,,3,,NO AGE GIVEN,590,NCYCO0110,Cyclococcolithina macintyrei,RARE,  ,1
85,573,B,4,3,15.0,15.0,167.00,170.15, 9,PUJOS,10/1985,85,NANNOFOSSILS,ABUNDANT,,3,,NO AGE GIVEN,590,NDICT0020,Dictyococcites antarcticus,RARE,  ,1
85,573,B,4,3,15.0,15.0,167.00,170.15, 9,PUJOS,10/1985,85,NANNOFOSSILS,ABUNDANT,,3,,NO AGE GIVEN,590,NDISC0045,Discoaster bellus,RARE,  ,1
85,573,B,4,3,15.0,15.0,167.00,170.15, 9,PUJOS,10/1985,85,NANNOFOSSILS,ABUNDANT,,3,,NO AGE GIVEN,590,NDISC0100,Discoaster challengerii,TRACE,  ,1
85,573,B,4,3,15.0,15.0,167.00,170.15, 9,PUJOS,10/1985,85,NANNOFOSSILS,ABUNDANT,,3,,NO AGE GIVEN,590,NDISC0200,Discoaster hamatus,TRACE,  ,1
85,573,B,4,3,15.0,15.0,167.00,170.15, 9,PUJOS,10/1985,85,NANNOFOSSILS,ABUNDANT,,3,,NO AGE GIVEN,590,NDISC0380,Discoaster pseudovariabilis,TRACE,  ,1
85,573,B,4,3,15.0,15.0,167.00,170.15, 9,PUJOS,10/1985,85,NANNOFOSSILS,ABUNDANT,,3,,NO AGE GIVEN,590,NRETI0140,Reticulofenestra minutulus,FEW,  ,1
85,573,B,4,3,15.0,15.0,167.00,170.15, 9,PUJOS,10/1985,85,NANNOFOSSILS,ABUNDANT,,3,,NO AGE GIVEN,590,NRETI0180,Reticulofenestra pseudoumbilica,ABUNDANT,  ,1
85,573,B,5,3,15.0,15.0,176.50,179.65, 8,PUJOS,10/1985,85,NANNOFOSSILS,ABUNDANT,,3,,NO AGE GIVEN,590,NCOCO0250,Coccolithus miopelagicus,RARE,  ,1
85,573,B,5,3,15.0,15.0,176.50,179.65, 8,PUJOS,10/1985,85,NANNOFOSSILS,ABUNDANT,,3,,NO AGE GIVEN,590,NCOCO0300,Coccolithus pelagicus,TRACE,  ,1
85,573,B,5,3,15.0,15.0,176.50,179.65, 8,PUJOS,10/1985,85,NANNOFOSSILS,ABUNDANT,,3,,NO AGE GIVEN,590,NCYCO0110,Cyclococcolithina macintyrei,RARE,  ,1
85,573,B,5,3,15.0,15.0,176.50,179.65, 8,PUJOS,10/1985,85,NANNOFOSSILS,ABUNDANT,,3,,NO AGE GIVEN,590,NDICT0020,Dictyococcites antarcticus,FEW,  ,1
85,573,B,5,3,15.0,15.0,176.50,179.65, 8,PUJOS,10/1985,85,NANNOFOSSILS,ABUNDANT,,3,,NO AGE GIVEN,590,NDISC0100,Discoaster challengerii,TRACE,  ,1
85,573,B,5,3,15.0,15.0,176.50,179.65, 8,PUJOS,10/1985,85,NANNOFOSSILS,ABUNDANT,,3,,NO AGE GIVEN,590,NDISC0380,Discoaster pseudovariabilis,TRACE,  ,1
85,573,B,5,3,15.0,15.0,176.50,179.65, 8,PUJOS,10/1985,85,NANNOFOSSILS,ABUNDANT,,3,,NO AGE GIVEN,590,NRETI0140,Reticulofenestra minutulus,FEW,  ,1
85,573,B,5,3,15.0,15.0,176.50,179.65, 8,PUJOS,10/1985,85,NANNOFOSSILS,ABUNDANT,,3,,NO AGE GIVEN,590,NRETI0180,Reticulofenestra pseudoumbilica,ABUNDANT,  ,1
85,573,B,6,3,15.0,15.0,186.00,189.15,10,PUJOS,10/1985,85,NANNOFOSSILS,COMMON,,3,,NO AGE GIVEN,590,NCOCO0250,Coccolithus miopelagicus,RARE,  ,1
85,573,B,6,3,15.0,15.0,186.00,189.15,10,PUJOS,10/1985,85,NANNOFOSSILS,COMMON,,3,,NO AGE GIVEN,590,NDICT0020,Dictyococcites antarcticus,RARE,  ,1
85,573,B,6,3,15.0,15.0,186.00,189.15,10,PUJOS,10/1985,85,NANNOFOSSILS,COMMON,,3,,NO AGE GIVEN,590,NDICT0045,Dictyococcites hesslandii,FEW,  ,1
85,573,B,6,3,15.0,15.0,186.00,189.15,10,PUJOS,10/1985,85,NANNOFOSSILS,COMMON,,3,,NO AGE GIVEN,590,NDISC0100,Discoaster challengerii,TRACE,  ,1
85,573,B,6,3,15.0,15.0,186.00,189.15,10,PUJOS,10/1985,85,NANNOFOSSILS,COMMON,,3,,NO AGE GIVEN,590,NDISC0165,Discoaster exilis,RARE,  ,1
85,573,B,6,3,15.0,15.0,186.00,189.15,10,PUJOS,10/1985,85,NANNOFOSSILS,COMMON,,3,,NO AGE GIVEN,590,NDISC0225,Discoaster kugleri,RARE,  ,1
85,573,B,6,3,15.0,15.0,186.00,189.15,10,PUJOS,10/1985,85,NANNOFOSSILS,COMMON,,3,,NO AGE GIVEN,590,NDISC0440,Discoaster stellulus,TRACE,  ,1
85,573,B,6,3,15.0,15.0,186.00,189.15,10,PUJOS,10/1985,85,NANNOFOSSILS,COMMON,,3,,NO AGE GIVEN,590,NRETI0140,Reticulofenestra minutulus,COMMON,  ,1
85,573,B,6,3,15.0,15.0,186.00,189.15,10,PUJOS,10/1985,85,NANNOFOSSILS,COMMON,,3,,NO AGE GIVEN,590,NRETI0180,Reticulofenestra pseudoumbilica,FEW,  ,1
85,573,B,6,3,15.0,15.0,186.00,189.15,10,PUJOS,10/1985,85,NANNOFOSSILS,COMMON,,3,,NO AGE GIVEN,590,NSPHN0150,Sphenolithus neoabies,RARE,  ,1
85,573,B,8,3,15.0,15.0,205.00,208.15,14,PUJOS,10/1985,85,NANNOFOSSILS,FEW,,4,,NO AGE GIVEN,590,NCOCO0250,Coccolithus miopelagicus,RARE,  ,1
85,573,B,8,3,15.0,15.0,205.00,208.15,14,PUJOS,10/1985,85,NANNOFOSSILS,FEW,,4,,NO AGE GIVEN,590,NCOCO0300,Coccolithus pelagicus,RARE,  ,1
85,573,B,8,3,15.0,15.0,205.00,208.15,14,PUJOS,10/1985,85,NANNOFOSSILS,FEW,,4,,NO AGE GIVEN,590,NCYCO0110,Cyclococcolithina macintyrei,TRACE,  ,1
85,573,B,8,3,15.0,15.0,205.00,208.15,14,PUJOS,10/1985,85,NANNOFOSSILS,FEW,,4,,NO AGE GIVEN,590,NDICT0020,Dictyococcites antarcticus,TRACE,  ,1
85,573,B,8,3,15.0,15.0,205.00,208.15,14,PUJOS,10/1985,85,NANNOFOSSILS,FEW,,4,,NO AGE GIVEN,590,NDICT0045,Dictyococcites hesslandii,RARE,  ,1
85,573,B,8,3,15.0,15.0,205.00,208.15,14,PUJOS,10/1985,85,NANNOFOSSILS,FEW,,4,,NO AGE GIVEN,590,NDISC0435,Discoaster signus,TRACE,  ,1
85,573,B,8,3,15.0,15.0,205.00,208.15,14,PUJOS,10/1985,85,NANNOFOSSILS,FEW,,4,,NO AGE GIVEN,590,NDISC0440,Discoaster stellulus,TRACE,  ,1
85,573,B,8,3,15.0,15.0,205.00,208.15,14,PUJOS,10/1985,85,NANNOFOSSILS,FEW,,4,,NO AGE GIVEN,590,NHELI0060,Helicopontosphaera granulata,TRACE,  ,1
85,573,B,8,3,15.0,15.0,205.00,208.15,14,PUJOS,10/1985,85,NANNOFOSSILS,FEW,,4,,NO AGE GIVEN,590,NHELI0090,Helicopontosphaera intermedia,TRACE,  ,1
85,573,B,8,3,15.0,15.0,205.00,208.15,14,PUJOS,10/1985,85,NANNOFOSSILS,FEW,,4,,NO AGE GIVEN,590,NRETI0140,Reticulofenestra minutulus,FEW,  ,1
85,573,B,8,3,15.0,15.0,205.00,208.15,14,PUJOS,10/1985,85,NANNOFOSSILS,FEW,,4,,NO AGE GIVEN,590,NRETI0180,Reticulofenestra pseudoumbilica,RARE,  ,2
85,573,B,8,3,15.0,15.0,205.00,208.15,14,PUJOS,10/1985,85,NANNOFOSSILS,FEW,,4,,NO AGE GIVEN,590,NSPHN0140,Sphenolithus moriformis,TRACE,  ,2
85,573,B,8,3,15.0,15.0,205.00,208.15,14,PUJOS,10/1985,85,NANNOFOSSILS,FEW,,4,,NO AGE GIVEN,590,NSPHN0150,Sphenolithus neoabies,TRACE,  ,2
85,573,B,8,3,15.0,15.0,205.00,208.15,14,PUJOS,10/1985,85,NANNOFOSSILS,FEW,,4,,NO AGE GIVEN,590,NTRIQ0010,Triquetrorhabdulus carinatus,TRACE,  ,2
85,573,B,9,3,15.0,15.0,214.50,217.65,12,PUJOS,10/1985,85,NANNOFOSSILS,COMMON,,3,,NO AGE GIVEN,590,NCOCO0250,Coccolithus miopelagicus,RARE,  ,1
85,573,B,9,3,15.0,15.0,214.50,217.65,12,PUJOS,10/1985,85,NANNOFOSSILS,COMMON,,3,,NO AGE GIVEN,590,NCOCO0300,Coccolithus pelagicus,RARE,  ,1
85,573,B,9,3,15.0,15.0,214.50,217.65,12,PUJOS,10/1985,85,NANNOFOSSILS,COMMON,,3,,NO AGE GIVEN,590,NCYCO0110,Cyclococcolithina macintyrei,TRACE,  ,1
85,573,B,9,3,15.0,15.0,214.50,217.65,12,PUJOS,10/1985,85,NANNOFOSSILS,COMMON,,3,,NO AGE GIVEN,590,NDICT0020,Dictyococcites antarcticus,TRACE,  ,1
85,573,B,9,3,15.0,15.0,214.50,217.65,12,PUJOS,10/1985,85,NANNOFOSSILS,COMMON,,3,,NO AGE GIVEN,590,NDICT0045,Dictyococcites hesslandii,RARE,  ,1
85,573,B,9,3,15.0,15.0,214.50,217.65,12,PUJOS,10/1985,85,NANNOFOSSILS,COMMON,,3,,NO AGE GIVEN,590,NDISC0165,Discoaster exilis,TRACE,  ,1
85,573,B,9,3,15.0,15.0,214.50,217.65,12,PUJOS,10/1985,85,NANNOFOSSILS,COMMON,,3,,NO AGE GIVEN,590,NHELI0060,Helicopontosphaera granulata,TRACE,  ,1
85,573,B,9,3,15.0,15.0,214.50,217.65,12,PUJOS,10/1985,85,NANNOFOSSILS,COMMON,,3,,NO AGE GIVEN,590,NHELI0090,Helicopontosphaera intermedia,RARE,  ,1
85,573,B,9,3,15.0,15.0,214.50,217.65,12,PUJOS,10/1985,85,NANNOFOSSILS,COMMON,,3,,NO AGE GIVEN,590,NRETI0140,Reticulofenestra minutulus,FEW,  ,1
85,573,B,9,3,15.0,15.0,214.50,217.65,12,PUJOS,10/1985,85,NANNOFOSSILS,COMMON,,3,,NO AGE GIVEN,590,NRETI0180,Reticulofenestra pseudoumbilica,TRACE,  ,1
85,573,B,9,3,15.0,15.0,214.50,217.65,12,PUJOS,10/1985,85,NANNOFOSSILS,COMMON,,3,,NO AGE GIVEN,590,NSPHN0140,Sphenolithus moriformis,TRACE,  ,2
85,573,B,9,3,15.0,15.0,214.50,217.65,12,PUJOS,10/1985,85,NANNOFOSSILS,COMMON,,3,,NO AGE GIVEN,590,NSPHN0150,Sphenolithus neoabies,RARE,  ,2
85,573,B,9,4,15.0,15.0,214.50,219.15,11,PUJOS,10/1985,85,NANNOFOSSILS,FEW,,4,,NO AGE GIVEN,590,NCOCO0250,Coccolithus miopelagicus,TRACE,  ,1
85,573,B,9,4,15.0,15.0,214.50,219.15,11,PUJOS,10/1985,85,NANNOFOSSILS,FEW,,4,,NO AGE GIVEN,590,NCOCO0300,Coccolithus pelagicus,RARE,  ,1
85,573,B,9,4,15.0,15.0,214.50,219.15,11,PUJOS,10/1985,85,NANNOFOSSILS,FEW,,4,,NO AGE GIVEN,590,NDICT0020,Dictyococcites antarcticus,RARE,  ,1
85,573,B,9,4,15.0,15.0,214.50,219.15,11,PUJOS,10/1985,85,NANNOFOSSILS,FEW,,4,,NO AGE GIVEN,590,NDICT0045,Dictyococcites hesslandii,RARE,  ,1
85,573,B,9,4,15.0,15.0,214.50,219.15,11,PUJOS,10/1985,85,NANNOFOSSILS,FEW,,4,,NO AGE GIVEN,590,NDISC0035,Discoaster aulakos,TRACE,  ,1
85,573,B,9,4,15.0,15.0,214.50,219.15,11,PUJOS,10/1985,85,NANNOFOSSILS,FEW,,4,,NO AGE GIVEN,590,NDISC0125,Discoaster deflandrei,TRACE,  ,1
85,573,B,9,4,15.0,15.0,214.50,219.15,11,PUJOS,10/1985,85,NANNOFOSSILS,FEW,,4,,NO AGE GIVEN,590,NRETI0140,Reticulofenestra minutulus,FEW,  ,1
85,573,B,9,4,15.0,15.0,214.50,219.15,11,PUJOS,10/1985,85,NANNOFOSSILS,FEW,,4,,NO AGE GIVEN,590,NRETI0180,Reticulofenestra pseudoumbilica,TRACE,  ,1
85,573,B,9,4,15.0,15.0,214.50,219.15,11,PUJOS,10/1985,85,NANNOFOSSILS,FEW,,4,,NO AGE GIVEN,590,NSPHN0120,Sphenolithus heteromorphus,TRACE,  ,1
85,573,B,9,4,15.0,15.0,214.50,219.15,11,PUJOS,10/1985,85,NANNOFOSSILS,FEW,,4,,NO AGE GIVEN,590,NSPHN0140,Sphenolithus moriformis,TRACE,  ,1
85,573,B,9,4,15.0,15.0,214.50,219.15,11,PUJOS,10/1985,85,NANNOFOSSILS,FEW,,4,,NO AGE GIVEN,590,NSPHN0150,Sphenolithus neoabies,RARE,  ,2
85,573,B,10,3,15.0,15.0,224.00,227.15,11,PUJOS,10/1985,85,NANNOFOSSILS,COMMON,,3,,NO AGE GIVEN,590,NCOCO0250,Coccolithus miopelagicus,RARE,  ,1
85,573,B,10,3,15.0,15.0,224.00,227.15,11,PUJOS,10/1985,85,NANNOFOSSILS,COMMON,,3,,NO AGE GIVEN,590,NCOCO0300,Coccolithus pelagicus,RARE,  ,1
85,573,B,10,3,15.0,15.0,224.00,227.15,11,PUJOS,10/1985,85,NANNOFOSSILS,COMMON,,3,,NO AGE GIVEN,590,NCYCI0040,Cyclicargolithus floridanus,RARE,  ,1
85,573,B,10,3,15.0,15.0,224.00,227.15,11,PUJOS,10/1985,85,NANNOFOSSILS,COMMON,,3,,NO AGE GIVEN,590,NDICT0020,Dictyococcites antarcticus,RARE,  ,1
85,573,B,10,3,15.0,15.0,224.00,227.15,11,PUJOS,10/1985,85,NANNOFOSSILS,COMMON,,3,,NO AGE GIVEN,590,NDICT0045,Dictyococcites hesslandii,FEW,  ,1
85,573,B,10,3,15.0,15.0,224.00,227.15,11,PUJOS,10/1985,85,NANNOFOSSILS,COMMON,,3,,NO AGE GIVEN,590,NDISC0035,Discoaster aulakos,TRACE,  ,1
85,573,B,10,3,15.0,15.0,224.00,227.15,11,PUJOS,10/1985,85,NANNOFOSSILS,COMMON,,3,,NO AGE GIVEN,590,NHELI0060,Helicopontosphaera granulata,RARE,  ,1
85,573,B,10,3,15.0,15.0,224.00,227.15,11,PUJOS,10/1985,85,NANNOFOSSILS,COMMON,,3,,NO AGE GIVEN,590,NRETI0140,Reticulofenestra minutulus,RARE,  ,1
85,573,B,10,3,15.0,15.0,224.00,227.15,11,PUJOS,10/1985,85,NANNOFOSSILS,COMMON,,3,,NO AGE GIVEN,590,NSPHN0120,Sphenolithus heteromorphus,FEW,  ,1
85,573,B,10,3,15.0,15.0,224.00,227.15,11,PUJOS,10/1985,85,NANNOFOSSILS,COMMON,,3,,NO AGE GIVEN,590,NSPHN0150,Sphenolithus neoabies,RARE,  ,1
85,573,B,10,3,15.0,15.0,224.00,227.15,11,PUJOS,10/1985,85,NANNOFOSSILS,COMMON,,3,,NO AGE GIVEN,590,NTRIQ0010,Triquetrorhabdulus carinatus,TRACE,  ,2
85,573,B,11,3,15.0,15.0,233.50,236.65,14,PUJOS,10/1985,85,NANNOFOSSILS,COMMON,,3,,NO AGE GIVEN,590,NCOCO0250,Coccolithus miopelagicus,RARE,  ,1
85,573,B,11,3,15.0,15.0,233.50,236.65,14,PUJOS,10/1985,85,NANNOFOSSILS,COMMON,,3,,NO AGE GIVEN,590,NCOCO0300,Coccolithus pelagicus,RARE,  ,1
85,573,B,11,3,15.0,15.0,233.50,236.65,14,PUJOS,10/1985,85,NANNOFOSSILS,COMMON,,3,,NO AGE GIVEN,590,NCORN0040,Coronocyclas sp.,TRACE,  ,1
85,573,B,11,3,15.0,15.0,233.50,236.65,14,PUJOS,10/1985,85,NANNOFOSSILS,COMMON,,3,,NO AGE GIVEN,590,NCYCI0040,Cyclicargolithus floridanus,RARE,  ,1
85,573,B,11,3,15.0,15.0,233.50,236.65,14,PUJOS,10/1985,85,NANNOFOSSILS,COMMON,,3,,NO AGE GIVEN,590,NDICT0020,Dictyococcites antarcticus,RARE,  ,1
85,573,B,11,3,15.0,15.0,233.50,236.65,14,PUJOS,10/1985,85,NANNOFOSSILS,COMMON,,3,,NO AGE GIVEN,590,NDICT0045,Dictyococcites hesslandii,FEW,  ,1
85,573,B,11,3,15.0,15.0,233.50,236.65,14,PUJOS,10/1985,85,NANNOFOSSILS,COMMON,,3,,NO AGE GIVEN,590,NDISC0035,Discoaster aulakos,TRACE,  ,1
85,573,B,11,3,15.0,15.0,233.50,236.65,14,PUJOS,10/1985,85,NANNOFOSSILS,COMMON,,3,,NO AGE GIVEN,590,NDISC0125,Discoaster deflandrei,RARE,  ,1
85,573,B,11,3,15.0,15.0,233.50,236.65,14,PUJOS,10/1985,85,NANNOFOSSILS,COMMON,,3,,NO AGE GIVEN,590,NDISC0165,Discoaster exilis,TRACE,  ,1
85,573,B,11,3,15.0,15.0,233.50,236.65,14,PUJOS,10/1985,85,NANNOFOSSILS,COMMON,,3,,NO AGE GIVEN,590,NHELI0060,Helicopontosphaera granulata,RARE,  ,1
85,573,B,11,3,15.0,15.0,233.50,236.65,14,PUJOS,10/1985,85,NANNOFOSSILS,COMMON,,3,,NO AGE GIVEN,590,NRETI0140,Reticulofenestra minutulus,RARE,  ,2
85,573,B,11,3,15.0,15.0,233.50,236.65,14,PUJOS,10/1985,85,NANNOFOSSILS,COMMON,,3,,NO AGE GIVEN,590,NSPHN0120,Sphenolithus heteromorphus,FEW,  ,2
85,573,B,11,3,15.0,15.0,233.50,236.65,14,PUJOS,10/1985,85,NANNOFOSSILS,COMMON,,3,,NO AGE GIVEN,590,NSPHN0140,Sphenolithus moriformis,TRACE,  ,2
85,573,B,11,3,15.0,15.0,233.50,236.65,14,PUJOS,10/1985,85,NANNOFOSSILS,COMMON,,3,,NO AGE GIVEN,590,NSPHN0150,Sphenolithus neoabies,RARE,  ,2
85,573,B,12,3,15.0,15.0,243.00,246.15,14,PUJOS,10/1985,85,NANNOFOSSILS,FEW,,3,,NO AGE GIVEN,590,NCOCO0250,Coccolithus miopelagicus,RARE,  ,1
85,573,B,12,3,15.0,15.0,243.00,246.15,14,PUJOS,10/1985,85,NANNOFOSSILS,FEW,,3,,NO AGE GIVEN,590,NCOCO0300,Coccolithus pelagicus,RARE,  ,1
85,573,B,12,3,15.0,15.0,243.00,246.15,14,PUJOS,10/1985,85,NANNOFOSSILS,FEW,,3,,NO AGE GIVEN,590,NCYCI0040,Cyclicargolithus floridanus,RARE,  ,1
85,573,B,12,3,15.0,15.0,243.00,246.15,14,PUJOS,10/1985,85,NANNOFOSSILS,FEW,,3,,NO AGE GIVEN,590,NDICT0045,Dictyococcites hesslandii,TRACE,  ,1
85,573,B,12,3,15.0,15.0,243.00,246.15,14,PUJOS,10/1985,85,NANNOFOSSILS,FEW,,3,,NO AGE GIVEN,590,NDISC0035,Discoaster aulakos,TRACE,  ,1
85,573,B,12,3,15.0,15.0,243.00,246.15,14,PUJOS,10/1985,85,NANNOFOSSILS,FEW,,3,,NO AGE GIVEN,590,NDISC0125,Discoaster deflandrei,TRACE,  ,1
85,573,B,12,3,15.0,15.0,243.00,246.15,14,PUJOS,10/1985,85,NANNOFOSSILS,FEW,,3,,NO AGE GIVEN,590,NDISC0165,Discoaster exilis,RARE,  ,1
85,573,B,12,3,15.0,15.0,243.00,246.15,14,PUJOS,10/1985,85,NANNOFOSSILS,FEW,,3,,NO AGE GIVEN,590,NDISC0525,Discoaster variabilis,TRACE,  ,1
85,573,B,12,3,15.0,15.0,243.00,246.15,14,PUJOS,10/1985,85,NANNOFOSSILS,FEW,,3,,NO AGE GIVEN,590,NHELI0060,Helicopontosphaera granulata,TRACE,  ,1
85,573,B,12,3,15.0,15.0,243.00,246.15,14,PUJOS,10/1985,85,NANNOFOSSILS,FEW,,3,,NO AGE GIVEN,590,NRETI0140,Reticulofenestra minutulus,RARE,  ,1
85,573,B,12,3,15.0,15.0,243.00,246.15,14,PUJOS,10/1985,85,NANNOFOSSILS,FEW,,3,,NO AGE GIVEN,590,NRETI0180,Reticulofenestra pseudoumbilica,RARE,  ,2
85,573,B,12,3,15.0,15.0,243.00,246.15,14,PUJOS,10/1985,85,NANNOFOSSILS,FEW,,3,,NO AGE GIVEN,590,NSPHN0120,Sphenolithus heteromorphus,FEW,  ,2
85,573,B,12,3,15.0,15.0,243.00,246.15,14,PUJOS,10/1985,85,NANNOFOSSILS,FEW,,3,,NO AGE GIVEN,590,NSPHN0140,Sphenolithus moriformis,RARE,  ,2
85,573,B,12,3,15.0,15.0,243.00,246.15,14,PUJOS,10/1985,85,NANNOFOSSILS,FEW,,3,,NO AGE GIVEN,590,NSPHN0150,Sphenolithus neoabies,RARE,  ,2
85,573,B,12,5,15.0,15.0,243.00,249.15,11,PUJOS,10/1985,85,NANNOFOSSILS,COMMON,,1,,NO AGE GIVEN,590,NCOCO0250,Coccolithus miopelagicus,FEW,  ,1
85,573,B,12,5,15.0,15.0,243.00,249.15,11,PUJOS,10/1985,85,NANNOFOSSILS,COMMON,,1,,NO AGE GIVEN,590,NCOCO0300,Coccolithus pelagicus,RARE,  ,1
85,573,B,12,5,15.0,15.0,243.00,249.15,11,PUJOS,10/1985,85,NANNOFOSSILS,COMMON,,1,,NO AGE GIVEN,590,NCYCI0040,Cyclicargolithus floridanus,RARE,  ,1
85,573,B,12,5,15.0,15.0,243.00,249.15,11,PUJOS,10/1985,85,NANNOFOSSILS,COMMON,,1,,NO AGE GIVEN,590,NDISC0035,Discoaster aulakos,TRACE,  ,1
85,573,B,12,5,15.0,15.0,243.00,249.15,11,PUJOS,10/1985,85,NANNOFOSSILS,COMMON,,1,,NO AGE GIVEN,590,NDISC0125,Discoaster deflandrei,FEW,  ,1
85,573,B,12,5,15.0,15.0,243.00,249.15,11,PUJOS,10/1985,85,NANNOFOSSILS,COMMON,,1,,NO AGE GIVEN,590,NDISC0165,Discoaster exilis,TRACE,  ,1
85,573,B,12,5,15.0,15.0,243.00,249.15,11,PUJOS,10/1985,85,NANNOFOSSILS,COMMON,,1,,NO AGE GIVEN,590,NDISC0440,Discoaster stellulus,TRACE,  ,1
85,573,B,12,5,15.0,15.0,243.00,249.15,11,PUJOS,10/1985,85,NANNOFOSSILS,COMMON,,1,,NO AGE GIVEN,590,NHELI0060,Helicopontosphaera granulata,TRACE,  ,1
85,573,B,12,5,15.0,15.0,243.00,249.15,11,PUJOS,10/1985,85,NANNOFOSSILS,COMMON,,1,,NO AGE GIVEN,590,NSPHN0120,Sphenolithus heteromorphus,FEW,  ,1
85,573,B,12,5,15.0,15.0,243.00,249.15,11,PUJOS,10/1985,85,NANNOFOSSILS,COMMON,,1,,NO AGE GIVEN,590,NSPHN0140,Sphenolithus moriformis,RARE,  ,1
85,573,B,12,5,15.0,15.0,243.00,249.15,11,PUJOS,10/1985,85,NANNOFOSSILS,COMMON,,1,,NO AGE GIVEN,590,NSPHN0150,Sphenolithus neoabies,RARE,  ,2
85,573,B,13,3,15.0,15.0,252.50,255.65, 9,PUJOS,10/1985,85,NANNOFOSSILS,ABUNDANT,,1,,NO AGE GIVEN,590,NCOCO0250,Coccolithus miopelagicus,FEW,  ,1
85,573,B,13,3,15.0,15.0,252.50,255.65, 9,PUJOS,10/1985,85,NANNOFOSSILS,ABUNDANT,,1,,NO AGE GIVEN,590,NCOCO0300,Coccolithus pelagicus,RARE,  ,1
85,573,B,13,3,15.0,15.0,252.50,255.65, 9,PUJOS,10/1985,85,NANNOFOSSILS,ABUNDANT,,1,,NO AGE GIVEN,590,NCYCI0040,Cyclicargolithus floridanus,RARE,  ,1
85,573,B,13,3,15.0,15.0,252.50,255.65, 9,PUJOS,10/1985,85,NANNOFOSSILS,ABUNDANT,,1,,NO AGE GIVEN,590,NDISC0035,Discoaster aulakos,TRACE,  ,1
85,573,B,13,3,15.0,15.0,252.50,255.65, 9,PUJOS,10/1985,85,NANNOFOSSILS,ABUNDANT,,1,,NO AGE GIVEN,590,NDISC0125,Discoaster deflandrei,RARE,  ,1
85,573,B,13,3,15.0,15.0,252.50,255.65, 9,PUJOS,10/1985,85,NANNOFOSSILS,ABUNDANT,,1,,NO AGE GIVEN,590,NDISC0165,Discoaster exilis,TRACE,  ,1
85,573,B,13,3,15.0,15.0,252.50,255.65, 9,PUJOS,10/1985,85,NANNOFOSSILS,ABUNDANT,,1,,NO AGE GIVEN,590,NRETI0080,Reticulofenestra gartneri,FEW,  ,1
85,573,B,13,3,15.0,15.0,252.50,255.65, 9,PUJOS,10/1985,85,NANNOFOSSILS,ABUNDANT,,1,,NO AGE GIVEN,590,NSPHN0120,Sphenolithus heteromorphus,ABUNDANT,  ,1
85,573,B,13,3,15.0,15.0,252.50,255.65, 9,PUJOS,10/1985,85,NANNOFOSSILS,ABUNDANT,,1,,NO AGE GIVEN,590,NSPHN0140,Sphenolithus moriformis,FEW,  ,1
85,573,B,14,3,15.0,15.0,262.00,265.15,11,PUJOS,10/1985,85,NANNOFOSSILS,FEW,,6,,NO AGE GIVEN,590,NCOCO0250,Coccolithus miopelagicus,TRACE,  ,1
85,573,B,14,3,15.0,15.0,262.00,265.15,11,PUJOS,10/1985,85,NANNOFOSSILS,FEW,,6,,NO AGE GIVEN,590,NCOCO0300,Coccolithus pelagicus,RARE,  ,1
85,573,B,14,3,15.0,15.0,262.00,265.15,11,PUJOS,10/1985,85,NANNOFOSSILS,FEW,,6,,NO AGE GIVEN,590,NCYCI0040,Cyclicargolithus floridanus,RARE,  ,1
85,573,B,14,3,15.0,15.0,262.00,265.15,11,PUJOS,10/1985,85,NANNOFOSSILS,FEW,,6,,NO AGE GIVEN,590,NDICT0045,Dictyococcites hesslandii,TRACE,  ,1
85,573,B,14,3,15.0,15.0,262.00,265.15,11,PUJOS,10/1985,85,NANNOFOSSILS,FEW,,6,,NO AGE GIVEN,590,NDISC0125,Discoaster deflandrei,RARE,  ,1
85,573,B,14,3,15.0,15.0,262.00,265.15,11,PUJOS,10/1985,85,NANNOFOSSILS,FEW,,6,,NO AGE GIVEN,590,NRETI0080,Reticulofenestra gartneri,RARE,  ,1
85,573,B,14,3,15.0,15.0,262.00,265.15,11,PUJOS,10/1985,85,NANNOFOSSILS,FEW,,6,,NO AGE GIVEN,590,NSPHN0030,Sphenolithus belemnos,TRACE,  ,1
85,573,B,14,3,15.0,15.0,262.00,265.15,11,PUJOS,10/1985,85,NANNOFOSSILS,FEW,,6,,NO AGE GIVEN,590,NSPHN0120,Sphenolithus heteromorphus,TRACE,  ,1
85,573,B,14,3,15.0,15.0,262.00,265.15,11,PUJOS,10/1985,85,NANNOFOSSILS,FEW,,6,,NO AGE GIVEN,590,NSPHN0140,Sphenolithus moriformis,RARE,  ,1
85,573,B,14,3,15.0,15.0,262.00,265.15,11,PUJOS,10/1985,85,NANNOFOSSILS,FEW,,6,,NO AGE GIVEN,590,NTRIQ0010,Triquetrorhabdulus carinatus,TRACE,  ,1
85,573,B,14,3,15.0,15.0,262.00,265.15,11,PUJOS,10/1985,85,NANNOFOSSILS,FEW,,6,,NO AGE GIVEN,590,NTRIQ0030,Triquetrorhabdulus milowii,TRACE,  ,2
85,573,B,15,3,15.0,15.0,271.50,274.65,10,PUJOS,10/1985,85,NANNOFOSSILS,ABUNDANT,,4,,NO AGE GIVEN,590,NCOCO0250,Coccolithus miopelagicus,RARE,  ,1
85,573,B,15,3,15.0,15.0,271.50,274.65,10,PUJOS,10/1985,85,NANNOFOSSILS,ABUNDANT,,4,,NO AGE GIVEN,590,NCOCO0300,Coccolithus pelagicus,FEW,  ,1
85,573,B,15,3,15.0,15.0,271.50,274.65,10,PUJOS,10/1985,85,NANNOFOSSILS,ABUNDANT,,4,,NO AGE GIVEN,590,NDICT0045,Dictyococcites hesslandii,FEW,  ,1
85,573,B,15,3,15.0,15.0,271.50,274.65,10,PUJOS,10/1985,85,NANNOFOSSILS,ABUNDANT,,4,,NO AGE GIVEN,590,NDISC0125,Discoaster deflandrei,FEW,  ,1
85,573,B,15,3,15.0,15.0,271.50,274.65,10,PUJOS,10/1985,85,NANNOFOSSILS,ABUNDANT,,4,,NO AGE GIVEN,590,NDISC0440,Discoaster stellulus,RARE,  ,1
85,573,B,15,3,15.0,15.0,271.50,274.65,10,PUJOS,10/1985,85,NANNOFOSSILS,ABUNDANT,,4,,NO AGE GIVEN,590,NRETI0080,Reticulofenestra gartneri,FEW,  ,1
85,573,B,15,3,15.0,15.0,271.50,274.65,10,PUJOS,10/1985,85,NANNOFOSSILS,ABUNDANT,,4,,NO AGE GIVEN,590,NSPHN0030,Sphenolithus belemnos,ABUNDANT,  ,1
85,573,B,15,3,15.0,15.0,271.50,274.65,10,PUJOS,10/1985,85,NANNOFOSSILS,ABUNDANT,,4,,NO AGE GIVEN,590,NSPHN0140,Sphenolithus moriformis,FEW,  ,1
85,573,B,15,3,15.0,15.0,271.50,274.65,10,PUJOS,10/1985,85,NANNOFOSSILS,ABUNDANT,,4,,NO AGE GIVEN,590,NTRIQ0010,Triquetrorhabdulus carinatus,TRACE,  ,1
85,573,B,15,3,15.0,15.0,271.50,274.65,10,PUJOS,10/1985,85,NANNOFOSSILS,ABUNDANT,,4,,NO AGE GIVEN,590,NTRIQ0030,Triquetrorhabdulus milowii,TRACE,  ,1
85,573,B,16,3,15.0,15.0,281.00,284.15,12,PUJOS,10/1985,85,NANNOFOSSILS,COMMON,,2,,NO AGE GIVEN,590,NCOCO0250,Coccolithus miopelagicus,TRACE,  ,1
85,573,B,16,3,15.0,15.0,281.00,284.15,12,PUJOS,10/1985,85,NANNOFOSSILS,COMMON,,2,,NO AGE GIVEN,590,NCOCO0300,Coccolithus pelagicus,RARE,  ,1
85,573,B,16,3,15.0,15.0,281.00,284.15,12,PUJOS,10/1985,85,NANNOFOSSILS,COMMON,,2,,NO AGE GIVEN,590,NCYCI0040,Cyclicargolithus floridanus,FEW,  ,1
85,573,B,16,3,15.0,15.0,281.00,284.15,12,PUJOS,10/1985,85,NANNOFOSSILS,COMMON,,2,,NO AGE GIVEN,590,NDICT0045,Dictyococcites hesslandii,RARE,  ,1
85,573,B,16,3,15.0,15.0,281.00,284.15,12,PUJOS,10/1985,85,NANNOFOSSILS,COMMON,,2,,NO AGE GIVEN,590,NDISC0125,Discoaster deflandrei,FEW,  ,1
85,573,B,16,3,15.0,15.0,281.00,284.15,12,PUJOS,10/1985,85,NANNOFOSSILS,COMMON,,2,,NO AGE GIVEN,590,NDISC0140,Discoaster dilatus,TRACE,  ,1
85,573,B,16,3,15.0,15.0,281.00,284.15,12,PUJOS,10/1985,85,NANNOFOSSILS,COMMON,,2,,NO AGE GIVEN,590,NDISC0420,Discoaster saundersi,TRACE,  ,1
85,573,B,16,3,15.0,15.0,281.00,284.15,12,PUJOS,10/1985,85,NANNOFOSSILS,COMMON,,2,,NO AGE GIVEN,590,NDISC0440,Discoaster stellulus,TRACE,  ,1
85,573,B,16,3,15.0,15.0,281.00,284.15,12,PUJOS,10/1985,85,NANNOFOSSILS,COMMON,,2,,NO AGE GIVEN,590,NRETI0080,Reticulofenestra gartneri,FEW,  ,1
85,573,B,16,3,15.0,15.0,281.00,284.15,12,PUJOS,10/1985,85,NANNOFOSSILS,COMMON,,2,,NO AGE GIVEN,590,NSPHN0030,Sphenolithus belemnos,FEW,  ,1
85,573,B,16,3,15.0,15.0,281.00,284.15,12,PUJOS,10/1985,85,NANNOFOSSILS,COMMON,,2,,NO AGE GIVEN,590,NSPHN0090,Sphenolithus dissimilis,RARE,  ,2
85,573,B,16,3,15.0,15.0,281.00,284.15,12,PUJOS,10/1985,85,NANNOFOSSILS,COMMON,,2,,NO AGE GIVEN,590,NSPHN0140,Sphenolithus moriformis,RARE,  ,2
85,573,B,17,3,15.0,15.0,290.50,293.65,11,PUJOS,10/1985,85,NANNOFOSSILS,ABUNDANT,,1,,NO AGE GIVEN,590,NCOCO0300,Coccolithus pelagicus,FEW,  ,1
85,573,B,17,3,15.0,15.0,290.50,293.65,11,PUJOS,10/1985,85,NANNOFOSSILS,ABUNDANT,,1,,NO AGE GIVEN,590,NCORN0040,Coronocyclas sp.,RARE,  ,1
85,573,B,17,3,15.0,15.0,290.50,293.65,11,PUJOS,10/1985,85,NANNOFOSSILS,ABUNDANT,,1,,NO AGE GIVEN,590,NCYCI0040,Cyclicargolithus floridanus,FEW,  ,1
85,573,B,17,3,15.0,15.0,290.50,293.65,11,PUJOS,10/1985,85,NANNOFOSSILS,ABUNDANT,,1,,NO AGE GIVEN,590,NDICT0045,Dictyococcites hesslandii,FEW,  ,1
85,573,B,17,3,15.0,15.0,290.50,293.65,11,PUJOS,10/1985,85,NANNOFOSSILS,ABUNDANT,,1,,NO AGE GIVEN,590,NDISC0125,Discoaster deflandrei,FEW,  ,1
85,573,B,17,3,15.0,15.0,290.50,293.65,11,PUJOS,10/1985,85,NANNOFOSSILS,ABUNDANT,,1,,NO AGE GIVEN,590,NDISC0420,Discoaster saundersi,TRACE,  ,1
85,573,B,17,3,15.0,15.0,290.50,293.65,11,PUJOS,10/1985,85,NANNOFOSSILS,ABUNDANT,,1,,NO AGE GIVEN,590,NORTH0010,Orthorhabdus serratus,RARE,  ,1
85,573,B,17,3,15.0,15.0,290.50,293.65,11,PUJOS,10/1985,85,NANNOFOSSILS,ABUNDANT,,1,,NO AGE GIVEN,590,NRETI0080,Reticulofenestra gartneri,COMMON,  ,1
85,573,B,17,3,15.0,15.0,290.50,293.65,11,PUJOS,10/1985,85,NANNOFOSSILS,ABUNDANT,,1,,NO AGE GIVEN,590,NSPHN0030,Sphenolithus belemnos,TRACE,  ,1
85,573,B,17,3,15.0,15.0,290.50,293.65,11,PUJOS,10/1985,85,NANNOFOSSILS,ABUNDANT,,1,,NO AGE GIVEN,590,NSPHN0090,Sphenolithus dissimilis,FEW,  ,1
85,573,B,17,3,15.0,15.0,290.50,293.65,11,PUJOS,10/1985,85,NANNOFOSSILS,ABUNDANT,,1,,NO AGE GIVEN,590,NSPHN0140,Sphenolithus moriformis,RARE,  ,2
85,573,B,18,3,15.0,15.0,300.00,303.15,14,PUJOS,10/1985,85,NANNOFOSSILS,ABUNDANT,,3,,NO AGE GIVEN,590,NCOCO0250,Coccolithus miopelagicus,TRACE,  ,1
85,573,B,18,3,15.0,15.0,300.00,303.15,14,PUJOS,10/1985,85,NANNOFOSSILS,ABUNDANT,,3,,NO AGE GIVEN,590,NCOCO0300,Coccolithus pelagicus,TRACE,  ,1
85,573,B,18,3,15.0,15.0,300.00,303.15,14,PUJOS,10/1985,85,NANNOFOSSILS,ABUNDANT,,3,,NO AGE GIVEN,590,NCYCI0040,Cyclicargolithus floridanus,FEW,  ,1
85,573,B,18,3,15.0,15.0,300.00,303.15,14,PUJOS,10/1985,85,NANNOFOSSILS,ABUNDANT,,3,,NO AGE GIVEN,590,NDICT0045,Dictyococcites hesslandii,FEW,  ,1
85,573,B,18,3,15.0,15.0,300.00,303.15,14,PUJOS,10/1985,85,NANNOFOSSILS,ABUNDANT,,3,,NO AGE GIVEN,590,NDISC0112,Discoaster ciperoensis,RARE,  ,1
85,573,B,18,3,15.0,15.0,300.00,303.15,14,PUJOS,10/1985,85,NANNOFOSSILS,ABUNDANT,,3,,NO AGE GIVEN,590,NDISC0125,Discoaster deflandrei,FEW,  ,1
85,573,B,18,3,15.0,15.0,300.00,303.15,14,PUJOS,10/1985,85,NANNOFOSSILS,ABUNDANT,,3,,NO AGE GIVEN,590,NDISC0420,Discoaster saundersi,RARE,  ,1
85,573,B,18,3,15.0,15.0,300.00,303.15,14,PUJOS,10/1985,85,NANNOFOSSILS,ABUNDANT,,3,,NO AGE GIVEN,590,NORTH0010,Orthorhabdus serratus,TRACE,  ,1
85,573,B,18,3,15.0,15.0,300.00,303.15,14,PUJOS,10/1985,85,NANNOFOSSILS,ABUNDANT,,3,,NO AGE GIVEN,590,NRETI0080,Reticulofenestra gartneri,ABUNDANT,  ,1
85,573,B,18,3,15.0,15.0,300.00,303.15,14,PUJOS,10/1985,85,NANNOFOSSILS,ABUNDANT,,3,,NO AGE GIVEN,590,NSPHN0060,Sphenolithus conicus,RARE,  ,1
85,573,B,18,3,15.0,15.0,300.00,303.15,14,PUJOS,10/1985,85,NANNOFOSSILS,ABUNDANT,,3,,NO AGE GIVEN,590,NSPHN0090,Sphenolithus dissimilis,FEW,  ,2
85,573,B,18,3,15.0,15.0,300.00,303.15,14,PUJOS,10/1985,85,NANNOFOSSILS,ABUNDANT,,3,,NO AGE GIVEN,590,NSPHN0140,Sphenolithus moriformis,FEW,  ,2
85,573,B,18,3,15.0,15.0,300.00,303.15,14,PUJOS,10/1985,85,NANNOFOSSILS,ABUNDANT,,3,,NO AGE GIVEN,590,NTRIQ0010,Triquetrorhabdulus carinatus,COMMON,  ,2
85,573,B,18,3,15.0,15.0,300.00,303.15,14,PUJOS,10/1985,85,NANNOFOSSILS,ABUNDANT,,3,,NO AGE GIVEN,590,NTRIQ0030,Triquetrorhabdulus milowii,COMMON,  ,2
85,573,B,20,3,25.0,25.0,319.00,322.25,11,PUJOS,10/1985,85,NANNOFOSSILS,ABUNDANT,,3,,NO AGE GIVEN,590,NCOCO0250,Coccolithus miopelagicus,TRACE,  ,1
85,573,B,20,3,25.0,25.0,319.00,322.25,11,PUJOS,10/1985,85,NANNOFOSSILS,ABUNDANT,,3,,NO AGE GIVEN,590,NCYCI0010,Cyclicargolithus abisectus,TRACE,  ,1
85,573,B,20,3,25.0,25.0,319.00,322.25,11,PUJOS,10/1985,85,NANNOFOSSILS,ABUNDANT,,3,,NO AGE GIVEN,590,NCYCI0040,Cyclicargolithus floridanus,FEW,  ,1
85,573,B,20,3,25.0,25.0,319.00,322.25,11,PUJOS,10/1985,85,NANNOFOSSILS,ABUNDANT,,3,,NO AGE GIVEN,590,NDICT0045,Dictyococcites hesslandii,COMMON,  ,1
85,573,B,20,3,25.0,25.0,319.00,322.25,11,PUJOS,10/1985,85,NANNOFOSSILS,ABUNDANT,,3,,NO AGE GIVEN,590,NDISC0125,Discoaster deflandrei,FEW,  ,1
85,573,B,20,3,25.0,25.0,319.00,322.25,11,PUJOS,10/1985,85,NANNOFOSSILS,ABUNDANT,,3,,NO AGE GIVEN,590,NDISC0440,Discoaster stellulus,RARE,  ,1
85,573,B,20,3,25.0,25.0,319.00,322.25,11,PUJOS,10/1985,85,NANNOFOSSILS,ABUNDANT,,3,,NO AGE GIVEN,590,NORTH0010,Orthorhabdus serratus,FEW,  ,1
85,573,B,20,3,25.0,25.0,319.00,322.25,11,PUJOS,10/1985,85,NANNOFOSSILS,ABUNDANT,,3,,NO AGE GIVEN,590,NRETI0080,Reticulofenestra gartneri,RARE,  ,1
85,573,B,20,3,25.0,25.0,319.00,322.25,11,PUJOS,10/1985,85,NANNOFOSSILS,ABUNDANT,,3,,NO AGE GIVEN,590,NSPHN0090,Sphenolithus dissimilis,COMMON,  ,1
85,573,B,20,3,25.0,25.0,319.00,322.25,11,PUJOS,10/1985,85,NANNOFOSSILS,ABUNDANT,,3,,NO AGE GIVEN,590,NSPHN0140,Sphenolithus moriformis,RARE,  ,1
85,573,B,20,3,25.0,25.0,319.00,322.25,11,PUJOS,10/1985,85,NANNOFOSSILS,ABUNDANT,,3,,NO AGE GIVEN,590,NTRIQ0010,Triquetrorhabdulus carinatus,COMMON,  ,2
85,573,B,20,CC,0.0,0.0,319.00,328.27, 9,PUJOS,10/1985,85,NANNOFOSSILS,COMMON,,3,,NO AGE GIVEN,590,NCOCO0100,Coccolithus eopelagicus,TRACE,  ,1
85,573,B,20,CC,0.0,0.0,319.00,328.27, 9,PUJOS,10/1985,85,NANNOFOSSILS,COMMON,,3,,NO AGE GIVEN,590,NCOCO0250,Coccolithus miopelagicus,TRACE,  ,1
85,573,B,20,CC,0.0,0.0,319.00,328.27, 9,PUJOS,10/1985,85,NANNOFOSSILS,COMMON,,3,,NO AGE GIVEN,590,NCYCI0040,Cyclicargolithus floridanus,FEW,  ,1
85,573,B,20,CC,0.0,0.0,319.00,328.27, 9,PUJOS,10/1985,85,NANNOFOSSILS,COMMON,,3,,NO AGE GIVEN,590,NDISC0125,Discoaster deflandrei,FEW,  ,1
85,573,B,20,CC,0.0,0.0,319.00,328.27, 9,PUJOS,10/1985,85,NANNOFOSSILS,COMMON,,3,,NO AGE GIVEN,590,NDISC0440,Discoaster stellulus,TRACE,  ,1
85,573,B,20,CC,0.0,0.0,319.00,328.27, 9,PUJOS,10/1985,85,NANNOFOSSILS,COMMON,,3,,NO AGE GIVEN,590,NRETI0080,Reticulofenestra gartneri,RARE,  ,1
85,573,B,20,CC,0.0,0.0,319.00,328.27, 9,PUJOS,10/1985,85,NANNOFOSSILS,COMMON,,3,,NO AGE GIVEN,590,NSPHN0090,Sphenolithus dissimilis,FEW,  ,1
85,573,B,20,CC,0.0,0.0,319.00,328.27, 9,PUJOS,10/1985,85,NANNOFOSSILS,COMMON,,3,,NO AGE GIVEN,590,NSPHN0140,Sphenolithus moriformis,RARE,  ,1
85,573,B,20,CC,0.0,0.0,319.00,328.27, 9,PUJOS,10/1985,85,NANNOFOSSILS,COMMON,,3,,NO AGE GIVEN,590,NTRIQ0010,Triquetrorhabdulus carinatus,FEW,  ,1
85,573,B,21,2,30.0,30.0,328.50,330.30,14,PUJOS,10/1985,85,NANNOFOSSILS,COMMON,,3,,NO AGE GIVEN,590,NCOCO0100,Coccolithus eopelagicus,RARE,  ,1
85,573,B,21,2,30.0,30.0,328.50,330.30,14,PUJOS,10/1985,85,NANNOFOSSILS,COMMON,,3,,NO AGE GIVEN,590,NCOCO0300,Coccolithus pelagicus,RARE,  ,1
85,573,B,21,2,30.0,30.0,328.50,330.30,14,PUJOS,10/1985,85,NANNOFOSSILS,COMMON,,3,,NO AGE GIVEN,590,NCYCI0010,Cyclicargolithus abisectus,RARE,  ,1
85,573,B,21,2,30.0,30.0,328.50,330.30,14,PUJOS,10/1985,85,NANNOFOSSILS,COMMON,,3,,NO AGE GIVEN,590,NCYCI0040,Cyclicargolithus floridanus,RARE,  ,1
85,573,B,21,2,30.0,30.0,328.50,330.30,14,PUJOS,10/1985,85,NANNOFOSSILS,COMMON,,3,,NO AGE GIVEN,590,NDICT0045,Dictyococcites hesslandii,TRACE,  ,1
85,573,B,21,2,30.0,30.0,328.50,330.30,14,PUJOS,10/1985,85,NANNOFOSSILS,COMMON,,3,,NO AGE GIVEN,590,NDISC0112,Discoaster ciperoensis,TRACE,  ,1
85,573,B,21,2,30.0,30.0,328.50,330.30,14,PUJOS,10/1985,85,NANNOFOSSILS,COMMON,,3,,NO AGE GIVEN,590,NDISC0125,Discoaster deflandrei,RARE,  ,1
85,573,B,21,2,30.0,30.0,328.50,330.30,14,PUJOS,10/1985,85,NANNOFOSSILS,COMMON,,3,,NO AGE GIVEN,590,NPYRO0020,Pyrocyclus orangensis,TRACE,  ,1
85,573,B,21,2,30.0,30.0,328.50,330.30,14,PUJOS,10/1985,85,NANNOFOSSILS,COMMON,,3,,NO AGE GIVEN,590,NRETI0080,Reticulofenestra gartneri,FEW,  ,1
85,573,B,21,2,30.0,30.0,328.50,330.30,14,PUJOS,10/1985,85,NANNOFOSSILS,COMMON,,3,,NO AGE GIVEN,590,NSPHN0060,Sphenolithus conicus,FEW,  ,1
85,573,B,21,2,30.0,30.0,328.50,330.30,14,PUJOS,10/1985,85,NANNOFOSSILS,COMMON,,3,,NO AGE GIVEN,590,NSPHN0090,Sphenolithus dissimilis,FEW,  ,2
85,573,B,21,2,30.0,30.0,328.50,330.30,14,PUJOS,10/1985,85,NANNOFOSSILS,COMMON,,3,,NO AGE GIVEN,590,NSPHN0140,Sphenolithus moriformis,RARE,  ,2
85,573,B,21,2,30.0,30.0,328.50,330.30,14,PUJOS,10/1985,85,NANNOFOSSILS,COMMON,,3,,NO AGE GIVEN,590,NTRIQ0010,Triquetrorhabdulus carinatus,RARE,  ,2
85,573,B,21,2,30.0,30.0,328.50,330.30,14,PUJOS,10/1985,85,NANNOFOSSILS,COMMON,,3,,NO AGE GIVEN,590,NTRIQ0030,Triquetrorhabdulus milowii,RARE,  ,2
85,573,B,23,3,35.0,35.0,347.50,350.85,13,PUJOS,10/1985,85,NANNOFOSSILS,COMMON,,4,,NO AGE GIVEN,590,NCOCO0100,Coccolithus eopelagicus,RARE,  ,1
85,573,B,23,3,35.0,35.0,347.50,350.85,13,PUJOS,10/1985,85,NANNOFOSSILS,COMMON,,4,,NO AGE GIVEN,590,NCOCO0300,Coccolithus pelagicus,TRACE,  ,1
85,573,B,23,3,35.0,35.0,347.50,350.85,13,PUJOS,10/1985,85,NANNOFOSSILS,COMMON,,4,,NO AGE GIVEN,590,NCORN0040,Coronocyclas sp.,TRACE,  ,1
85,573,B,23,3,35.0,35.0,347.50,350.85,13,PUJOS,10/1985,85,NANNOFOSSILS,COMMON,,4,,NO AGE GIVEN,590,NCYCI0010,Cyclicargolithus abisectus,RARE,  ,1
85,573,B,23,3,35.0,35.0,347.50,350.85,13,PUJOS,10/1985,85,NANNOFOSSILS,COMMON,,4,,NO AGE GIVEN,590,NDICT0045,Dictyococcites hesslandii,RARE,  ,1
85,573,B,23,3,35.0,35.0,347.50,350.85,13,PUJOS,10/1985,85,NANNOFOSSILS,COMMON,,4,,NO AGE GIVEN,590,NDISC0125,Discoaster deflandrei,RARE,  ,1
85,573,B,23,3,35.0,35.0,347.50,350.85,13,PUJOS,10/1985,85,NANNOFOSSILS,COMMON,,4,,NO AGE GIVEN,590,NPYRO0020,Pyrocyclus orangensis,RARE,  ,1
85,573,B,23,3,35.0,35.0,347.50,350.85,13,PUJOS,10/1985,85,NANNOFOSSILS,COMMON,,4,,NO AGE GIVEN,590,NRETI0080,Reticulofenestra gartneri,COMMON,  ,1
85,573,B,23,3,35.0,35.0,347.50,350.85,13,PUJOS,10/1985,85,NANNOFOSSILS,COMMON,,4,,NO AGE GIVEN,590,NSPHN0090,Sphenolithus dissimilis,RARE,  ,1
85,573,B,23,3,35.0,35.0,347.50,350.85,13,PUJOS,10/1985,85,NANNOFOSSILS,COMMON,,4,,NO AGE GIVEN,590,NSPHN0100,Sphenolithus distentus,TRACE,  ,1
85,573,B,23,3,35.0,35.0,347.50,350.85,13,PUJOS,10/1985,85,NANNOFOSSILS,COMMON,,4,,NO AGE GIVEN,590,NSPHN0140,Sphenolithus moriformis,RARE,  ,2
85,573,B,23,3,35.0,35.0,347.50,350.85,13,PUJOS,10/1985,85,NANNOFOSSILS,COMMON,,4,,NO AGE GIVEN,590,NTRIQ0010,Triquetrorhabdulus carinatus,RARE,  ,2
85,573,B,23,3,35.0,35.0,347.50,350.85,13,PUJOS,10/1985,85,NANNOFOSSILS,COMMON,,4,,NO AGE GIVEN,590,NTRIQ0030,Triquetrorhabdulus milowii,RARE,  ,2
85,573,B,26,3,17.0,17.0,376.00,379.17,11,PUJOS,10/1985,85,NANNOFOSSILS,COMMON,,3,,NO AGE GIVEN,590,NCOCO0100,Coccolithus eopelagicus,RARE,  ,1
85,573,B,26,3,17.0,17.0,376.00,379.17,11,PUJOS,10/1985,85,NANNOFOSSILS,COMMON,,3,,NO AGE GIVEN,590,NCOCO0300,Coccolithus pelagicus,TRACE,  ,1
85,573,B,26,3,17.0,17.0,376.00,379.17,11,PUJOS,10/1985,85,NANNOFOSSILS,COMMON,,3,,NO AGE GIVEN,590,NCORN0040,Coronocyclas sp.,TRACE,  ,1
85,573,B,26,3,17.0,17.0,376.00,379.17,11,PUJOS,10/1985,85,NANNOFOSSILS,COMMON,,3,,NO AGE GIVEN,590,NCYCI0010,Cyclicargolithus abisectus,RARE,  ,1
85,573,B,26,3,17.0,17.0,376.00,379.17,11,PUJOS,10/1985,85,NANNOFOSSILS,COMMON,,3,,NO AGE GIVEN,590,NDICT0045,Dictyococcites hesslandii,RARE,  ,1
85,573,B,26,3,17.0,17.0,376.00,379.17,11,PUJOS,10/1985,85,NANNOFOSSILS,COMMON,,3,,NO AGE GIVEN,590,NDISC0125,Discoaster deflandrei,RARE,  ,1
85,573,B,26,3,17.0,17.0,376.00,379.17,11,PUJOS,10/1985,85,NANNOFOSSILS,COMMON,,3,,NO AGE GIVEN,590,NPYRO0020,Pyrocyclus orangensis,RARE,  ,1
85,573,B,26,3,17.0,17.0,376.00,379.17,11,PUJOS,10/1985,85,NANNOFOSSILS,COMMON,,3,,NO AGE GIVEN,590,NRETI0080,Reticulofenestra gartneri,FEW,  ,1
85,573,B,26,3,17.0,17.0,376.00,379.17,11,PUJOS,10/1985,85,NANNOFOSSILS,COMMON,,3,,NO AGE GIVEN,590,NSPHN0100,Sphenolithus distentus,TRACE,  ,1
85,573,B,26,3,17.0,17.0,376.00,379.17,11,PUJOS,10/1985,85,NANNOFOSSILS,COMMON,,3,,NO AGE GIVEN,590,NSPHN0140,Sphenolithus moriformis,RARE,  ,1
85,573,B,26,3,17.0,17.0,376.00,379.17,11,PUJOS,10/1985,85,NANNOFOSSILS,COMMON,,3,,NO AGE GIVEN,590,NSPHN0190,Sphenolithus predistentus,RARE,  ,2
85,573,B,27,3,15.0,15.0,385.50,388.65,12,PUJOS,10/1985,85,NANNOFOSSILS,COMMON,,4,,NO AGE GIVEN,590,NCOCO0300,Coccolithus pelagicus,TRACE,  ,1
85,573,B,27,3,15.0,15.0,385.50,388.65,12,PUJOS,10/1985,85,NANNOFOSSILS,COMMON,,4,,NO AGE GIVEN,590,NCYCI0010,Cyclicargolithus abisectus,TRACE,  ,1
85,573,B,27,3,15.0,15.0,385.50,388.65,12,PUJOS,10/1985,85,NANNOFOSSILS,COMMON,,4,,NO AGE GIVEN,590,NCYCI0040,Cyclicargolithus floridanus,FEW,  ,1
85,573,B,27,3,15.0,15.0,385.50,388.65,12,PUJOS,10/1985,85,NANNOFOSSILS,COMMON,,4,,NO AGE GIVEN,590,NDICT0045,Dictyococcites hesslandii,RARE,  ,1
85,573,B,27,3,15.0,15.0,385.50,388.65,12,PUJOS,10/1985,85,NANNOFOSSILS,COMMON,,4,,NO AGE GIVEN,590,NDISC0112,Discoaster ciperoensis,TRACE,  ,1
85,573,B,27,3,15.0,15.0,385.50,388.65,12,PUJOS,10/1985,85,NANNOFOSSILS,COMMON,,4,,NO AGE GIVEN,590,NDISC0125,Discoaster deflandrei,TRACE,  ,1
85,573,B,27,3,15.0,15.0,385.50,388.65,12,PUJOS,10/1985,85,NANNOFOSSILS,COMMON,,4,,NO AGE GIVEN,590,NDISC0440,Discoaster stellulus,TRACE,  ,1
85,573,B,27,3,15.0,15.0,385.50,388.65,12,PUJOS,10/1985,85,NANNOFOSSILS,COMMON,,4,,NO AGE GIVEN,590,NPYRO0020,Pyrocyclus orangensis,RARE,  ,1
85,573,B,27,3,15.0,15.0,385.50,388.65,12,PUJOS,10/1985,85,NANNOFOSSILS,COMMON,,4,,NO AGE GIVEN,590,NRETI0080,Reticulofenestra gartneri,FEW,  ,1
85,573,B,27,3,15.0,15.0,385.50,388.65,12,PUJOS,10/1985,85,NANNOFOSSILS,COMMON,,4,,NO AGE GIVEN,590,NSPHN0100,Sphenolithus distentus,RARE,  ,1
85,573,B,27,3,15.0,15.0,385.50,388.65,12,PUJOS,10/1985,85,NANNOFOSSILS,COMMON,,4,,NO AGE GIVEN,590,NSPHN0140,Sphenolithus moriformis,FEW,  ,2
85,573,B,27,3,15.0,15.0,385.50,388.65,12,PUJOS,10/1985,85,NANNOFOSSILS,COMMON,,4,,NO AGE GIVEN,590,NSPHN0190,Sphenolithus predistentus,RARE,  ,2
85,573,B,29,3,15.0,15.0,404.50,407.65,15,PUJOS,10/1985,85,NANNOFOSSILS,ABUNDANT,,3,,NO AGE GIVEN,590,NCOCO0100,Coccolithus eopelagicus,FEW,  ,1
85,573,B,29,3,15.0,15.0,404.50,407.65,15,PUJOS,10/1985,85,NANNOFOSSILS,ABUNDANT,,3,,NO AGE GIVEN,590,NCOCO0300,Coccolithus pelagicus,RARE,  ,1
85,573,B,29,3,15.0,15.0,404.50,407.65,15,PUJOS,10/1985,85,NANNOFOSSILS,ABUNDANT,,3,,NO AGE GIVEN,590,NCORN0040,Coronocyclas sp.,TRACE,  ,1
85,573,B,29,3,15.0,15.0,404.50,407.65,15,PUJOS,10/1985,85,NANNOFOSSILS,ABUNDANT,,3,,NO AGE GIVEN,590,NCYCI0010,Cyclicargolithus abisectus,RARE,  ,1
85,573,B,29,3,15.0,15.0,404.50,407.65,15,PUJOS,10/1985,85,NANNOFOSSILS,ABUNDANT,,3,,NO AGE GIVEN,590,NCYCI0040,Cyclicargolithus floridanus,FEW,  ,1
85,573,B,29,3,15.0,15.0,404.50,407.65,15,PUJOS,10/1985,85,NANNOFOSSILS,ABUNDANT,,3,,NO AGE GIVEN,590,NDICT0030,Dictyococcites bisectus,TRACE,  ,1
85,573,B,29,3,15.0,15.0,404.50,407.65,15,PUJOS,10/1985,85,NANNOFOSSILS,ABUNDANT,,3,,NO AGE GIVEN,590,NDICT0045,Dictyococcites hesslandii,FEW,  ,1
85,573,B,29,3,15.0,15.0,404.50,407.65,15,PUJOS,10/1985,85,NANNOFOSSILS,ABUNDANT,,3,,NO AGE GIVEN,590,NDISC0125,Discoaster deflandrei,FEW,  ,1
85,573,B,29,3,15.0,15.0,404.50,407.65,15,PUJOS,10/1985,85,NANNOFOSSILS,ABUNDANT,,3,,NO AGE GIVEN,590,NDISC0440,Discoaster stellulus,TRACE,  ,1
85,573,B,29,3,15.0,15.0,404.50,407.65,15,PUJOS,10/1985,85,NANNOFOSSILS,ABUNDANT,,3,,NO AGE GIVEN,590,NDISC0475,Discoaster tanii,TRACE,  ,1
85,573,B,29,3,15.0,15.0,404.50,407.65,15,PUJOS,10/1985,85,NANNOFOSSILS,ABUNDANT,,3,,NO AGE GIVEN,590,NPYRO0020,Pyrocyclus orangensis,TRACE,  ,2
85,573,B,29,3,15.0,15.0,404.50,407.65,15,PUJOS,10/1985,85,NANNOFOSSILS,ABUNDANT,,3,,NO AGE GIVEN,590,NRETI0080,Reticulofenestra gartneri,FEW,  ,2
85,573,B,29,3,15.0,15.0,404.50,407.65,15,PUJOS,10/1985,85,NANNOFOSSILS,ABUNDANT,,3,,NO AGE GIVEN,590,NSPHN0100,Sphenolithus distentus,RARE,  ,2
85,573,B,29,3,15.0,15.0,404.50,407.65,15,PUJOS,10/1985,85,NANNOFOSSILS,ABUNDANT,,3,,NO AGE GIVEN,590,NSPHN0140,Sphenolithus moriformis,RARE,  ,2
85,573,B,29,3,15.0,15.0,404.50,407.65,15,PUJOS,10/1985,85,NANNOFOSSILS,ABUNDANT,,3,,NO AGE GIVEN,590,NSPHN0190,Sphenolithus predistentus,RARE,  ,2
85,573,B,30,3,15.0,15.0,414.00,417.15,11,PUJOS,10/1985,85,NANNOFOSSILS,COMMON,,4,,NO AGE GIVEN,590,NCOCO0100,Coccolithus eopelagicus,RARE,  ,1
85,573,B,30,3,15.0,15.0,414.00,417.15,11,PUJOS,10/1985,85,NANNOFOSSILS,COMMON,,4,,NO AGE GIVEN,590,NCOCO0300,Coccolithus pelagicus,RARE,  ,1
85,573,B,30,3,15.0,15.0,414.00,417.15,11,PUJOS,10/1985,85,NANNOFOSSILS,COMMON,,4,,NO AGE GIVEN,590,NCYCI0010,Cyclicargolithus abisectus,RARE,  ,1
85,573,B,30,3,15.0,15.0,414.00,417.15,11,PUJOS,10/1985,85,NANNOFOSSILS,COMMON,,4,,NO AGE GIVEN,590,NCYCI0040,Cyclicargolithus floridanus,FEW,  ,1
85,573,B,30,3,15.0,15.0,414.00,417.15,11,PUJOS,10/1985,85,NANNOFOSSILS,COMMON,,4,,NO AGE GIVEN,590,NDICT0030,Dictyococcites bisectus,TRACE,  ,1
85,573,B,30,3,15.0,15.0,414.00,417.15,11,PUJOS,10/1985,85,NANNOFOSSILS,COMMON,,4,,NO AGE GIVEN,590,NDICT0045,Dictyococcites hesslandii,RARE,  ,1
85,573,B,30,3,15.0,15.0,414.00,417.15,11,PUJOS,10/1985,85,NANNOFOSSILS,COMMON,,4,,NO AGE GIVEN,590,NDISC0125,Discoaster deflandrei,RARE,  ,1
85,573,B,30,3,15.0,15.0,414.00,417.15,11,PUJOS,10/1985,85,NANNOFOSSILS,COMMON,,4,,NO AGE GIVEN,590,NRETI0080,Reticulofenestra gartneri,RARE,  ,1
85,573,B,30,3,15.0,15.0,414.00,417.15,11,PUJOS,10/1985,85,NANNOFOSSILS,COMMON,,4,,NO AGE GIVEN,590,NSPHN0100,Sphenolithus distentus,RARE,  ,1
85,573,B,30,3,15.0,15.0,414.00,417.15,11,PUJOS,10/1985,85,NANNOFOSSILS,COMMON,,4,,NO AGE GIVEN,590,NSPHN0140,Sphenolithus moriformis,RARE,  ,1
85,573,B,30,3,15.0,15.0,414.00,417.15,11,PUJOS,10/1985,85,NANNOFOSSILS,COMMON,,4,,NO AGE GIVEN,590,NSPHN0190,Sphenolithus predistentus,TRACE,  ,2
85,573,B,33,3,21.0,21.0,442.50,445.71,10,PUJOS,10/1985,85,NANNOFOSSILS,COMMON,,5,,NO AGE GIVEN,590,NCOCO0100,Coccolithus eopelagicus,RARE,  ,1
85,573,B,33,3,21.0,21.0,442.50,445.71,10,PUJOS,10/1985,85,NANNOFOSSILS,COMMON,,5,,NO AGE GIVEN,590,NCOCO0300,Coccolithus pelagicus,RARE,  ,1
85,573,B,33,3,21.0,21.0,442.50,445.71,10,PUJOS,10/1985,85,NANNOFOSSILS,COMMON,,5,,NO AGE GIVEN,590,NCYCI0010,Cyclicargolithus abisectus,TRACE,  ,1
85,573,B,33,3,21.0,21.0,442.50,445.71,10,PUJOS,10/1985,85,NANNOFOSSILS,COMMON,,5,,NO AGE GIVEN,590,NCYCI0040,Cyclicargolithus floridanus,RARE,  ,1
85,573,B,33,3,21.0,21.0,442.50,445.71,10,PUJOS,10/1985,85,NANNOFOSSILS,COMMON,,5,,NO AGE GIVEN,590,NDICT0030,Dictyococcites bisectus,TRACE,  ,1
85,573,B,33,3,21.0,21.0,442.50,445.71,10,PUJOS,10/1985,85,NANNOFOSSILS,COMMON,,5,,NO AGE GIVEN,590,NDICT0045,Dictyococcites hesslandii,RARE,  ,1
85,573,B,33,3,21.0,21.0,442.50,445.71,10,PUJOS,10/1985,85,NANNOFOSSILS,COMMON,,5,,NO AGE GIVEN,590,NRETI0080,Reticulofenestra gartneri,FEW,  ,1
85,573,B,33,3,21.0,21.0,442.50,445.71,10,PUJOS,10/1985,85,NANNOFOSSILS,COMMON,,5,,NO AGE GIVEN,590,NSPHN0100,Sphenolithus distentus,COMMON,  ,1
85,573,B,33,3,21.0,21.0,442.50,445.71,10,PUJOS,10/1985,85,NANNOFOSSILS,COMMON,,5,,NO AGE GIVEN,590,NSPHN0140,Sphenolithus moriformis,FEW,  ,1
85,573,B,33,3,21.0,21.0,442.50,445.71,10,PUJOS,10/1985,85,NANNOFOSSILS,COMMON,,5,,NO AGE GIVEN,590,NSPHN0190,Sphenolithus predistentus,TRACE,  ,1
85,573,B,34,2,19.0,19.0,452.00,453.69,11,PUJOS,10/1985,85,NANNOFOSSILS,COMMON,,3,,NO AGE GIVEN,590,NCOCO0100,Coccolithus eopelagicus,FEW,  ,1
85,573,B,34,2,19.0,19.0,452.00,453.69,11,PUJOS,10/1985,85,NANNOFOSSILS,COMMON,,3,,NO AGE GIVEN,590,NCOCO0300,Coccolithus pelagicus,RARE,  ,1
85,573,B,34,2,19.0,19.0,452.00,453.69,11,PUJOS,10/1985,85,NANNOFOSSILS,COMMON,,3,,NO AGE GIVEN,590,NCYCI0040,Cyclicargolithus floridanus,FEW,  ,1
85,573,B,34,2,19.0,19.0,452.00,453.69,11,PUJOS,10/1985,85,NANNOFOSSILS,COMMON,,3,,NO AGE GIVEN,590,NDICT0030,Dictyococcites bisectus,TRACE,  ,1
85,573,B,34,2,19.0,19.0,452.00,453.69,11,PUJOS,10/1985,85,NANNOFOSSILS,COMMON,,3,,NO AGE GIVEN,590,NDICT0045,Dictyococcites hesslandii,RARE,  ,1
85,573,B,34,2,19.0,19.0,452.00,453.69,11,PUJOS,10/1985,85,NANNOFOSSILS,COMMON,,3,,NO AGE GIVEN,590,NDISC0475,Discoaster tanii,TRACE,  ,1
85,573,B,34,2,19.0,19.0,452.00,453.69,11,PUJOS,10/1985,85,NANNOFOSSILS,COMMON,,3,,NO AGE GIVEN,590,NHELI0040,Helicopontosphaera compacta,TRACE,  ,1
85,573,B,34,2,19.0,19.0,452.00,453.69,11,PUJOS,10/1985,85,NANNOFOSSILS,COMMON,,3,,NO AGE GIVEN,590,NRETI0080,Reticulofenestra gartneri,COMMON,  ,1
85,573,B,34,2,19.0,19.0,452.00,453.69,11,PUJOS,10/1985,85,NANNOFOSSILS,COMMON,,3,,NO AGE GIVEN,590,NSPHN0100,Sphenolithus distentus,RARE,  ,1
85,573,B,34,2,19.0,19.0,452.00,453.69,11,PUJOS,10/1985,85,NANNOFOSSILS,COMMON,,3,,NO AGE GIVEN,590,NSPHN0140,Sphenolithus moriformis,FEW,  ,1
85,573,B,34,2,19.0,19.0,452.00,453.69,11,PUJOS,10/1985,85,NANNOFOSSILS,COMMON,,3,,NO AGE GIVEN,590,NSPHN0190,Sphenolithus predistentus,RARE,  ,2
85,573,B,35,3,29.0,29.0,461.50,464.79,10,PUJOS,10/1985,85,NANNOFOSSILS,ABUNDANT,,3,,NO AGE GIVEN,590,NCOCO0100,Coccolithus eopelagicus,FEW,  ,1
85,573,B,35,3,29.0,29.0,461.50,464.79,10,PUJOS,10/1985,85,NANNOFOSSILS,ABUNDANT,,3,,NO AGE GIVEN,590,NCOCO0300,Coccolithus pelagicus,FEW,  ,1
85,573,B,35,3,29.0,29.0,461.50,464.79,10,PUJOS,10/1985,85,NANNOFOSSILS,ABUNDANT,,3,,NO AGE GIVEN,590,NCYCI0040,Cyclicargolithus floridanus,FEW,  ,1
85,573,B,35,3,29.0,29.0,461.50,464.79,10,PUJOS,10/1985,85,NANNOFOSSILS,ABUNDANT,,3,,NO AGE GIVEN,590,NDICT0030,Dictyococcites bisectus,RARE,  ,1
85,573,B,35,3,29.0,29.0,461.50,464.79,10,PUJOS,10/1985,85,NANNOFOSSILS,ABUNDANT,,3,,NO AGE GIVEN,590,NDICT0045,Dictyococcites hesslandii,FEW,  ,1
85,573,B,35,3,29.0,29.0,461.50,464.79,10,PUJOS,10/1985,85,NANNOFOSSILS,ABUNDANT,,3,,NO AGE GIVEN,590,NHELI0040,Helicopontosphaera compacta,RARE,  ,1
85,573,B,35,3,29.0,29.0,461.50,464.79,10,PUJOS,10/1985,85,NANNOFOSSILS,ABUNDANT,,3,,NO AGE GIVEN,590,NPONT0170,Pontosphaera vadosa,TRACE,  ,1
85,573,B,35,3,29.0,29.0,461.50,464.79,10,PUJOS,10/1985,85,NANNOFOSSILS,ABUNDANT,,3,,NO AGE GIVEN,590,NRETI0080,Reticulofenestra gartneri,COMMON,  ,1
85,573,B,35,3,29.0,29.0,461.50,464.79,10,PUJOS,10/1985,85,NANNOFOSSILS,ABUNDANT,,3,,NO AGE GIVEN,590,NSPHN0140,Sphenolithus moriformis,FEW,  ,1
85,573,B,35,3,29.0,29.0,461.50,464.79,10,PUJOS,10/1985,85,NANNOFOSSILS,ABUNDANT,,3,,NO AGE GIVEN,590,NSPHN0190,Sphenolithus predistentus,RARE,  ,1
85,573,B,36,3,30.0,30.0,471.00,474.30,11,PUJOS,10/1985,85,NANNOFOSSILS,COMMON,,1,,NO AGE GIVEN,590,NCOCO0100,Coccolithus eopelagicus,RARE,  ,1
85,573,B,36,3,30.0,30.0,471.00,474.30,11,PUJOS,10/1985,85,NANNOFOSSILS,COMMON,,1,,NO AGE GIVEN,590,NCOCO0300,Coccolithus pelagicus,FEW,  ,1
85,573,B,36,3,30.0,30.0,471.00,474.30,11,PUJOS,10/1985,85,NANNOFOSSILS,COMMON,,1,,NO AGE GIVEN,590,NCYCI0040,Cyclicargolithus floridanus,RARE,  ,1
85,573,B,36,3,30.0,30.0,471.00,474.30,11,PUJOS,10/1985,85,NANNOFOSSILS,COMMON,,1,,NO AGE GIVEN,590,NDICT0030,Dictyococcites bisectus,RARE,  ,1
85,573,B,36,3,30.0,30.0,471.00,474.30,11,PUJOS,10/1985,85,NANNOFOSSILS,COMMON,,1,,NO AGE GIVEN,590,NDICT0045,Dictyococcites hesslandii,RARE,  ,1
85,573,B,36,3,30.0,30.0,471.00,474.30,11,PUJOS,10/1985,85,NANNOFOSSILS,COMMON,,1,,NO AGE GIVEN,590,NDISC0125,Discoaster deflandrei,RARE,  ,1
85,573,B,36,3,30.0,30.0,471.00,474.30,11,PUJOS,10/1985,85,NANNOFOSSILS,COMMON,,1,,NO AGE GIVEN,590,NDISC0475,Discoaster tanii,TRACE,  ,1
85,573,B,36,3,30.0,30.0,471.00,474.30,11,PUJOS,10/1985,85,NANNOFOSSILS,COMMON,,1,,NO AGE GIVEN,590,NPONT0170,Pontosphaera vadosa,TRACE,  ,1
85,573,B,36,3,30.0,30.0,471.00,474.30,11,PUJOS,10/1985,85,NANNOFOSSILS,COMMON,,1,,NO AGE GIVEN,590,NRETI0080,Reticulofenestra gartneri,COMMON,  ,1
85,573,B,36,3,30.0,30.0,471.00,474.30,11,PUJOS,10/1985,85,NANNOFOSSILS,COMMON,,1,,NO AGE GIVEN,590,NSPHN0140,Sphenolithus moriformis,FEW,  ,1
85,573,B,36,3,30.0,30.0,471.00,474.30,11,PUJOS,10/1985,85,NANNOFOSSILS,COMMON,,1,,NO AGE GIVEN,590,NSPHN0190,Sphenolithus predistentus,COMMON,  ,2
85,573,B,38,2,27.0,27.0,490.00,491.77, 8,PUJOS,10/1985,85,NANNOFOSSILS,FEW,,6,,NO AGE GIVEN,590,NCOCO0100,Coccolithus eopelagicus,RARE,  ,1
85,573,B,38,2,27.0,27.0,490.00,491.77, 8,PUJOS,10/1985,85,NANNOFOSSILS,FEW,,6,,NO AGE GIVEN,590,NCOCO0300,Coccolithus pelagicus,RARE,  ,1
85,573,B,38,2,27.0,27.0,490.00,491.77, 8,PUJOS,10/1985,85,NANNOFOSSILS,FEW,,6,,NO AGE GIVEN,590,NDICT0030,Dictyococcites bisectus,RARE,  ,1
85,573,B,38,2,27.0,27.0,490.00,491.77, 8,PUJOS,10/1985,85,NANNOFOSSILS,FEW,,6,,NO AGE GIVEN,590,NDICT0045,Dictyococcites hesslandii,RARE,  ,1
85,573,B,38,2,27.0,27.0,490.00,491.77, 8,PUJOS,10/1985,85,NANNOFOSSILS,FEW,,6,,NO AGE GIVEN,590,NRETI0080,Reticulofenestra gartneri,RARE,  ,1
85,573,B,38,2,27.0,27.0,490.00,491.77, 8,PUJOS,10/1985,85,NANNOFOSSILS,FEW,,6,,NO AGE GIVEN,590,NRETI0100,Reticulofenestra hillae,TRACE,  ,1
85,573,B,38,2,27.0,27.0,490.00,491.77, 8,PUJOS,10/1985,85,NANNOFOSSILS,FEW,,6,,NO AGE GIVEN,590,NSPHN0140,Sphenolithus moriformis,FEW,  ,1
85,573,B,38,2,27.0,27.0,490.00,491.77, 8,PUJOS,10/1985,85,NANNOFOSSILS,FEW,,6,,NO AGE GIVEN,590,NSPHN0190,Sphenolithus predistentus,RARE,  ,1
85,573,B,38,3,27.0,27.0,490.00,493.27,10,PUJOS,10/1985,85,NANNOFOSSILS,FEW,,4,,NO AGE GIVEN,590,NCOCO0100,Coccolithus eopelagicus,RARE,  ,1
85,573,B,38,3,27.0,27.0,490.00,493.27,10,PUJOS,10/1985,85,NANNOFOSSILS,FEW,,4,,NO AGE GIVEN,590,NCOCO0300,Coccolithus pelagicus,FEW,  ,1
85,573,B,38,3,27.0,27.0,490.00,493.27,10,PUJOS,10/1985,85,NANNOFOSSILS,FEW,,4,,NO AGE GIVEN,590,NCOCO0400,Coccolithus subdistichus,TRACE,  ,1
85,573,B,38,3,27.0,27.0,490.00,493.27,10,PUJOS,10/1985,85,NANNOFOSSILS,FEW,,4,,NO AGE GIVEN,590,NDICT0030,Dictyococcites bisectus,TRACE,  ,1
85,573,B,38,3,27.0,27.0,490.00,493.27,10,PUJOS,10/1985,85,NANNOFOSSILS,FEW,,4,,NO AGE GIVEN,590,NDICT0045,Dictyococcites hesslandii,FEW,  ,1
85,573,B,38,3,27.0,27.0,490.00,493.27,10,PUJOS,10/1985,85,NANNOFOSSILS,FEW,,4,,NO AGE GIVEN,590,NHELI0040,Helicopontosphaera compacta,TRACE,  ,1
85,573,B,38,3,27.0,27.0,490.00,493.27,10,PUJOS,10/1985,85,NANNOFOSSILS,FEW,,4,,NO AGE GIVEN,590,NRETI0080,Reticulofenestra gartneri,TRACE,  ,1
85,573,B,38,3,27.0,27.0,490.00,493.27,10,PUJOS,10/1985,85,NANNOFOSSILS,FEW,,4,,NO AGE GIVEN,590,NRETI0100,Reticulofenestra hillae,RARE,  ,1
85,573,B,38,3,27.0,27.0,490.00,493.27,10,PUJOS,10/1985,85,NANNOFOSSILS,FEW,,4,,NO AGE GIVEN,590,NRETI0230,Reticulofenestra umbilica,RARE,  ,1
85,573,B,38,3,27.0,27.0,490.00,493.27,10,PUJOS,10/1985,85,NANNOFOSSILS,FEW,,4,,NO AGE GIVEN,590,NSPHN0140,Sphenolithus moriformis,FEW,  ,1
85,573,B,41,CC,0.0,0.0,514.00,514.10, 9,PUJOS,10/1985,85,NANNOFOSSILS,FEW,,4,,NO AGE GIVEN,590,NCOCO0100,Coccolithus eopelagicus,TRACE,  ,1
85,573,B,41,CC,0.0,0.0,514.00,514.10, 9,PUJOS,10/1985,85,NANNOFOSSILS,FEW,,4,,NO AGE GIVEN,590,NCOCO0400,Coccolithus subdistichus,TRACE,  ,1
85,573,B,41,CC,0.0,0.0,514.00,514.10, 9,PUJOS,10/1985,85,NANNOFOSSILS,FEW,,4,,NO AGE GIVEN,590,NDICT0030,Dictyococcites bisectus,RARE,  ,1
85,573,B,41,CC,0.0,0.0,514.00,514.10, 9,PUJOS,10/1985,85,NANNOFOSSILS,FEW,,4,,NO AGE GIVEN,590,NDICT0045,Dictyococcites hesslandii,RARE,  ,1
85,573,B,41,CC,0.0,0.0,514.00,514.10, 9,PUJOS,10/1985,85,NANNOFOSSILS,FEW,,4,,NO AGE GIVEN,590,NDISC0475,Discoaster tanii,TRACE,  ,1
85,573,B,41,CC,0.0,0.0,514.00,514.10, 9,PUJOS,10/1985,85,NANNOFOSSILS,FEW,,4,,NO AGE GIVEN,590,NRETI0100,Reticulofenestra hillae,RARE,  ,1
85,573,B,41,CC,0.0,0.0,514.00,514.10, 9,PUJOS,10/1985,85,NANNOFOSSILS,FEW,,4,,NO AGE GIVEN,590,NRETI0230,Reticulofenestra umbilica,TRACE,  ,1
85,573,B,41,CC,0.0,0.0,514.00,514.10, 9,PUJOS,10/1985,85,NANNOFOSSILS,FEW,,4,,NO AGE GIVEN,590,NSPHN0140,Sphenolithus moriformis,RARE,  ,1
85,573,B,41,CC,0.0,0.0,514.00,514.10, 9,PUJOS,10/1985,85,NANNOFOSSILS,FEW,,4,,NO AGE GIVEN,590,NSPHN0190,Sphenolithus predistentus,FEW,  ,1
85,573,B,42,1,20.0,20.0,520.50,520.70,10,PUJOS,10/1985,85,NANNOFOSSILS,COMMON,,4,,NO AGE GIVEN,590,NCOCO0100,Coccolithus eopelagicus,RARE,  ,1
85,573,B,42,1,20.0,20.0,520.50,520.70,10,PUJOS,10/1985,85,NANNOFOSSILS,COMMON,,4,,NO AGE GIVEN,590,NCOCO0300,Coccolithus pelagicus,FEW,  ,1
85,573,B,42,1,20.0,20.0,520.50,520.70,10,PUJOS,10/1985,85,NANNOFOSSILS,COMMON,,4,,NO AGE GIVEN,590,NCOCO0400,Coccolithus subdistichus,RARE,  ,1
85,573,B,42,1,20.0,20.0,520.50,520.70,10,PUJOS,10/1985,85,NANNOFOSSILS,COMMON,,4,,NO AGE GIVEN,590,NCYCO0040,Cyclococcolithina formosa,TRACE,  ,1
85,573,B,42,1,20.0,20.0,520.50,520.70,10,PUJOS,10/1985,85,NANNOFOSSILS,COMMON,,4,,NO AGE GIVEN,590,NDICT0030,Dictyococcites bisectus,FEW,  ,1
85,573,B,42,1,20.0,20.0,520.50,520.70,10,PUJOS,10/1985,85,NANNOFOSSILS,COMMON,,4,,NO AGE GIVEN,590,NDICT0045,Dictyococcites hesslandii,FEW,  ,1
85,573,B,42,1,20.0,20.0,520.50,520.70,10,PUJOS,10/1985,85,NANNOFOSSILS,COMMON,,4,,NO AGE GIVEN,590,NDISC0475,Discoaster tanii,TRACE,  ,1
85,573,B,42,1,20.0,20.0,520.50,520.70,10,PUJOS,10/1985,85,NANNOFOSSILS,COMMON,,4,,NO AGE GIVEN,590,NRETI0080,Reticulofenestra gartneri,TRACE,  ,1
85,573,B,42,1,20.0,20.0,520.50,520.70,10,PUJOS,10/1985,85,NANNOFOSSILS,COMMON,,4,,NO AGE GIVEN,590,NRETI0100,Reticulofenestra hillae,TRACE,  ,1
85,573,B,42,1,20.0,20.0,520.50,520.70,10,PUJOS,10/1985,85,NANNOFOSSILS,COMMON,,4,,NO AGE GIVEN,590,NSPHN0140,Sphenolithus moriformis,RARE,  ,1
85,573,B,42,2,50.0,50.0,520.50,522.50, 8,PUJOS,10/1985,85,NANNOFOSSILS,ABUNDANT,,3,,NO AGE GIVEN,590,NCYCO0040,Cyclococcolithina formosa,FEW,  ,1
85,573,B,42,2,50.0,50.0,520.50,522.50, 8,PUJOS,10/1985,85,NANNOFOSSILS,ABUNDANT,,3,,NO AGE GIVEN,590,NDICT0030,Dictyococcites bisectus,COMMON,  ,1
85,573,B,42,2,50.0,50.0,520.50,522.50, 8,PUJOS,10/1985,85,NANNOFOSSILS,ABUNDANT,,3,,NO AGE GIVEN,590,NDICT0045,Dictyococcites hesslandii,FEW,  ,1
85,573,B,42,2,50.0,50.0,520.50,522.50, 8,PUJOS,10/1985,85,NANNOFOSSILS,ABUNDANT,,3,,NO AGE GIVEN,590,NDISC0475,Discoaster tanii,TRACE,  ,1
85,573,B,42,2,50.0,50.0,520.50,522.50, 8,PUJOS,10/1985,85,NANNOFOSSILS,ABUNDANT,,3,,NO AGE GIVEN,590,NPONT0170,Pontosphaera vadosa,FEW,  ,1
85,573,B,42,2,50.0,50.0,520.50,522.50, 8,PUJOS,10/1985,85,NANNOFOSSILS,ABUNDANT,,3,,NO AGE GIVEN,590,NRETI0100,Reticulofenestra hillae,COMMON,  ,1
85,573,B,42,2,50.0,50.0,520.50,522.50, 8,PUJOS,10/1985,85,NANNOFOSSILS,ABUNDANT,,3,,NO AGE GIVEN,590,NRETI0230,Reticulofenestra umbilica,FEW,  ,1
85,573,B,42,2,50.0,50.0,520.50,522.50, 8,PUJOS,10/1985,85,NANNOFOSSILS,ABUNDANT,,3,,NO AGE GIVEN,590,NSPHN0140,Sphenolithus moriformis,FEW,  ,1
85,573,B,42,4,58.0,58.0,520.50,525.58, 7,PUJOS,10/1985,85,NANNOFOSSILS,RARE,,6,,NO AGE GIVEN,590,NCOCO0100,Coccolithus eopelagicus,TRACE,  ,1
85,573,B,42,4,58.0,58.0,520.50,525.58, 7,PUJOS,10/1985,85,NANNOFOSSILS,RARE,,6,,NO AGE GIVEN,590,NCYCO0040,Cyclococcolithina formosa,TRACE,  ,1
85,573,B,42,4,58.0,58.0,520.50,525.58, 7,PUJOS,10/1985,85,NANNOFOSSILS,RARE,,6,,NO AGE GIVEN,590,NDICT0045,Dictyococcites hesslandii,TRACE,  ,1
85,573,B,42,4,58.0,58.0,520.50,525.58, 7,PUJOS,10/1985,85,NANNOFOSSILS,RARE,,6,,NO AGE GIVEN,590,NDISC0410,Discoaster saipanensis,TRACE,  ,1
85,573,B,42,4,58.0,58.0,520.50,525.58, 7,PUJOS,10/1985,85,NANNOFOSSILS,RARE,,6,,NO AGE GIVEN,590,NPONT0170,Pontosphaera vadosa,TRACE,  ,1
85,573,B,42,4,58.0,58.0,520.50,525.58, 7,PUJOS,10/1985,85,NANNOFOSSILS,RARE,,6,,NO AGE GIVEN,590,NRETI0230,Reticulofenestra umbilica,TRACE,  ,1
85,573,B,42,4,58.0,58.0,520.50,525.58, 7,PUJOS,10/1985,85,NANNOFOSSILS,RARE,,6,,NO AGE GIVEN,590,NSPHN0140,Sphenolithus moriformis,TRACE,  ,1
85,573,B,42,4,68.0,68.0,520.50,525.68, 7,PUJOS,10/1985,85,NANNOFOSSILS,RARE,,6,,NO AGE GIVEN,590,NCOCO0100,Coccolithus eopelagicus,TRACE,  ,1
85,573,B,42,4,68.0,68.0,520.50,525.68, 7,PUJOS,10/1985,85,NANNOFOSSILS,RARE,,6,,NO AGE GIVEN,590,NCYCO0040,Cyclococcolithina formosa,TRACE,  ,1
85,573,B,42,4,68.0,68.0,520.50,525.68, 7,PUJOS,10/1985,85,NANNOFOSSILS,RARE,,6,,NO AGE GIVEN,590,NDICT0045,Dictyococcites hesslandii,TRACE,  ,1
85,573,B,42,4,68.0,68.0,520.50,525.68, 7,PUJOS,10/1985,85,NANNOFOSSILS,RARE,,6,,NO AGE GIVEN,590,NDISC0410,Discoaster saipanensis,TRACE,  ,1
85,573,B,42,4,68.0,68.0,520.50,525.68, 7,PUJOS,10/1985,85,NANNOFOSSILS,RARE,,6,,NO AGE GIVEN,590,NPONT0170,Pontosphaera vadosa,TRACE,  ,1
85,573,B,42,4,68.0,68.0,520.50,525.68, 7,PUJOS,10/1985,85,NANNOFOSSILS,RARE,,6,,NO AGE GIVEN,590,NRETI0230,Reticulofenestra umbilica,TRACE,  ,1
85,573,B,42,4,68.0,68.0,520.50,525.68, 7,PUJOS,10/1985,85,NANNOFOSSILS,RARE,,6,,NO AGE GIVEN,590,NSPHN0140,Sphenolithus moriformis,TRACE,  ,1
85,573,B,42,4,89.0,89.0,520.50,525.89, 6,PUJOS,10/1985,85,NANNOFOSSILS,FEW,,6,,NO AGE GIVEN,590,NCYCO0040,Cyclococcolithina formosa,TRACE,  ,1
85,573,B,42,4,89.0,89.0,520.50,525.89, 6,PUJOS,10/1985,85,NANNOFOSSILS,FEW,,6,,NO AGE GIVEN,590,NDICT0045,Dictyococcites hesslandii,FEW,  ,1
85,573,B,42,4,89.0,89.0,520.50,525.89, 6,PUJOS,10/1985,85,NANNOFOSSILS,FEW,,6,,NO AGE GIVEN,590,NDISC0410,Discoaster saipanensis,TRACE,  ,1
85,573,B,42,4,89.0,89.0,520.50,525.89, 6,PUJOS,10/1985,85,NANNOFOSSILS,FEW,,6,,NO AGE GIVEN,590,NDISC0475,Discoaster tanii,TRACE,  ,1
85,573,B,42,4,89.0,89.0,520.50,525.89, 6,PUJOS,10/1985,85,NANNOFOSSILS,FEW,,6,,NO AGE GIVEN,590,NPONT0170,Pontosphaera vadosa,TRACE,  ,1
85,573,B,42,4,89.0,89.0,520.50,525.89, 6,PUJOS,10/1985,85,NANNOFOSSILS,FEW,,6,,NO AGE GIVEN,590,NSPHN0140,Sphenolithus moriformis,FEW,  ,1
85,573,B,42,4,102.0,102.0,520.50,526.02, 6,PUJOS,10/1985,85,NANNOFOSSILS,FEW,,5,,NO AGE GIVEN,590,NCYCO0040,Cyclococcolithina formosa,TRACE,  ,1
85,573,B,42,4,102.0,102.0,520.50,526.02, 6,PUJOS,10/1985,85,NANNOFOSSILS,FEW,,5,,NO AGE GIVEN,590,NDICT0045,Dictyococcites hesslandii,FEW,  ,1
85,573,B,42,4,102.0,102.0,520.50,526.02, 6,PUJOS,10/1985,85,NANNOFOSSILS,FEW,,5,,NO AGE GIVEN,590,NDISC0410,Discoaster saipanensis,TRACE,  ,1
85,573,B,42,4,102.0,102.0,520.50,526.02, 6,PUJOS,10/1985,85,NANNOFOSSILS,FEW,,5,,NO AGE GIVEN,590,NHELI0040,Helicopontosphaera compacta,RARE,  ,1
85,573,B,42,4,102.0,102.0,520.50,526.02, 6,PUJOS,10/1985,85,NANNOFOSSILS,FEW,,5,,NO AGE GIVEN,590,NPONT0170,Pontosphaera vadosa,TRACE,  ,1
85,573,B,42,4,102.0,102.0,520.50,526.02, 6,PUJOS,10/1985,85,NANNOFOSSILS,FEW,,5,,NO AGE GIVEN,590,NSPHN0140,Sphenolithus moriformis,FEW,  ,1
85,573,B,42,4,105.0,105.0,520.50,526.05,11,PUJOS,10/1985,85,NANNOFOSSILS,COMMON,,4,,NO AGE GIVEN,590,NCOCO0100,Coccolithus eopelagicus,RARE,  ,1
85,573,B,42,4,105.0,105.0,520.50,526.05,11,PUJOS,10/1985,85,NANNOFOSSILS,COMMON,,4,,NO AGE GIVEN,590,NCOCO0300,Coccolithus pelagicus,RARE,  ,1
85,573,B,42,4,105.0,105.0,520.50,526.05,11,PUJOS,10/1985,85,NANNOFOSSILS,COMMON,,4,,NO AGE GIVEN,590,NCYCO0040,Cyclococcolithina formosa,TRACE,  ,1
85,573,B,42,4,105.0,105.0,520.50,526.05,11,PUJOS,10/1985,85,NANNOFOSSILS,COMMON,,4,,NO AGE GIVEN,590,NDICT0045,Dictyococcites hesslandii,FEW,  ,1
85,573,B,42,4,105.0,105.0,520.50,526.05,11,PUJOS,10/1985,85,NANNOFOSSILS,COMMON,,4,,NO AGE GIVEN,590,NDISC0410,Discoaster saipanensis,TRACE,  ,1
85,573,B,42,4,105.0,105.0,520.50,526.05,11,PUJOS,10/1985,85,NANNOFOSSILS,COMMON,,4,,NO AGE GIVEN,590,NHELI0040,Helicopontosphaera compacta,RARE,  ,1
85,573,B,42,4,105.0,105.0,520.50,526.05,11,PUJOS,10/1985,85,NANNOFOSSILS,COMMON,,4,,NO AGE GIVEN,590,NPONT0170,Pontosphaera vadosa,TRACE,  ,1
85,573,B,42,4,105.0,105.0,520.50,526.05,11,PUJOS,10/1985,85,NANNOFOSSILS,COMMON,,4,,NO AGE GIVEN,590,NRETI0100,Reticulofenestra hillae,RARE,  ,1
85,573,B,42,4,105.0,105.0,520.50,526.05,11,PUJOS,10/1985,85,NANNOFOSSILS,COMMON,,4,,NO AGE GIVEN,590,NRETI0110,Reticulofenestra insignata,TRACE,  ,1
85,573,B,42,4,105.0,105.0,520.50,526.05,11,PUJOS,10/1985,85,NANNOFOSSILS,COMMON,,4,,NO AGE GIVEN,590,NRETI0230,Reticulofenestra umbilica,RARE,  ,1
85,573,B,42,4,105.0,105.0,520.50,526.05,11,PUJOS,10/1985,85,NANNOFOSSILS,COMMON,,4,,NO AGE GIVEN,590,NSPHN0140,Sphenolithus moriformis,FEW,  ,2
85,573,B,42,4,110.0,110.0,520.50,526.10,13,PUJOS,10/1985,85,NANNOFOSSILS,RARE,,5,,NO AGE GIVEN,590,NCOCO0100,Coccolithus eopelagicus,TRACE,  ,1
85,573,B,42,4,110.0,110.0,520.50,526.10,13,PUJOS,10/1985,85,NANNOFOSSILS,RARE,,5,,NO AGE GIVEN,590,NCOCO0300,Coccolithus pelagicus,RARE,  ,1
85,573,B,42,4,110.0,110.0,520.50,526.10,13,PUJOS,10/1985,85,NANNOFOSSILS,RARE,,5,,NO AGE GIVEN,590,NCYCO0040,Cyclococcolithina formosa,RARE,  ,1
85,573,B,42,4,110.0,110.0,520.50,526.10,13,PUJOS,10/1985,85,NANNOFOSSILS,RARE,,5,,NO AGE GIVEN,590,NDICT0045,Dictyococcites hesslandii,RARE,  ,1
85,573,B,42,4,110.0,110.0,520.50,526.10,13,PUJOS,10/1985,85,NANNOFOSSILS,RARE,,5,,NO AGE GIVEN,590,NDISC0040,Discoaster barbadiensis,TRACE,  ,1
85,573,B,42,4,110.0,110.0,520.50,526.10,13,PUJOS,10/1985,85,NANNOFOSSILS,RARE,,5,,NO AGE GIVEN,590,NDISC0410,Discoaster saipanensis,TRACE,  ,1
85,573,B,42,4,110.0,110.0,520.50,526.10,13,PUJOS,10/1985,85,NANNOFOSSILS,RARE,,5,,NO AGE GIVEN,590,NHELI0040,Helicopontosphaera compacta,TRACE,  ,1
85,573,B,42,4,110.0,110.0,520.50,526.10,13,PUJOS,10/1985,85,NANNOFOSSILS,RARE,,5,,NO AGE GIVEN,590,NPONT0170,Pontosphaera vadosa,TRACE,  ,1
85,573,B,42,4,110.0,110.0,520.50,526.10,13,PUJOS,10/1985,85,NANNOFOSSILS,RARE,,5,,NO AGE GIVEN,590,NRETI0080,Reticulofenestra gartneri,TRACE,  ,1
85,573,B,42,4,110.0,110.0,520.50,526.10,13,PUJOS,10/1985,85,NANNOFOSSILS,RARE,,5,,NO AGE GIVEN,590,NRETI0100,Reticulofenestra hillae,TRACE,  ,1
85,573,B,42,4,110.0,110.0,520.50,526.10,13,PUJOS,10/1985,85,NANNOFOSSILS,RARE,,5,,NO AGE GIVEN,590,NRETI0110,Reticulofenestra insignata,TRACE,  ,2
85,573,B,42,4,110.0,110.0,520.50,526.10,13,PUJOS,10/1985,85,NANNOFOSSILS,RARE,,5,,NO AGE GIVEN,590,NRETI0230,Reticulofenestra umbilica,TRACE,  ,2
85,573,B,42,4,110.0,110.0,520.50,526.10,13,PUJOS,10/1985,85,NANNOFOSSILS,RARE,,5,,NO AGE GIVEN,590,NSPHN0140,Sphenolithus moriformis,RARE,  ,2
85,573,B,42,4,135.0,135.0,520.50,526.35,13,PUJOS,10/1985,85,NANNOFOSSILS,FEW,,4,,NO AGE GIVEN,590,NCOCO0100,Coccolithus eopelagicus,TRACE,  ,1
85,573,B,42,4,135.0,135.0,520.50,526.35,13,PUJOS,10/1985,85,NANNOFOSSILS,FEW,,4,,NO AGE GIVEN,590,NCOCO0300,Coccolithus pelagicus,RARE,  ,1
85,573,B,42,4,135.0,135.0,520.50,526.35,13,PUJOS,10/1985,85,NANNOFOSSILS,FEW,,4,,NO AGE GIVEN,590,NCYCO0040,Cyclococcolithina formosa,TRACE,  ,1
85,573,B,42,4,135.0,135.0,520.50,526.35,13,PUJOS,10/1985,85,NANNOFOSSILS,FEW,,4,,NO AGE GIVEN,590,NDICT0030,Dictyococcites bisectus,TRACE,  ,1
85,573,B,42,4,135.0,135.0,520.50,526.35,13,PUJOS,10/1985,85,NANNOFOSSILS,FEW,,4,,NO AGE GIVEN,590,NDICT0045,Dictyococcites hesslandii,RARE,  ,1
85,573,B,42,4,135.0,135.0,520.50,526.35,13,PUJOS,10/1985,85,NANNOFOSSILS,FEW,,4,,NO AGE GIVEN,590,NDISC0040,Discoaster barbadiensis,TRACE,  ,1
85,573,B,42,4,135.0,135.0,520.50,526.35,13,PUJOS,10/1985,85,NANNOFOSSILS,FEW,,4,,NO AGE GIVEN,590,NDISC0410,Discoaster saipanensis,TRACE,  ,1
85,573,B,42,4,135.0,135.0,520.50,526.35,13,PUJOS,10/1985,85,NANNOFOSSILS,FEW,,4,,NO AGE GIVEN,590,NHELI0040,Helicopontosphaera compacta,RARE,  ,1
85,573,B,42,4,135.0,135.0,520.50,526.35,13,PUJOS,10/1985,85,NANNOFOSSILS,FEW,,4,,NO AGE GIVEN,590,NPONT0170,Pontosphaera vadosa,TRACE,  ,1
85,573,B,42,4,135.0,135.0,520.50,526.35,13,PUJOS,10/1985,85,NANNOFOSSILS,FEW,,4,,NO AGE GIVEN,590,NRETI0080,Reticulofenestra gartneri,TRACE,  ,1
85,573,B,42,4,135.0,135.0,520.50,526.35,13,PUJOS,10/1985,85,NANNOFOSSILS,FEW,,4,,NO AGE GIVEN,590,NRETI0110,Reticulofenestra insignata,RARE,  ,2
85,573,B,42,4,135.0,135.0,520.50,526.35,13,PUJOS,10/1985,85,NANNOFOSSILS,FEW,,4,,NO AGE GIVEN,590,NRETI0230,Reticulofenestra umbilica,RARE,  ,2
85,573,B,42,4,135.0,135.0,520.50,526.35,13,PUJOS,10/1985,85,NANNOFOSSILS,FEW,,4,,NO AGE GIVEN,590,NSPHN0140,Sphenolithus moriformis,RARE,  ,2
