Sample,Exp,Site,Hole,Core,Core-Sect,Type,Section,A/W,Extra Sample ID Data,Top [cm],Bottom [cm],Top Depth [m],Bottom Depth [m],Comment,Zone,Age,Preservation,Nannofossil abundance,Sphenolithus ciperoensis,Sphenolithus delphix,Sphenolithus disbelemnos,Helicosphaera ampliaperta,Sphenolithus belemnos,Triquetrorhabdulus carinatus,Sphenolithus heteromorphus,Discoaster deflandrei,Cyclicargolithus floridanus,Calcidiscus premacintyrei,Coronocyclus nitescens,Discoaster kugleri,Coccolithus miopelagicus,Catinaster coalitus,Catinaster calyculus,Discoaster hamatus,Discoaster berggrenii,Nicklithus amplificus,Discoaster quinqueramus,Ceratolithus acutus,Ceratolithus larrymayeri,Triquetrorhabdulus rugosus,Ceratolithus rugosus,Reticulofenestra pseudoumbilicus,Sphenolithus spp.,Discoaster tamalis,Discoaster surculus,Discoaster pentaradiatus,Discoaster triradiatus,Discoaster brouweri,Gephyrocapsa (>4 μm),Calcidiscus macintyrei,Gephyrocapsa (> 5.5 μm),Helicosphaera sellii,Reticulofenestra asanoi,Pseudoemiliania lacunosa,Emiliania huxleyi,Algirosphaera robusta,Amaurolithus delicatus,Amaurolithus primus,Amaurolithus tricorniculatus,Braarudosphaera bigelowii,Calcidiscus leptoporus,Calcidiscus quadriperforatus,Calcidiscus tropicus,Calciosolenia brasiliensis,Calciosolenia murrayi,Catinaster mexicanus,Ceratolithus armatus,Ceratolithus atlanticus,Ceratolithus cristatus,Clausicoccus fenestratus,Coccolithus pelagicus,Cryptococcolithus mediaperforate,Cyclicargolithus abisectus,Dictyococcites antarcticus,Dictyococcites bisectus,Discoaster altus,Discoaster asymmetricus,Discoaster bellus,Discoaster bergenii,Discoaster bollii,Discoaster braarudii,Discoaster calcaris,Discoaster challengeri,Discoaster druggii,Discoaster exilis,Discoaster loeblichii,Discoaster musicus,Discoaster neorectus,Discoaster petaliformis,Discoaster prepentaradiatus,Discoaster variabilis,Discosphaera tubifera,Florisphaera profunda,Gephyrocapsa caribbeanica,Gephyrocapsa ericsonii,Gephyrocapsa muellerae,Gephyrocapsa oceanica,Gephyrocapsa omega,Gephyroscapsa lumina,Gladiolithus flabellatus,Hayaster perplexus,Hayella challengeri,Helicosphaera carteri,Helicosphaera euphratis,Helicosphaera gertae,Helicosphaera granulata,Helicosphaera intermedia,Helicosphaera inversa,Helicosphaera magnifica,Helicosphaera mediterranea,Helicosphaera obliqua,Helicosphaera orientalis,Helicosphaera pavimentum,Helicosphaera perch-nielseniae,Helicosphaera recta,Helicosphaera scissura,Helicosphaera stalis,Helicosphaera truempyi,Helicosphaera vedderi,Helicosphaera walbersdorfensis,Helicosphaera wallichii,Helicosphaera waltrans,Holodiscolithus macroporus,Hughesius gizoensis,Hughesius tasmaniae,Ilselithina fusa,Minylitha convallis,Oolithotus fragilis,Orthorhabdus serratus,Pontosphaera discopora,Pontosphaera japonica,Pontosphaera multipora,Pontosphaera syracusana,Pseudoemiliania ovata,Reticulofenestra daviesii,Reticulofenestra haqii,Reticulofenestra minuta,Reticulofenestra minutula,Reticulofenestra pseudoumbilicus (> 7 μm),Reticulofenestra pseudoumbilicus (5-7 µm),Reticulofenestra rotaria,Rhabdosphaera clavigera,Rhabdosphaera poculii,Scyphosphaera apsteinii,Scyphosphaera apsteinii forma dilatata,Scyphosphaera cylindrica,Scyphosphaera globulata,Scyphosphaera intermedia,Scyphosphaera lagena,Scyphosphaera pulcherrima,Scyphosphaera tubifera,Scyphosphaera ventriosa,Small Gephyrocapsa (< 4 μm),Solidopons petrae,Sphenolithus abies,Sphenolithus calyculus,Sphenolithus capricornutus,Sphenolithus conicus,Sphenolithus dissimilis,Sphenolithus moriformis,Syracolithus schilleri,Syracosphaera lamina,Syracosphaera pulchra,Tetralithoides quadrilaminata,Tetralithoides symeonidesii,Triquetrorhabdulus challengeri,Triquetrorhabdulus extensus,Triquetrorhabdulus finifer,Triquetrorhabdulus milowii,Triquetrorhabdulus rioi,Triquetrorhabdulus sp. (long needle-like),Triquetrorhabdulus striatus,Umbellosphaera irregularis,Umbellosphaera tenuis,Umbilicosphaera foliosa,Umbilicosphaera hulburtiana,Umbilicosphaera jafari,Umbilicosphaera rotula,Umbilicosphaera sibogae,Zygrhablithus bijugatus
320-U1335A-1H-1-W 40/40-NANNO,320,U1335,A,1,1-1,H,1,W,40/40-NANNO,0,0,0.4,0.4,"PB - no Pseudoemil., ?E. hux",NN21,Pleistocene,M,A,,,,,,,,,,,,,,,,,,,,,,,,,,,,,,,,,,,,,,,,,,,A,,,,,,,,F,,,,,,,,,,,,,,,,,,,,,,,,A,,C,,A,,,,,,F,,,,,,,,,,,,,,,,,,,,,,,,,,,,,,,,,,,,,,,,,,,,,,,,,,,,,,,,,,,,F,,,,,,,,,,,,,,,,C,
320-U1335A-1H-3-W 100/100-NANNO,320,U1335,A,1,1-3,H,3,W,100/100-NANNO,0,0,4.0,4.0,PB - Pseudoemil.,NN19,Pleistocene,M,A,,,,,,,,,,,,,,,,,,,,,,,,,,,,,,,,,,,,F,,,,,,,C,,,,,,,,,,,,,,,,,,,,,,,,,,,,,,,,C,,D,,C,,,,,,F,,,,,,,,,,,,,,,,,,,,,,,,,,,,,,,F,,,,,,,,,,,,,,,,,,,,,,,,,,,,,,,,,,,,,,,,,,,,,C,
320-U1335A-1H-5-W 90/90-NANNO,320,U1335,A,1,1-5,H,5,W,90/90-NANNO,0,0,6.9,6.9,PB - lacunosa,NN19,Pleistocene,P,C,,,,,,,,,,,,,,,,,,,,,,,,,R,,,,,R,,,,,,F,,,,,,,C,,,,,,,,F,,,,,,,,,,,,,,,,,,,,,,,,C,,A,,,,,,,,R,,,,,,,,,,,,,,,,,,,,,,,,,,,,,,,,,,,,,,,,,,,,,,,,,,,,R,,,,,,,,,,,,,,,,,,,,,,,,F,
320-U1335A-1H-CC-PAL-NANNO,320,U1335,A,1,1-CC,H,CC,PAL,NANNO,0,0,8.81,8.81,TDJ - macintyrei present,NN19,Pleistocene,M,C,,,,,,,,,,,,,,,,,,,,,,,F,,,,,,,R,,F,,,,F,,,,,,,F,,R,,,,,,,,,,,,,,,,,,,,,,,,,,,,R,,,,C,,,,,,,,F,,,,,R,,,,,,,,,,,,,,,,,,,,,,,,,,,,,C,,,,,,,,,,,,,,,,,,,,,,,,,,R,,,,,,,,,,,,,,,,,
320-U1335A-2H-1-W 30/30,320,U1335,A,2,2-1,H,1,W,30/30,0,0,9.2,9.2,"PB - macintyrei, no in situ discos?",NN19,Pleistocene,P,C,,,,,,,,R,,,R,,,,,,,,,,,,,R,,,,,,,,F,,,,R,,,,,,,C,,,,,,,,F,,R,,,,,,,,,,,,,,,,,,,,R,,,,C,,,,,,,,F,,,,,,,,,,,,,,,,,,,,,,,,,,,,,,,C,,,,,R,R,,,,,,,,,,R,,,,,,,,,,,,,F,,,,,,,,,,,,,,,,F,
320-U1335A-2H-3-W 123/123,320,U1335,A,2,2-3,H,3,W,123/123,0,0,13.13,13.13,"PB - brouweri, minutula",NN18,Pliocene,M,A,,,,,,,,R,,,,,,,,,,,,,,,,R,,,R,R,R,C,,F,,,,R,,,,,,,C,,,,,,,,F,,C,,,,,,R,,,,,,,,,,,,,,R,,,,,,,,,,,,F,,,,,,,,,,,,,,,,,,,,,,,,,,,,,,,A,,,,D,R,R,,,,,,,,,,,,,,,,,,,,,,,F,,,,,,,,,,,,,,,,,
320-U1335A-2H-5-W 107/107,320,U1335,A,2,2-5,H,5,W,107/107,0,0,15.97,15.97,PB - tamalis,NN16,Pliocene,M,A,,,,,,,,,,,,,,,,,,,,,,,,,,C,,C,,C,,F,,,,,,,,,,,C,,,,,,,,F,,F,,,,,,C,,,,,,,,,,,,,,F,,,,,,,,,,,,,,,,,,,,,,,,,,,,,,,,,,,,,,,,,,,,,,A,A,,,,,,,,,,,,,,,,,,,,,,,,,F,,,,,,,,,,,,,,,,,
320-U1335A-2H-CC-PAL-NANNO,320,U1335,A,2,2-CC,H,CC,PAL,NANNO,0,0,18.85,18.85,TDJ - pentaradiatus present; surculus? present; no tamalis,NN16,Pliocene,M,C,,,,,,,,,R,,,,,,,,,,,,,,F,R,,,R,F,,F,,R,,,,,,,,R,,,F,,,,,,,,,,,,,,,,F,,,,,,,,,,,,,,C,,,,,,,,,,,,,,,,,,,,,,,,,,,,,,,,,,,,,,,,,,,,,,C,,R,R,,,,,,,,,,,,,,,,,,,,,,,,,,,,,,,,,,,,,,,,
320-U1335A-3H-2-W 80/80,320,U1335,A,3,3-2,H,2,W,80/80,0,0,20.7,20.7,"TDJ - pseudoumbilicus, rugosus present",NN13-15,Pliocene,M,C,,,,,,,,,,,,,,,,,,,,,,,C,C,,,,F,,F,,R,,,,,,,,,,,C,,F,,,,,,,,,,,,,,,,,,F,,,,,,,,,,C,,,,,,,,,,,,,,,,,,,,,,,,,,,,,,,,,,,,,,,,,,,,,,C,,C,C,,,,,,,,,,,,,,,R,,,,,,,,,,,,,,,,,,,,,,,R,,
320-U1335A-3H-3-W 66/66,320,U1335,A,3,3-3,H,3,W,66/66,0,0,22.06,22.06,TDJ - ,NN13-15,Pliocene,M,C,,,,,,,,,,,,,,,,,,,,,,,C,,,,,C,,C,,F,,,,,,,,,,,,,,,,,,,,,,,,,,,,,,,,,,,,,,,,,,,,,,,,,,,,,,,,,,,,,,,,,,,,,,,,,,,,,,,,,,,,,,,,,,,,,,,,,,,,,,,,,,,,,,,,,,,,,,,,,,,,,,,,,,
320-U1335A-3H-4-W 136/136,320,U1335,A,3,3-4,H,4,W,136/136,0,0,24.26,24.26,TDJ - ,NN13-15,Pliocene,M,C,,,,,,,,,,,,,,,,,,,,,,,C,,,,,C,,C,,,,,,,,,,,,,,,,,,,,,,,,,,,,,,,,,,,,,,,,,,,,,,,,,,,,,,,,,,,,,,,,,,,,,,,,,,,,,,,,,,,,,,,,,,,,,,,,,,,,,,,,,,,,,,,,,,,,,,,,,,,,,,,,,,,,
320-U1335A-3H-6-W 88/88,320,U1335,A,3,3-6,H,6,W,88/88,0,0,26.78,26.78,TDJ - acutus present,NN12,Pliocene,M,C,,,,,,,,,,,,,,,,,,,,F,,,,,,,,C,,C,,C,,,,,,,R,,,,F,,,,,,,,,,F,,,,,,,,,,,,,,,,,,,,C,,,,,,,,,,,,,,,,,,,,,,,,,,,,,,,,,,,,,,,,,,,,,A,A,,,,,,,,,,,,,,,,,,,,,,,,,,,,,,,,,,,,,,,,,,,
320-U1335A-3H-CC-PAL-NANNO,320,U1335,A,3,3-CC,H,CC,PAL,NANNO,0,0,28.13,28.13,"TDJ - pseudoumbilicus, acutus present; no T. rugosus",NN12,Pliocene,M,C,,,,,,,,,,,,,,,,,,,,F,,,,F,,,F,F,,R,,,,,,,,,F,R,,,F,,,,,,,,,,F,,,,,,,,,,,,,,,,,,,,C,,,,,,,,,,,,R,,,,,,,,,,,,,,,,,,R,,,,,,,,,,,,,,,C,C,,F,F,,,,,,,,,,,,,,,F,,,,,,,,,,,,,,,,,,,,,,,,,
320-U1335A-4H-1-W 132/132,320,U1335,A,4,4-1,H,1,W,132/132,0,0,29.22,29.22,"TDJ - T. rugosus present; no quinqueramus, C. acutus",NN12,late Miocene,M,C,,,,,,,,,,,,,,,,,,,,,,R,,,,,F,,,,,,,,,,,,,,,,,,,,,,,,,,,,,,,,,F,,,,,,,,,,,,,,,,,,,,,,,,,,,,,,,,,,,,,,,,,,,,,,,,,,,,,,,,,,,A,,,,,,,,,,,,,,,,,,,,,,,,,,,,,,,,,,,,,,,,,,,
320-U1335A-4H-2-W 97/97,320,U1335,A,4,4-2,H,2,W,97/97,0,0,30.37,30.37,TDJ - T. rugosus; quinqueramus present,NN11,late Miocene,M,C,,,,,,,,,,,,,,,,,,,F,,,R,,C,,,,F,,C,,,,,,,,,R,,,,F,,,,,,,,,,C,,,,,,,F,,,,,,,,,,,,,C,,,,,,,,,,,,,,,,,,,,,,,,,,,,,,,,,,,,,,,,,,,,,A,C,,C,C,,,,,,,,,,,,,,,C,,,,,,,,,,,,,,,,,,,,,,,,,
320-U1335A-4H-4-W 80/80,320,U1335,A,4,4-4,H,4,W,80/80,0,0,33.2,33.2,TDJ - quinqueramus present,NN11,late Miocene,M,A,,,,,,,,,,,,,,,,,R,,R,,,R,,C,,,F,F,,F,,,,,,,,,F,,R,,C,,,,,,,,,,C,,,,,,,F,,,,,,,,,,,,,C,,,,,,,,,,,,,,,,,,,,,,,,,,,,,,,,,,,,,,,,,,,,,A,A,,C,C,,,,,,,,,,,,,,,,,,,,,,,,,,,,,,,,,,,,,,F,,
320-U1335A-4H-5-W 37/37,320,U1335,A,4,4-5,H,5,W,37/37,0,0,34.27,34.27,TDJ - no amplificus,NN11,late Miocene,M,A,,,,,,,,,,,,,,,,,F,,F,,,R,,,,,F,,R,,,,,,,,,,R,,,,,,,,,,,,,,,,,,,,,,,,,,,,,,,,,,,,,,,,,,,,,,,,,,,,,,,,,,,,,,,,,,,,,,,,,,,,,,,,,,,,,,,,,,,,,,,,,,C,,,,,,,,,,,,,,,,,,,,,,,,,
320-U1335A-4H-6-W 66/66,320,U1335,A,4,4-6,H,6,W,66/66,0,0,36.06,36.06,TDJ - amplificus present,NN11,late Miocene,M,A,,,,,,,,,,,,,,,,,F,R,C,,,,,,,,F,,,C,,,,,,,,,R,,,,F,,,,,,,,,,,,,,,,,F,,,,,,,,,,,,,C,,,,,,,,,,,,,,,,,,,,,,,,,,,,,,,,,,,,,,,,,,,,,,,,,,,,,,,,,,,,,,,,,,,,,,,,,,,,,,,,,,,,,,,,,
320-U1335A-4H-CC-PAL-NANNO,320,U1335,A,4,4-CC,H,CC,PAL,NANNO,0,0,37.8,37.8,"TDJ - no ceratolithus, amaurolithus, ? no quinqueramus",NN11,late Miocene,M,C,,,,,,,,,,,,,,,,,,,R,,,R,,F,,,F,R,,F,,R,,,,,,,,R,,,F,,,,,,,,,,F,R,,,,,,,,,,,,,,,,R,,,C,,,,,,,,,,,,,,,,,,,,,,,,,,,,,,,,,,,,,,,,,,,,,C,C,,F,F,,,,,,,,,,,,,,,F,,,,,,,,,,,,,,,,,,,,,,,R,,
320-U1335A-5H-1-W 120/120,320,U1335,A,5,5-1,H,1,W,120/120,0,0,38.6,38.6,"PB - quinqueramus, Amaurolithus",NN11,late Miocene,P,A,,,,,,,,,,,,,,,,,R,,F,,,,,C,,,R,R,,C,,R,,,,,,,R,,R,,F,,,,,,,,,,,,,,,,,,,,,,,,,,,,,,,,,,,,,,,,,,,,,F,,,,,,,,,,,,,,,,,,,,,,,,,,,,,,A,A,,C,C,R,,,,,,,,,,,,,,A,,,,,,,,,,,,,,,,,,,,,,,,,
320-U1335A-5H-3-W 10/10,320,U1335,A,5,5-3,H,3,W,10/10,0,0,40.5,40.5,"PB - berggrenii, Amaurolithus",NN11,late Miocene,M,A,,,,,,,,,,,,,,,,,R,,,,,,,C,,,R,F,,C,,F,,,,,,,,R,,,C,,,,,,,,,,C,R,,,,,,,,,,,,,,,,,,,,,,,,,,,,,,R,,,,F,,,,,,,,,,,,,,,,,,,,,,,,,,,,,,A,A,,C,C,,,,,,,,,,,,,,,D,,,,,,,,,,,,,,,,,,,,,,,,,
320-U1335A-5H-5-W 50/50,320,U1335,A,5,5-5,H,5,W,50/50,0,0,43.9,43.9,PB - berggrenii; no amaurolithus,NN11,late Miocene,P,C,,,,,,,,,,,,,,,,,R,,F,,,F,,,,,R,R,,C,,R,,,,,,,,,,,,,,,,,,,,,,,,,,,R,,R,,,,,,,F,,,,R,,,,,,,,,,,,,,,,,,,,,,,,,,,,,,,,,,,,,,,,,,,,,,,,,,,,,,,,,,,,,,,,,,,,,,,,,,,,,,,,,,,,,,,,,,
320-U1335A-5H-6-W 110/110,320,U1335,A,5,5-6,H,6,W,110/110,0,0,46.0,46.0,PB - ,NN11,late Miocene,P,A,,,,,,,,,,,,,,,,,,,,,,F,,,,,F,,,C,,F,,,,,,,,,,,,,,,,,,,,,A,R,,,,,,R,,,,,,,,,,,,,C,,,,,,,,,,,,,,,,,,,,,,,,,,,,,,,,,,,,,,,,,,,,,A,A,,,,,,,,,,,,,,,,,,,,,,,,,,,,,,,,,,,,,,,,,,,
320-U1335A-5H-CC-PAL-NANNO,320,U1335,A,5,5-CC,H,CC,PAL,NANNO,0,0,46.45,46.45,"TDJ/PB - no ceratolithus, amaurolithus; quinqueramus present",NN11,late Miocene,M,F,,,,,,,,R,,,,,,,,,R,,F,,,,,,,,,R,,C,,R,,,,,,,,,,,F,,F,,,,,,,,C,R,,,,,,F,,,,,,,,R,,R,,,C,,,,,,,,,,,,,,,,,,,,,,,,,,,,,,,,,,,,,,,,,,,,,A,C,,,,,,,,,,,,,,,,,,C,,,,,,,,,,,,,,,,,,,,,,,R,,
320-U1335A-6H-1-W 60/60,320,U1335,A,6,6-1,H,1,W,60/60,0,0,47.5,47.5,PB - ,NN10,late Miocene,M,A,,,,,,,,,,,,,,,,,,,,,,R,,,,,,,,C,,R,,,,,,,,,,,C,,F,,,,,,,,C,R,,,,,,F,,,,,,,,C,,,,,C,,,,,,,,,,,,,,,,,,,,,,,,,,,,,,,,,,,,,,,,,,,,,C,A,,,,,,,,,,,,,,,,,,D,,,,,,,,,,,,,,,,,,,,,,,,,
320-U1335A-6H-2-W 60/60,320,U1335,A,6,6-2,H,2,W,60/60,0,0,49.0,49.0,TDJ/PB - ,NN10,late Miocene,M,C,,,,,,,,,,,,,,,,R,,,,,,R,,,,,,F,,C,,R,,,,,,,,,,,F,,F,,,,,,,,C,,,,,,,F,,,,R,,,,,,,,,C,,,,,,,,,,,,F,,,,,,,,,,,,,,,,,,,,,,,,,,,,,,,,,C,A,,,,,,,,,,,,,,,,,,A,,,,,,,,,,,,,,,,,,,,,,,,,
320-U1335A-6H-4-W 60/60,320,U1335,A,6,6-4,H,4,W,60/60,0,0,52.0,52.0,TDJ/PB - no berggrenii,NN11,late Miocene,M,C,,,,,,,,,,,,,,,,,,,,,,,,,,,,F,,C,,R,,,,,,,,,,,F,,,,,,,,,,C,,,,,,,F,,,,,,,,C,,,,,C,,,,,,,,,,,,R,,,,,,,,,,,,,,,,,,,,,,,,,,,,,,,,,C,A,,,,,,,,,,,,,,,,,,A,,,,,,,,,,,,,,,,,,,,,,,R,,
320-U1335A-6H-6-W 96/96,320,U1335,A,6,6-6,H,6,W,96/96,0,0,55.36,55.36,TDJ/PB - ab. 3D 5 rayed discos,NN10,late Miocene,M,A,,,,,,,,,,,,,,,,F,,,,,,R,,F,,,,,,C,,R,,,,,,,,,,,F,,R,,,,,,,,,,,,,,,A,,,,R,,,,,,,,R,C,,,,,,,,,,,,R,,,,,,,,,,,,,,,,,,,,,,,,,,,,,,,,,,,,F,F,,,,,,,,,,,,,,,C,,,,,,,,,,,,,,,,,,,,,,,,,
320-U1335A-6H-CC-PAL-NANNO,320,U1335,A,6,6-CC,H,CC,PAL,NANNO,0,0,56.45,56.45,TDJ/PB - large pseudoumbilicus >7 (some>10); no Catinaster,NN11,late Miocene,M,C,,,,,,,,,,,,,R,,,R,,,,,,R,,C,,,,,,C,,,,,,,,,,,,,C,,F,,,,,,,,C,,,,,,,A,,,,R,,,,F,,,,,C,,,,,,,,,,,,R,,,R,,,,,,,,,,,,,,,,,,,,,,,,,,,,,,F,,,C,C,,,,,,,,,,,,,,,C,,,,,,,,,,,,,,,,,,,,,,,R,,
320-U1335A-7H-2-W 10/10,320,U1335,A,7,7-2,H,2,W,10/10,0,0,58.0,58.0,"PB - no hamatus, no berggr.",NN11,late Miocene,M,C,,,,,,,,,,,,,,,,R,,,,,,R,,C,,,,,,C,,,,,,,,,,,,,C,,R,,,,,,,,C,,,,,,,R,,,,R,,,,,,,,R,C,,,,,,,,,,,,,,,,,,,,,,,,,,,,,,,,,,,,,,,,,,,,,,,,C,C,,,,,,,,,,,,,,,C,,,,,,,,,,,,,,,,,,,,,,,,,
320-U1335A-7H-3-W 65/65,320,U1335,A,7,7-3,H,3,W,65/65,0,0,60.05,60.05,PB - hamatus,NN9,late Miocene,P,C,,,,,,,,,,,,R,R,R,,F,,,,,,R,,C,,,,,,R,,R,,,,,,,,,,,C,,R,,,,,,,,C,,,,,,,C,,,,,,,,,,,,,C,,,,,,,,,,,,,,,,,,,,,,,,,,,,,,,,,,,,,,,,,,,,,,,,C,C,,,,,,,,,,,,,,,,,,,,,,,,,,,,,,,,,,,,,,,,
320-U1335A-7H-4-W 82/82,320,U1335,A,7,7-4,H,4,W,82/82,0,0,61.72,61.72,PB - hamatus,NN10,late Miocene,M,C,,,,,,,R,,,R,,,,R,,F,,,,,,R,,A,,,,,,F,,F,,,,,,,,,,,C,,R,,,,,,,,C,,,,,,,C,,,,,,,,,,,,,C,,,,,,,,,,,,,,,,,,,,,,,,,,,,,,,,,,,,,,,,,,,,,,,,A,A,,,,,,,,,,,,,,,,,,,,,,,,,,,,,,,,,,,,,,,,
320-U1335A-7H-6-W 79/79,320,U1335,A,7,7-6,H,6,W,79/79,0,0,64.69,64.69,PB - ,NN7,late Miocene,P,C,,,,,,R,,,,,,,F,,,,,,,,,R,,A,,,,,,,,R,,,,,,,,,,,C,,R,,,,,,,,C,F,,,,,,,,,,,,,,,,,,,A,,,,,,,,,,,,,,,R,,,,,,,,,,,,,,,,,,,,,,,,,,,,,,,,,A,A,,,,,,,,,,,,,,,C,,,,,,,,,,,,,,,,,,,,,,,,,
320-U1335A-7H-CC-PAL-NANNO,320,U1335,A,7,7-CC,H,CC,PAL,NANNO,0,0,66.24,66.24,TDJ - large pseudoumbilicus >7 (some>10); miopelagicus; no Catinaster,NN7,late Miocene,P,A,,,,,,,,,,,,,F,,,,,,,,,,,A,,,,,,R,,,,,,,,,,,,,C,,,,,,,,,,C,R,,,,,R,R,,,,,,,,,,,,,C,,,,,,,,,,,,,,,,,,,,,,,,,,,,,,,,,,,,,,,,,,,,,A,,,A,A,,,,,,,,,,,,,,,,,,,,,,,,,,,,,,,,,,,,,,,,
320-U1335A-8H-2-W 90/90,320,U1335,A,8,8-2,H,2,W,90/90,0,0,68.3,68.3, - ,NN7,late Miocene,P,A,,,,,,,,,,,,,,,,,,,,,,,,,,,,,,,,,,,,,,,,,,,,,,,,,,,,,,,,,,,,,,,,,,,,,,,,,,,,,,,,,,,,,,,,,,,,,,,,,,,,,,,,,,,,,,,,,,,,,,,,,,,,,,,,,,,,,,,,,,,,,,,,,,,,,,,,,,,,,,,,,,
320-U1335A-8H-4-W 90/90,320,U1335,A,8,8-4,H,4,W,90/90,0,0,71.3,71.3,PB - miopelagicus,NN7,late Miocene,P,A,,,,,,R,,,,,,,F,,,,,,,,,,,A,,,,,,,,,,,,,,,,,,,C,,R,,,,,,,,C,R,,,R,,,,,,,,,,,,,,,,A,,,,,,,,,,,,,,,,,,,,,,,,,,,,,,,,,,,,,,,,,,,,,A,,,A,A,,,,,,,,,,,,,,,,,,,,,,,,,,,,,,,,,,,,,C,,,
320-U1335A-8H-6-W 90/90,320,U1335,A,8,8-6,H,6,W,90/90,0,0,74.3,74.3,PB - kugleri,NN7,late Miocene,M,A,,,,,,R,,,,,,R,F,,,,,,,,,,,A,,,,,,,,,,,,,,,,,,,C,,F,,,,,,,,C,R,,,,,,,,,,,,,C,,,,,,,,,,,,,,,,,,,,,R,,,,,,,,,,,,,,,,,,,,,,,,,,,,,,,,,A,A,,,,,,,,,,,,,,,A,,,,,,,,,,,,,,,,,,,,,,,,,
320-U1335A-8H-CC-PAL-NANNO,320,U1335,A,8,8-CC,H,CC,PAL,NANNO,0,0,75.86,75.86,TDJ/PB - kugleri,NN7,middle Miocene,M,A,,,,,,,,R,,,,R,C,,,,,,,,,,,C,,,,,,,,,,,,,,,,,,,C,,F,,,,,,,,A,,,,,,,,,,,,,,C,,,,,,,,,,,,,,,,,,R,,,,,,,,,,,,,,,,,,,,,,,,,,,,,,,,,,,,C,C,,,,,,,,,,,,,,,,,,,,,,,,,,,,,,,,,,,,,,R,,
320-U1335A-9H-1-W 70/70-NANNO,320,U1335,A,9,9-1,H,1,W,70/70-NANNO,0,0,76.1,76.1,TDJ - ,NN7,middle Miocene,M,A,,,,,,,,R,,,,F,F,,,,,,,,,,,C,,,,,,,,,,,,,,,,,,,C,,F,,,,,,,,C,,,,,,,,,,,,,,C,,,,,,,,,,,,,,,,,,,,,R,R,,,,,,,,,,,,,,,,,,,,,,,,,,,,,C,,,C,C,,,,,,,,,,,,,,,,,,,,C,,,,,,,,,,,,,,,,,C,R,,
320-U1335A-9H-3-W 70/70-NANNO,320,U1335,A,9,9-3,H,3,W,70/70-NANNO,0,0,79.1,79.1,TDJ - ,NN6,middle Miocene,M,A,,,,,,,,R,,,,,C,,,,,,,,,R,,A,,,,,,,,,,,,,,,,,,,F,,F,,,,,,,,C,,,,,,,,,,,,,,C,,,,,,,,,,,,,,,,,,,,,,R,,,,,,,,,,,,,,,,,,,,,,,,,,,,,C,,,A,A,,,,,,,,,,,,,,,,,,,,C,,,,,,,,,,F,,,,,,,,R,,
320-U1335A-9H-5-W 70/70-NANNO,320,U1335,A,9,9-5,H,5,W,70/70-NANNO,0,0,82.1,82.1,TDJ - ,NN6,middle Miocene,M,A,,,,,,,,R,,,,,,,,,,,,,,R,,C,,,,,,,,,,,,,,,,,,,F,,F,,,,,,,,C,,,,,,,,,,,,,,C,,,,,,,,,,,,,,,,,,,,,,,,,,,,,,,,,,,,,,,,,,,,,,,,,,,C,,,C,C,,,,,,,,,,,,,,,,,,,,C,,,,,,,,,,F,,,,,,,,,,
320-U1335A-9H-7-W 30/30-NANNO,320,U1335,A,9,9-7,H,7,W,30/30-NANNO,0,0,84.7,84.7,TDJ - abundant diatoms,NN6,middle Miocene,M,A,,,,,,,R,R,,,,,R,,,,,,,,,,,F,,,,,,,,,,,,,,,,,,,F,,F,,,,,,,,C,,,,,,,,,,,,,,C,,,,,,,,,,,,,,,,,,,,,,R,,,,,,,,,,,,,,,,,,,,,,,,,,,,,A,,,F,F,,,,,,,,,,,,,,,,,,,,C,,,,,,,,,,F,,,,,,,,F,,
320-U1335A-9H-CC-PAL-NANNO,320,U1335,A,9,9-CC,H,CC,PAL,NANNO,0,0,85.02,85.02,PB - nitescens,NN6,middle Miocene,M,A,,,,,,,,F,,,R,,C,,,,,,,,,,,C,,,,,,,,,,,,,,,,,,,C,,F,,,,,,,,C,F,,,,,,,,,,,,,F,,,,,,,,,,,,,,,,,,F,,,,R,,,,,,,,,,,,,,,,,,,,,,,,,,,,,A,,,C,C,,,,,,,,,,,,,,,A,,,,,C,,,,,,,,,,F,,,,,,,,F,,
320-U1335A-10H-2-W 100/100-NANNO,320,U1335,A,10,10-2,H,2,W,100/100-NANNO,0,0,87.4,87.4,TDJ - ,NN6,middle Miocene,M,A,,,,,,,,,,R,F,,,,,,,,,,,F,,C,,,,,,,,,,,,,,,,,,,F,,F,,,,,,,,C,,,F,,,,,,,,,,,F,,,,,,,,,,,,,,,,,,R,,,R,R,,,,,,,,,,,,,,,,,,,,,,,,F,,,,,A,,,C,C,,,,,,,,,,,,,,,,,,,,C,,,,,,,,,,F,,,,,,,A,F,,
320-U1335A-10H-4-W 100/100-NANNO,320,U1335,A,10,10-4,H,4,W,100/100-NANNO,0,0,90.4,90.4,TDJ - ,NN6,middle Miocene,M,A,,,,,,,,,,F,C,,,,,,,,,,,F,,C,,,,,,,,,,,,,,,,,,,F,,,,,,,,,,C,,,,,,,,,,,,,,F,,,,,,,,,,,,,,,,,,,R,,,,,,,,,,,,,,,,,,,,,,,,,,,,,,,,A,,,C,C,,,,,,,,,,,,,,,,,,,,C,,,,,,,,,,,,,,,,,C,,,
320-U1335A-10H-6-W 100/100-NANNO,320,U1335,A,10,10-6,H,6,W,100/100-NANNO,0,0,93.4,93.4,TDJ - ,NN6,middle Miocene,M,A,,,,,,,,,,,,,,,,,,,,,,R,,,,,,,,,,,,,,,,,,,,,,,,,,,,,,,,,,A,,,,,,,,,,,,,,,,,,,,,,,,,,,,,,,,,,,,,,,,,,,,,,,,,,,,,,,R,,,,,,,,,,,,,,,,,,,,,,,,,,,,,,,,,,,,,,,,,,,,,,,,A,,,
320-U1335A-10H-CC-PAL-NANNO,320,U1335,A,10,10-CC,H,CC,PAL,NANNO,0,0,94.94,94.94,"PB - nitescens, premac.",NN6,middle Miocene,M,A,,,,,,,,C,,R,F,,F,,,,,,,,,,,A,,,,,,,,,,,,,,,,,,,,,F,,,,,,,,C,R,,F,R,,,,,,,,,,C,,,,,,,,,,,,,,,,,,,,,,,,,,,,,,,,,,,,,,,,,,,,,,,,,,,A,,,A,A,,,,,,,,,,,,,,,C,,,,,,,,,,,,,,F,F,,,,,,,,F,,
320-U1335A-11H-2-W 100/100-NANNO,320,U1335,A,11,11-2,H,2,W,100/100-NANNO,0,0,96.9,96.9,"PB - nitescens, premac.",NN6,middle Miocene,M,A,,,,,,,,R,,F,F,,F,,,,,,,,,,,A,,,,,,,,,,,,,,,,,,,,,,,,,,,,,A,R,,C,,,,,,,,,,,F,,,,,,,,,,,,,,,,,R,F,,,,,,,,,,,,,,,,,,,,,,,,,,R,,,,,,,A,,,A,A,,,,,,,,,,,,,,,A,,,,,C,,,,,,,,,,R,,,,,,,C,C,,
320-U1335A-11H-CC-NANNO,320,U1335,A,11,11-CC,H,CC,NANNO,,0,0,103.82,103.82,"PB - nitescens, premac.",NN6,middle Miocene,M,A,,,,,,,,C,,F,F,,F,,,,,,,,,,,C,,,,,,,,,,,,,,,,,,,C,,F,,,,,,,,A,F,,F,,,,,,,,,,,C,,,,,,,,,,,,,,,,,,F,,,,,,,,,,,,,,,,,,,,,,,,,,R,R,,,,,,C,,,C,C,,,,,,,,,,,,,,,,,,,,C,,,,,,,,,,,,,,,,,R,F,,
320-U1335A-12H-2-W 90/90-NANNO,320,U1335,A,12,12-2,H,2,W,90/90-NANNO,0,0,106.3,106.3,TDJ - ,NN6,middle Miocene,M,A,,,,,,,,F,,R,C,,F,,,,,,,,,,,C,,,,,,,,,,,,,,,,,,,F,,F,,,,,,,,A,,,F,,,,,,,,,,,C,,,,,,,,,,,,,,,,,,,,,,,,,,,,,,,,,,,,,,,,,,,,,,,,,,,C,,,C,C,,,,,,,,,,,,,,,,,,,,C,,,,,,,,,,,,,,,,,C,C,,
320-U1335A-12H-3-PAL-NANNO,320,U1335,A,12,12-3,H,3,PAL,NANNO,0,0,108.39,108.39,"PB - comm. floridanus, no heteromorph.",NN6,middle Miocene,M,A,,,,,,,,,C,R,C,,F,,,,,,,,,,,,,,,,,,,,,,,,,,,,,,F,,R,,,,,,,,A,R,,,,,,,,,,,,,,,,,,,,,,,,,,,,,,R,R,R,,C,,,,,,,,,,,,,,,,,,,,,,,,,,,,,,A,,,,,,,,,,,,,,,,,,,A,,,,,A,,,R,,,,,,,,,,,,,,,C,,
320-U1335A-12H-4-W 90/90-NANNO,320,U1335,A,12,12-4,H,4,W,90/90-NANNO,0,0,109.3,109.3,TDJ - ,NN6,middle Miocene,M,A,,,,,,,,,C,,,,,,,,,,,,,,,,,,,,,,,,,,,,,,,,,,,,,,,,,,,,,,,,,,,,,,,,,,,,,,,,,,,,,,,,,,,,,,,,,,,,,,,,,,,,,,,,,,,,,,,,,,,,,,,,,,,,,,,,,,,,,,,,,,,,,,,,,,,,,,,,,,,,,,,,,
320-U1335A-12H-6-W 90/90-NANNO,320,U1335,A,12,12-6,H,6,W,90/90-NANNO,0,0,112.3,112.3,PB - foram sand ?turb.,NN4-5,middle Miocene,M,A,,,,,R,R,C,C,C,,C,,,,,,,,,,,,,C,,,,,,,,,,,,,,,,,,,,,,,,,,,,,A,,,,,,,,,,,,,,C,,,,,,,,,,,,,,,,,,R,,,F,,,,,,,,,,,,,,,,,,,,,,,,,,,,,,A,,,C,C,,,,,,,,,,,,,,,,,,,,A,,,,,,,,,,,,,,,,,,,,
320-U1335A-12H-CC-PAL-NANNO,320,U1335,A,12,12-CC,H,CC,PAL,NANNO,0,0,113.84,113.84,PB - heteromorphus,NN4-5,middle Miocene,M,A,,,,,,,C,F,C,R,,,,,,,,,,,,,,A,,,,,,,,,,,,,,,,,,,F,,F,,,,,,,,C,F,,C,,,,,,,,,,,,,,,,,,,,,,,,,,,,,F,,,,,,,,,,,,,,,,,,,,,,,,,,R,,,,,,,A,,,A,A,,,,,,,,,,,,,,,,,,,,,,,,,,,,,,,,,,,,,,C,,
320-U1335A-13H-3-PAL-NANNO,320,U1335,A,13,13-3,H,3,PAL,NANNO,0,0,117.89,117.89,PB - heteromorphus,NN4-5,middle Miocene,M,A,,,,,,,A,,C,,F,,R,,,,,,,,,,,A,,,,,,,,,,,,,,,,,,,F,,R,,,,,,,,C,,,,,,,,,,,,,,C,,,,,,,,,,,,,,,,,R,F,,,F,,,,,,,,,,,,,,,,,,,,,,,,,,,,,,A,,,A,A,,,,,,,,,,,,,,,,,,,,C,,,,,,,,,,,,,,,,,F,C,,
320-U1335A-13H-CC-PAL-NANNO,320,U1335,A,13,13-CC,H,CC,PAL,NANNO,0,0,123.39,123.39,PB - heteromorphus,NN4-5,middle Miocene,M,A,,,,,,,A,C,A,,,,R,,,,,,,,,,,C,,,,,,,,,,,,,,,,,,,F,,R,,,,,,,,,,,C,,,,,,,,,,,R,,,,,,,,,,,,,,,,,,,,,F,,,,,,,,,,,,,,,,,,,,,,,,,,,,,,A,,,C,C,,,,,,,,,,,,,,R,,,,,,,,,,,,,,,R,,,,,,,,A,C,,
320-U1335A-14H-3-PAL-NANNO,320,U1335,A,14,14-3,H,3,PAL,NANNO,0,0,127.39,127.39,PB - heteromorphus,NN4-5,middle Miocene,M,A,,,,,,,,C,C,,F,,R,,,,,,,,,,,A,,,,,,,,,,,,,,,,,,,,,,,,,,,,,,,,,,,,,,,,,,,C,,,,F,,,,,,,,,,,,,,,,,F,,,,,,,,,,,,,,,,,,,,,,,,,,,,,,A,,,A,A,,,,,,,,,,,,,,,,,,,,,,,,,,,,,,,,,,,,,,,,
320-U1335A-14H-CC-PAL-NANNO,320,U1335,A,14,14-CC,H,CC,PAL,NANNO,0,0,132.99,132.99,"PB - heteromorphus, petaliformis",NN4-5,middle Miocene,M,A,,,,,,,F,C,C,R,,,,,,,,,,,,,,C,,,,,,,,,,,,,,,,,,,F,,R,,,,,,,,C,,,,,,,,,,,,,,C,,,,F,,,,,,,,,,,,,,,,,R,,,,,,,,,,,,,,,,,,,,,,,,,,,,,,C,,,C,C,,,,,,,,,,,,,,,,,,,,,,,,,,,,,,,,,,,,,,F,,
320-U1335A-15H-3-PAL-NANNO,320,U1335,A,15,15-3,H,3,PAL,NANNO,0,0,136.39,136.39, - ,NN4-5,middle Miocene,M,A,,,,,,,,,,,,,,,,,,,,,,,,,,,,,,,,,,,,,,,,,,,,,,,,,,,,,,,,,,,,,,,,,,,,,,,,,,,,,,,,,,,,,,,,,,,,,,,,,,,,,,,,,,,,,,,,,,,,,,,,,,,,,,,,,,,,,,,,,,,,,,,,,,,,,,,,,,,,,,,,,,
320-U1335A-15H-4-W 104/104,320,U1335,A,15,15-4,H,4,W,104/104,0,0,137.435,137.435,PB - turbidite,NN4-5,middle Miocene,M,A,,,,,,,A,C,A,R,F,,,,,,,,,,,,,,,,,,,,,,,,,,,,,,,,C,,F,,,,,,,,A,R,,,,,,,,,,,,,C,,,,F,,,,,,,,,,,,,F,,,,F,,,,,,,,,,,,,,,,,,,,,,,,,,,,,,A,,,,,,,,,,,,,,,,,,,,,,,,,,,,,,,,,,,,,,,,,A,C,,
320-U1335A-15H-4-W 105/105,320,U1335,A,15,15-4,H,4,W,105/105,0,0,137.45,137.45,PB - ,NN4-5,middle Miocene,M,A,,,,,,,A,C,A,R,F,,,,,,,,,,,,,,,,,,,,,,,,,,,,,,,,C,,F,,,,,,,,A,R,,,,,,,,,,,,,C,,,,F,,,,,,,,,,,,,F,,,,F,,,,,,,,,,,,,,,,,,,,,,,,,,,,,,A,,,,,,,,,,,,,,,,,,,,,,,,,,,,,,,,,R,,,,,,,,A,C,,
320-U1335A-15H-CC-PAL-NANNO,320,U1335,A,15,15-CC,H,CC,PAL,NANNO,0,0,142.08,142.08,"PB - heteromorphus, petaliformis",NN4-5,middle Miocene,M,A,,,,,,,A,C,A,R,C,,,,,,,,,,,,,,,,,,,,,,,,,,,,,,,,F,,R,,,,,,,,A,F,,,,,,,,,,,,,,,,,F,,,,,,,,,,,,,,R,,,F,R,,,,,,,,,,,,,,,,,,,,,,R,,,,,,,A,,,,,,,,,,,,,,,,,,,,,,,,C,,,,,R,,,,R,,,,,,,,C,F,,
320-U1335A-16H-CC-PAL-NANNO,320,U1335,A,16,16-CC,H,CC,PAL,NANNO,0,0,151.48,151.48,"PB - heteromorphus, petaliformis",NN4-5,middle Miocene,M,A,,,,,,,A,C,A,,C,,,,,,,,,,,,,,,,,,,,,,,,,,,,,,,,,,,,,,,,,,,R,,,,,,,,,,,,,,,,,R,,,,,,,,,,,,,,R,,,F,,,,,,,,,,,,,,,,,,,R,,,,,,,,,,,A,,,,,,,,,,,,,,,,R,,,,,,,,,,,,,,,,,,,,,,,,,A,C,,
320-U1335A-17H-2-W 70/70,320,U1335,A,17,17-2,H,2,W,70/70,0,0,153.6,153.6,TDJ - ,NN4,middle Miocene,M,A,,,,,,,C,C,A,,,,,,,,,,,,,,,,,,,,,,,,,,,,,,,,,,,,,,,,,,,,,,,,,,,,,,,,,,,,,,,,,,,,,,,,,,,,,,,,,,,,,,,,,,,,,,,,,,,,,,,,,,,,,,,,,,,,,,,,,,,,,,,,,,,,,,,,,,,,,,,,,,,,,,,,,
320-U1335A-17H-4-W 120/120,320,U1335,A,17,17-4,H,4,W,120/120,0,0,157.1,157.1,TDJ - ,NN4,middle Miocene,M,A,,,,,,,,C,,,,,,,,,,,,,,,,,,,,,,,,,,,,,,,,,,,,,,,,,,,,,,,,,,,,,,,,,,,,,,,,,,,,,,,,,,,,,,,,,,,,,,,,,,,,,,,,,,,,,,,,,,,,,,,,,,,,,,,,,,,,,,,,,,,,,,,,,,,,,,,,,,,,,,,,,,
320-U1335A-17H-6-W 120/120,320,U1335,A,17,17-6,H,6,W,120/120,0,0,160.1,160.1,TDJ - ,NN4,middle Miocene,M,A,,,,,,,,C,,,,,,,,,,,,,,,,,,,,,,,,,,,,,,,,,,,,,,,,,,,,,,,,,,,,,,,,,,,,,,,,,,,,,,,,,,,,,,,,,,,,,,,,,,,,,,,,,,,,,,,,,,,,,,,,,,,,,,,,,,,,,,,,,,,,,,,,,,,,,,,,,,,,,,,,,,
320-U1335A-17H-CC-PAL-NANNO,320,U1335,A,17,17-CC,H,CC,PAL,NANNO,0,0,161.19,161.19,"PB - comm. deflandrei, heteromorphus,",NN4,middle Miocene,M,A,,,,,,,A,C,A,,F,,,,,,,,,,,,,C,,,,,,,,,,,,,,,,,,,,,R,,,,,,,,,,,,,,,,,,,,,,,,,,,,,,,,,,,,,,,,,,,F,,,,,,,,,,,,,,,,,,,,,,,,,,,,,,,,,C,C,,,,,,,,,,,,,,,,,,,,,,,,,R,,,,,,,,,,,,,C,,
320-U1335A-18H-CC-PAL-NANNO,320,U1335,A,18,18-CC,H,CC,PAL,NANNO,0,0,169.72,169.72,"PB - comm. deflandrei, heteromorphus,",NN4,early Miocene,M,A,,,,,,,A,C,A,,C,,,,,,,,,,,,,C,,,,,,,,,,,,,,,,,,,,,R,,,,,,,,C,,,,,,,,,,,,,,,,,,,,,,,,,,,,,,,,,,,,,,,,,,,,,,,,,,,,,,,,,,,,,,,,,C,,,C,C,,,,,,,,,,,,,,,,,,,,A,,,,,R,,,,,,,,,,,,,C,,
320-U1335A-19H-CC-PAL-NANNO,320,U1335,A,19,19-CC,H,CC,PAL,NANNO,0,0,180.41,180.41,"TDJ - comm. deflandrei, heteromorphus,",NN4,early Miocene,M,A,,,,,,,C,A,A,,F,,,,,,,,,,,,,C,,,,,,,,,,,,,,,,,,,F,,R,,,,,,,,C,,,,,,,,,,,,,,,,,,,,,,,,,,,,,,,,,,,R,,,,,,,,,,,,,,,,,,,,,,,,,,,,,,,,,C,C,,,,,,,,,,,,,,,,,,,,A,,,,,,,,,,,,,,,,,,C,,
320-U1335A-20H-2-W 70/70,320,U1335,A,20,20-2,H,2,W,70/70,0,0,182.1,182.1,TDJ - ,NN4,early Miocene,M,A,,,,,,,C,,,,,,,,,,,,,,,,,,,,,,,,,,,,,,,,,,,,,,,,,,,,,,,,,,,,,,,,,,,,,,,,,,,,,,,,,,,,,,,,,,,,,,,,,,,,,,,,,,,,,,,,,,,,,,,,,,,,,,,,,,,,,,,,,,,,,,,,,,,,,,,,,,,,,,,,,,,
320-U1335A-20H-4-W 70/70,320,U1335,A,20,20-4,H,4,W,70/70,0,0,185.1,185.1,TDJ - ,NN4,early Miocene,M,A,,,,,,,F,,,,,,,,,,,,,,,,,,,,,,,,,,,,,,,,,,,,,,,,,,,,,,,,,,,,,,,,,,,,,,,,,,,,,,,,,,,,,,,,,,,,,,,,,,,,,,,,,,,,,,,,,,,,,,,,,,,,,,,,,,,,,,,,,,,,,,,,,,,,,,,,,,,,,,,,,,,
320-U1335A-20H-6-W 20/20,320,U1335,A,20,20-6,H,6,W,20/20,0,0,187.6,187.6,TDJ - ,NN4,early Miocene,M,A,,,,,,,F,,,,,,,,,,,,,,,,,,,,,,,,,,,,,,,,,,,,,,,,,,,,,,,,,,,,,,,,,,,,,,,,,,,,,,,,,,,,,,,,,,,,,,,,,,,,,,,,,,,,,,,,,,,,,,,,,,,,,,,,,,,,,,,,,,,,,,,,,,,,,,,,,,,,,,,,,,,
320-U1335A-20H-CC-PAL-NANNO,320,U1335,A,20,20-CC,H,CC,PAL,NANNO,0,0,189.87,189.87,"TDJ - no carinatus; belemnos, heteromorphus present",NN4,early Miocene,M,A,,,,,R,,R,C,A,,F,,,,,,,,,,,,,F,,,,,,,,,,,,,,,,,,,F,,R,,,,,,,,C,,,R,,,,,,,,,,,,,,,,,,,,,,,,,,,,,,R,,R,,,,,,,,,,,,,,,,,,,F,,,,,,R,,,,,C,,,F,F,,,,,,,,,,,,,,,,,,,,A,,,,,,,,,F,,,,,,,,,C,,
320-U1335A-21H-2-W 80/80,320,U1335,A,21,21-2,H,2,W,80/80,0,0,191.7,191.7,TDJ - ,NN4,early Miocene,M,A,,,,,R,,F,,,,,,,,,,,,,,,,,,,,,,,,,,,,,,,,,,,,,,,,,,,,,,,,,,,,,,,,,,,,,,,,,,,,,,,,,,,,,,,,,,,,,,,,,,,,,,,,,,,,,,,,,,,,,,,,,,,,,,,,,,,,,,,,,,,,,,,,,,,,,,,,,,,,,,,,,,,
320-U1335A-21H-4-W 80/80,320,U1335,A,21,21-4,H,4,W,80/80,0,0,194.7,194.7,TDJ - ,NN3,early Miocene,M,A,,,,,C,,F,,,,,,,,,,,,,,,,,,,,,,,,,,,,,,,,,,,,,,,,,,,,,,,,,,,,,,,,,,,,,,,,,,,,,,,,,,,,,,,,,,,,,,,,,,,,,,,,,,,,,,,,,,,,,,,,,,,,,,,,,,,,,,,,,,,,,,,,,,,,,,,,,,,,,,,,,,,
320-U1335A-21H-6-W 80/80,320,U1335,A,21,21-6,H,6,W,80/80,0,0,197.7,197.7,TDJ - ,NN2,early Miocene,M,A,,,,,C,R,,,,,,,,,,,,,,,,,,,,,,,,,,,,,,,,,,,,,,,,,,,,,,,,,,,,,,,,,,,,,,,,,,,,,,,,,,,,,,,,,,,,,,,,,,,,,,,,,,,,,,,,,,,,,,,,,,,,,,,,,,,,,,,,,,,,,,,,,,,,,,,,,,,,,,,,,,,,
320-U1335A-21H-CC-PAL-NANNO,320,U1335,A,21,21-CC,H,CC,PAL,NANNO,0,0,198.95,198.95,"TDJ - carinatus, belemnos present",NN2,early Miocene,M,A,,,,,C,F,,C,A,,C,,,,,,,,,,,,,F,,,,,,,,,,,,,,,,,,,,,R,,,,,,,,A,,,,,,,,,,,,,,,,,,,,,,,,,,,,,,,,,,,,,,,,,,,,,,,,,,,,,,F,,,,,,,,,,,,,,F,F,,,,,,,,,,,,,,,,,,,,C,,,,,,,,,F,,,,,,,,,F,,
320-U1335A-22H-CC-PAL-NANNO,320,U1335,A,22,22-CC,H,CC,PAL,NANNO,0,0,208.65,208.65,"TDJ - carinatus, belemnos present",NN2,early Miocene,M,A,,,R,,F,F,,C,A,,C,,,,,,,,,,,,,F,,,,,,,,,,,,,,,,,,,F,,R,,,,,,,,A,,R,,,,,,,,,,,,,,,,,,,,,,,,,,,,,,,,,,,,,,,,,,,,,,,,,,,,F,,,,,,,,,,,F,,,F,F,,,,,,,,,,,,,,,,,,,,A,,,,,,,,,,,,,,,,,,F,,
320-U1335A-23H-2-W 90/90-NANNO,320,U1335,A,23,23-2,H,2,W,90/90-NANNO,0,0,210.8,210.8,TDJ - ,NN2,early Miocene,M,A,,,,,,C,,,,,,,,,,,,,,,,,,,,,,,,,,,,,,,,,,,,,,,,,,,,,,,,,,,,,,,,,,,,,,,,,,,,,,,,,,,,,,,,,,,,,,,,,,,,,,,,,,,,,,,,,,,,,,,,,,,,,,,,,,,,,,,,,,,,,,,,,,,,,,,,,,,,,,,,,,,,
320-U1335A-23H-CC-PAL-NANNO,320,U1335,A,23,23-CC,H,CC,PAL,NANNO,0,0,218.11,218.11,"TDJ - no belemnos, top common Orthorhabdus",NN2,early Miocene,M,A,,,F,,,R,,C,C,,C,,,,,,,,,,,,,F,,,,,,,,,,,,,,,,,,,F,,,,,,,,,,C,,,,,,,,,,,,,,,,,,,,,,,,,,,,,,,,,,,R,,,,,,,,,,,,,,,,,,,,,,,F,,,,,,,A,C,,F,F,,,,,,,,,,,,,,,,,,,,A,,,,,,,,,,,F,,,,,,F,,,
320-U1335A-24H-CC-PAL-NANNO,320,U1335,A,24,24-CC,H,CC,PAL,NANNO,0,0,227.84,227.84,TDJ - ,NN2,early Miocene,M,A,,,R,,,F,,C,A,,F,,,,,,,,,,,,,,,,,,,,,,,,,,,,,,,,,,R,,,,,,,,C,,,,,,,,,,,,,,,,,,,,,,,,,,,,,,,,R,,,R,,,,,,,,,,,,,,,,,,,,,,,R,,,,,,R,,C,,,,,,,,,,,,,,,,,,,,,,,A,,,,,,,,,,,C,,,,,,F,,,
320-U1335A-25H-CC-PAL-NANNO,320,U1335,A,25,25-CC,H,CC,PAL,NANNO,0,0,236.85,236.85,TDJ - but no disbelemnos,NN2,early Miocene,M,A,,,,,,F,,C,A,,,,,,,,,,,,,,,,,,,,,,,,,,,,,,,,,,R,,,,,,,,,,C,,,,,,,,,,,,,,,,,,,,,,,,,,,,,,,,,R,,,,,,,,,,,,,,,,,,,,,F,,,,,,,,,,,,A,,,,,,,,,,,,,,,,,,,,,,,C,,,,,R,,,,,,F,,,,,,F,R,,
320-U1335A-26H-CC-PAL-NANNO,320,U1335,A,26,26-CC,H,CC,PAL,NANNO,0,0,246.78,246.78,TDJ - but no disbelemnos,NN2,early Miocene,M,A,,,,,,F,,C,A,,F,,,,,,,,,,,,,,,,,,,,,,,,,,,,,,,,R,,,,,,,,,,C,,,,,,,,,,,,,,,,,,,,,,,,,,,,,,,,,R,,R,,,,,,,,,,,,,,,,,,F,,,,,,,,,,,,C,C,,,,,,,,,,,,,,,,,,,,,,,A,,,,,,,,,,,R,,,,,,F,,,
320-U1335A-27H-CC-PAL-NANNO,320,U1335,A,27,27-CC,H,CC,PAL,NANNO,0,0,256.19,256.19,TDJ - but no disbelemnos,NN2,early Miocene,M,A,,,,,,F,,C,A,,F,,,,,,,,,,,,,,,,,,,,,,,,,,,,,,,,,,,,,,,,,,C,,,,,,,,,,,,,,,,,,,,,,,,,,,,,,,,,,,,,,,,,,,,,,,,,,,,,,,,,,,,,,,,R,D,,,,,,,,,,,,,,,,,,,,,,,,A,,,,,,,,,,,,,,,,,R,,,
320-U1335A-28H-CC-PAL-NANNO,320,U1335,A,28,28-CC,H,CC,PAL,NANNO,0,0,265.96,265.96,TDJ - disbelemnos present,NN2,early Miocene,M,A,,,F,,,F,,C,C,,F,,,,,,,,,,,,,,,,,,,,,,,,,,,,,,,,R,,,,,,,,,,,,R,,,,,,,,,,,,,,,,,,,,,,,,,,,,,,R,R,,,,,,,R,,,,,,,,,,,,,,R,,,,,,,,,,,,,,,,,,,,,,,,,,,,,,,R,,,,C,,,,,,,,,,,,,,,,,,,,
320-U1335A-29H-CC-PAL-NANNO,320,U1335,A,29,29-CC,H,CC,PAL,NANNO,0,0,275.56,275.56,PB - disbelemnos present,NN2,early Miocene,M,A,,,R,,,F,,C,A,,F,,,,,,,,,,,,,,,,,,,,,,,,,,,,,,,,R,,,,,,,,,,C,,,,,,,,,,,,,,,,,,,,,,,,,,,,,,,,,C,,,,,,,R,,,,,,,,,,,,,,F,,,,,R,,,,,,D,C,,,,,,,,,,,,,,,,,,,R,R,C,,,,,,,,,,,,,,,,,,,D,,,
320-U1335A-30H-CC-PAL-NANNO,320,U1335,A,30,30-CC,H,CC,PAL,NANNO,0,0,284.77,284.77,"PB - disbelemnos, druggii",NN2,early Miocene,M,A,,,R,,,F,,C,A,,C,,,,,,,,,,,,,,,,,,,,,,,,,,,,,,,,,,R,,,,,,,,C,,,,,,,,,,,,,R,,,,,,,,,,,,,,,,,,,R,R,,R,,,,,R,,,,,,,,,,,,,F,C,,,,R,R,,,,,,,,,,,,,,,,,,,,,,,,,,F,F,A,,C,,,,,,,,,,,R,,,,,,C,,,
320-U1335A-31H-CC-PAL-NANNO,320,U1335,A,31,31-CC,H,CC,PAL,NANNO,0,0,294.5,294.5,PB - disbelemnos present,NN2,early Miocene,M,A,,,F,,,R,,F,A,,C,,,,,,,,,,,,,,,,,,,,,,,,,,,,,,,,,,,,,,,,,,C,,,,,,,,,,,,,,,,,,,,,,,,,,,,,,,R,R,C,,,,,,,F,,,,,,,,,,,,,F,C,R,,,,,,,,,,A,,,,,,,,,,,,,,,,,,,,,,,,C,,,,,,,,,,,,,,,,,A,,,
320-U1335A-32H-CC-PAL-NANNO,320,U1335,A,32,32-CC,H,CC,PAL,NANNO,0,0,303.7,303.7,PB - disbelemnos present,NN2,early Miocene,M,A,,,R,,,C,,F,D,,C,,,,,,,,,,,,,,,,,,,,,,,,,,,,,,,,,,,,,,,,,,C,,,,,,,,,,,,,,,,,,,,,,,,,,,,,,,R,,F,,R,,,,,R,,,,R,,,,,,,,,,F,,,,,R,,,,,,A,,,,,,,,,,,,,,,,,,,,,,C,,C,,,,,,,,,C,,,,,,,,A,,,
320-U1335A-33H-3-PAL-NANNO,320,U1335,A,33,33-3,H,3,PAL,NANNO,0,0,307.89,307.89,PB - disbelemnos present,NN2,early Miocene,M,A,,,R,,,C,,C,D,,C,,,,,,,,,,,,,,,,,,,,,,,,,,,,,,,,,,,,,,,,,,F,,,,,,,,,,,,,,,,,,,,,,,,,,,,,,,,R,R,,F,,,,,,,,,,,,,,,,,,,,R,,,,R,,,,,,,,,,,,,,,,,,,,,,,,,,,,,,,,,,,,,,,C,,,,,,,,C,,,
320-U1335A-33H-CC-PAL-NANNO,320,U1335,A,33,33-CC,H,CC,PAL,NANNO,0,0,313.48,313.48,"PB - disbelemnos, comm carinatus",NN2,early Miocene,M,A,,,F,,,C,,F,A,,C,,,,,,,,,,,,,,,,,,,,,,,,,,,,,,,,,,,,,,,,,,C,,,,,,,,,,,,,,,,,,,,,,,,,,,,,,,,,F,,F,,,,,,,,,R,,,,,,,,,R,F,F,,,,R,,,,,,C,C,,,,,,,,,,,,,,,,,,,,,C,,C,,,R,,R,,,,F,,R,,,,,,A,,,
320-U1335A-34H-3-PAL-NANNO,320,U1335,A,34,34-3,H,3,PAL,NANNO,0,0,315.99,315.99,"PB - disbelemnos, comm carinatus",NN2,early Miocene,M,A,,,R,,,C,,C,D,,C,,,,,,,,,,,,,,,,,,,,,,,,,,,,,,,,,,,,,,,,,,F,,,,,,,,,,,,,,,,,,,,,,,,,,,,,,,,,,,,,,,,R,,,,R,,,,,,,,,C,,R,,,,,,,,,,,,,,,,,,,,,,,,,,,,,,,,,,,,,,,,,,,,,,,,,,,C,,,
320-U1335A-34H-CC-PAL-NANNO,320,U1335,A,34,34-CC,H,CC,PAL,NANNO,0,0,323.0,323.0,"PB - disbelemnos, comm carinatus",NN2,early Miocene,M,A,,,C,,,A,,C,D,,R,,,,,,,,,,,,,,,,,,,,,,,,,,,,,,,,,,,,,,,,,,F,,,,,,,,,,,,,,,,,,,,,,,,,,,,,,,,,,,,,,,,,,,,,,,,,,,,,F,F,,,,,,,,,,,,,,,,,,,,,,,,,,,,,,,,,,,,,,R,,,,,,,,,,,,,,C,R,,
320-U1335A-35H-CC-PAL-NANNO,320,U1335,A,35,35-CC,H,CC,PAL,NANNO,0,0,332.59,332.59,"PB - disbelemnos, comm carinatus",NN2,early Miocene,M,A,,,F,,,A,,C,D,,F,,,,,,,,,,,,,,,,,,,,,,,,,,,,,,,,,,,,,,,,,,,,,,,,,,,,,,,,,,,,,,,,,,,,,,,,,,,R,,R,,,,,,,,,R,,,,,,,,,C,C,F,,,,R,,,,,,,,,,,,,,,,,,,,,,,,,,,,,,,,,R,,,,,,,,,,,,,,D,,,
320-U1335A-36H-CC-PAL-NANNO,320,U1335,A,36,36-CC,H,CC,PAL,NANNO,0,0,341.8,341.8,"PB - disbelemnos, druggii",NN2,early Miocene,M,A,,,F,,,A,,A,A,,,,,,,,,,,,,,,,,,,,,,,,,,,,,,,,,,,,,,,,,,,,A,,,,,,,,,,,,,R,,,,,,,,,,,,,,,,,,,,,,R,,,,,,,,,R,,,,,,,,,C,F,R,,,,,,,,,,,,,,,,,,,,,,,,,,,,,,,,A,,C,,,,,,,,,,,,,,,,,,,,
320-U1335A-37X-2-W 90/90-NANNO,320,U1335,A,37,37-2,X,2,W,90/90-NANNO,0,0,343.8,343.8,"PB - no disbelmnos, druggii",NN2,early Miocene,M,A,,,,,,A,,C,A,,F,,,,,,,,,,,,,,,,,,,,,,,,,,,,,,,,,,,,,,,,,,C,,,,,,,,,,,,,R,,,,,,,,,,,,,,,,,,,,R,,,,,,,,,,,,,,,,,,,,F,F,R,,,,,,,,,,,,,,,,,,,,,,,,,,,,,,,,,,A,,,,,,,,,,,,,,,,,,,,
320-U1335A-37X-3-PAL-NANNO,320,U1335,A,37,37-3,X,3,PAL,NANNO,0,0,345.89,345.89,TDJ - ,NN1,early Miocene,M,A,,,,,,C,,C,C,,,,,,,,,,,,,,,,,,,,,,,,,,,,,,,,,,,,,,,,,,,,C,,,,,,,,,,,,,,,,,,,,,,,,,,,,,,,,,,,,,,,R,,,,,,,,,,,,,,,,,,,,,,,,,,,,,,,,,,,,,,,,,,,,,,,,,,,,,,,,,,,,,,,,,,,,,,
320-U1335A-37X-4-W 90/90-NANNO,320,U1335,A,37,37-4,X,4,W,90/90-NANNO,0,0,346.8,346.8,"TDJ - no delphix, no disbelemnos",NN1,early Miocene,M,A,,,,,,,,,,,,,,,,,,,,,,,,,,,,,,,,,,,,,,,,,,,,,,,,,,,,,,,,,,,,,,,,,,,,,,,,,,,,,,,,,,,,,,,,,,,,,,,,,,,,,,,,,,,,,,,,,,,,,,,,,,,,,,,,,,,,,,,,,,,,,,,,,,,,,,,,,,,,,,,,,,
320-U1335A-37X-5-W 90/90-NANNO,320,U1335,A,37,37-5,X,5,W,90/90-NANNO,0,0,348.3,348.3,"TDJ - no delphix, no disbelemnos",NN1,early Miocene,M,A,,,,,,,,,,,,,,,,,,,,,,,,,,,,,,,,,,,,,,,,,,,,,,,,,,,,,,,,,,,,,,,,,,,,,,,,,,,,,,,,,,,,,,,,,,,,,,,,,,,,,,,,,,,,,,,,,,,,,,,,,,,,,,,,,,,,,,,,,,,,,,,,,,,,,,,,,,,,,,,,,,
320-U1335A-37X-6-W 50/50-NANNO,320,U1335,A,37,37-6,X,6,W,50/50-NANNO,0,0,349.4,349.4,"TDJ - no delphix, no disbelemnos",NN1,late Oligocene,M,A,,,,,,,,,,,,,,,,,,,,,,,,,,,,,,,,,,,,,,,,,,,,,,,,,,,,,,,,,,,,,,,,,,,,,,,,,,,,,,,,,,,,,,,,,,,,,,,,,,,,,,,,,,,,,,,,,,,,,,,,,,,,,,,,,,,,,,,,,,,,,,,,,,,,,,,,,,,,,,,,,,
320-U1335A-37X-CC-PAL-NANNO,320,U1335,A,37,37-CC,X,CC,PAL,NANNO,0,0,350.01,350.01,PB/TDJ - delphix present,NN1,late Oligocene,M,A,,R,,,,A,,C,A,,F,,,,,,,,,,,,,,,,,,,,,,,,,,,,,,,,,,,,,,,,,R,,,,,,,,,,,,,,,,,,,,,,,,,,,,,,,,,,F,,,F,,,,,,,,R,,,,,,,,,C,,F,,,,,,,,,,,,,,,,,,,,,,,,,,,,,,C,,,,,,,R,C,,,,,,,R,,,,,,C,,,
